2026-09-11 19:11:25,ETD2,40.284851,32.486755,130.91,516.1,37000,-25.8
2026-09-11 19:11:25,THY6NH,40.220306,32.526855,304.52,423.6,38000,-26.0
2026-09-11 19:11:25,PGT50FT,40.120377,32.584656,,,,-22.8
2026-09-11 19:11:25,TKJ6683,40.069094,32.811043,,,,-24.5
2026-09-11 19:12:15,ETD2,40.284851,32.486755,130.91,516.1,37000,-25.8
2026-09-11 19:12:15,THY6NH,40.220306,32.526855,304.52,423.6,38000,-26.0
2026-09-11 19:12:15,PGT50FT,40.120377,32.584656,,,,-22.8
2026-09-11 19:12:15,TKJ6683,40.069094,32.811043,,,,-24.5
2026-09-11 19:12:45,ETD2,40.284851,32.486755,130.91,516.1,37000,-25.8
2026-09-11 19:12:45,THY6NH,40.220306,32.526855,304.52,423.6,38000,-26.0
2026-09-11 19:12:45,PGT50FT,40.120377,32.584656,,,,-22.8
2026-09-11 19:12:45,TKJ6683,40.069094,32.811043,,,,-24.5
2026-09-11 19:13:15,ETD2,40.284851,32.486755,130.91,516.1,37000,-25.8
2026-09-11 19:13:15,THY6NH,40.220306,32.526855,304.52,423.6,38000,-26.0
2026-09-11 19:13:15,PGT50FT,40.120377,32.584656,,,,-22.8
2026-09-11 19:13:15,TKJ6683,40.069094,32.811043,,,,-24.5
2026-09-11 19:13:45,ETD2,40.284851,32.486755,130.91,516.1,37000,-25.8
2026-09-11 19:13:45,THY6NH,40.220306,32.526855,304.52,423.6,38000,-26.0
2026-09-11 19:13:45,PGT50FT,40.120377,32.584656,,,,-22.8
2026-09-11 19:13:45,TKJ6683,40.069094,32.811043,,,,-24.5
2026-09-11 19:14:15,ETD2,40.284851,32.486755,130.91,516.1,37000,-25.8
2026-09-11 19:14:15,THY6NH,40.220306,32.526855,304.52,423.6,38000,-26.0
2026-09-11 19:14:15,PGT50FT,40.120377,32.584656,,,,-22.8
2026-09-11 19:14:15,TKJ6683,40.069094,32.811043,,,,-24.5
2026-09-11 19:14:45,ETD2,40.284851,32.486755,130.91,516.1,37000,-25.8
2026-09-11 19:14:45,THY6NH,40.220306,32.526855,304.52,423.6,38000,-26.0
2026-09-11 19:14:45,PGT50FT,40.120377,32.584656,,,,-22.8
2026-09-11 19:14:45,TKJ6683,40.069094,32.811043,,,,-24.5
2026-09-11 19:15:16,ETD2,40.284851,32.486755,130.91,516.1,37000,-25.8
2026-09-11 19:15:16,THY6NH,40.220306,32.526855,304.52,423.6,38000,-26.0
2026-09-11 19:15:16,PGT50FT,40.120377,32.584656,,,,-22.8
2026-09-11 19:15:16,TKJ6683,40.069094,32.811043,,,,-24.5
2026-09-11 19:15:46,ETD2,40.284851,32.486755,130.91,516.1,37000,-25.8
2026-09-11 19:15:46,THY6NH,40.220306,32.526855,304.52,423.6,38000,-26.0
2026-09-11 19:15:46,PGT50FT,40.120377,32.584656,,,,-22.8
2026-09-11 19:15:46,TKJ6683,40.069094,32.811043,,,,-24.5
2026-09-11 19:16:16,ETD2,40.284851,32.486755,130.91,516.1,37000,-25.8
2026-09-11 19:16:16,THY6NH,40.220306,32.526855,304.52,423.6,38000,-26.0
2026-09-11 19:16:16,PGT50FT,40.120377,32.584656,,,,-22.8
2026-09-11 19:16:16,TKJ6683,40.069094,32.811043,,,,-24.5
2026-09-11 19:16:46,ETD2,40.284851,32.486755,130.91,516.1,37000,-25.8
2026-09-11 19:16:46,THY6NH,40.220306,32.526855,304.52,423.6,38000,-26.0
2026-09-11 19:16:46,PGT50FT,40.120377,32.584656,,,,-22.8
2026-09-11 19:16:46,TKJ6683,40.069094,32.811043,,,,-24.5
2026-09-11 19:17:16,ETD2,40.284851,32.486755,130.91,516.1,37000,-25.8
2026-09-11 19:17:16,THY6NH,40.220306,32.526855,304.52,423.6,38000,-26.0
2026-09-11 19:17:16,PGT50FT,40.120377,32.584656,,,,-22.8
2026-09-11 19:17:16,TKJ6683,40.069094,32.811043,,,,-24.5
2026-09-11 19:17:46,ETD2,40.284851,32.486755,130.91,516.1,37000,-25.8
2026-09-11 19:17:46,THY6NH,40.220306,32.526855,304.52,423.6,38000,-26.0
2026-09-11 19:17:46,PGT50FT,40.120377,32.584656,,,,-22.8
2026-09-11 19:17:46,TKJ6683,40.069094,32.811043,,,,-24.5
2026-09-11 19:18:16,ETD2,40.284851,32.486755,130.91,516.1,37000,-25.8
2026-09-11 19:18:16,THY6NH,40.220306,32.526855,304.52,423.6,38000,-26.0
2026-09-11 19:18:16,PGT50FT,40.120377,32.584656,,,,-22.8
2026-09-11 19:18:16,TKJ6683,40.069094,32.811043,,,,-24.5
2026-09-11 19:18:46,ETD2,40.284851,32.486755,130.91,516.1,37000,-25.8
2026-09-11 19:18:46,THY6NH,40.220306,32.526855,304.52,423.6,38000,-26.0
2026-09-11 19:18:46,PGT50FT,40.120377,32.584656,,,,-22.8
2026-09-11 19:18:46,TKJ6683,40.069094,32.811043,,,,-24.5
2026-09-11 19:19:16,ETD2,40.284851,32.486755,130.91,516.1,37000,-25.8
2026-09-11 19:19:16,THY6NH,40.220306,32.526855,304.52,423.6,38000,-26.0
2026-09-11 19:19:16,PGT50FT,40.120377,32.584656,,,,-22.8
2026-09-11 19:19:16,TKJ6683,40.069094,32.811043,,,,-24.5
2026-09-11 19:19:46,ETD2,40.284851,32.486755,130.91,516.1,37000,-25.8
2026-09-11 19:19:46,THY6NH,40.220306,32.526855,304.52,423.6,38000,-26.0
2026-09-11 19:19:46,PGT50FT,40.120377,32.584656,,,,-22.8
2026-09-11 19:19:46,TKJ6683,40.069094,32.811043,,,,-24.5
2026-09-11 19:20:16,ETD2,40.284851,32.486755,130.91,516.1,37000,-25.8
2026-09-11 19:20:16,THY6NH,40.220306,32.526855,304.52,423.6,38000,-26.0
2026-09-11 19:20:16,PGT50FT,40.120377,32.584656,,,,-22.8
2026-09-11 19:20:16,TKJ6683,40.069094,32.811043,,,,-24.5
2026-09-11 19:20:46,ETD2,40.284851,32.486755,130.91,516.1,37000,-25.8
2026-09-11 19:20:46,THY6NH,40.220306,32.526855,304.52,423.6,38000,-26.0
2026-09-11 19:20:46,PGT50FT,40.120377,32.584656,,,,-22.8
2026-09-11 19:20:46,TKJ6683,40.069094,32.811043,,,,-24.5
2026-09-11 19:21:17,ETD2,40.284851,32.486755,130.91,516.1,37000,-25.8
2026-09-11 19:21:17,THY6NH,40.220306,32.526855,304.52,423.6,38000,-26.0
2026-09-11 19:21:17,PGT50FT,40.120377,32.584656,,,,-22.8
2026-09-11 19:21:17,TKJ6683,40.069094,32.811043,,,,-24.5
2026-09-11 19:21:47,ETD2,40.284851,32.486755,130.91,516.1,37000,-25.8
2026-09-11 19:21:47,THY6NH,40.220306,32.526855,304.52,423.6,38000,-26.0
2026-09-11 19:21:47,PGT50FT,40.120377,32.584656,,,,-22.8
2026-09-11 19:21:47,TKJ6683,40.069094,32.811043,,,,-24.5
2026-09-11 19:22:17,ETD2,40.284851,32.486755,130.91,516.1,37000,-25.8
2026-09-11 19:22:17,THY6NH,40.220306,32.526855,304.52,423.6,38000,-26.0
2026-09-11 19:22:17,PGT50FT,40.120377,32.584656,,,,-22.8
2026-09-11 19:22:17,TKJ6683,40.069094,32.811043,,,,-24.5
2026-09-11 19:22:47,ETD2,40.284851,32.486755,130.91,516.1,37000,-25.8
2026-09-11 19:22:47,THY6NH,40.220306,32.526855,304.52,423.6,38000,-26.0
2026-09-11 19:22:47,PGT50FT,40.120377,32.584656,,,,-22.8
2026-09-11 19:22:47,TKJ6683,40.069094,32.811043,,,,-24.5
2026-09-11 19:23:17,ETD2,40.284851,32.486755,130.91,516.1,37000,-25.8
2026-09-11 19:23:17,THY6NH,40.220306,32.526855,304.52,423.6,38000,-26.0
2026-09-11 19:23:17,PGT50FT,40.120377,32.584656,,,,-22.8
2026-09-11 19:23:17,TKJ6683,40.069094,32.811043,,,,-24.5
2026-09-11 19:23:47,ETD2,40.284851,32.486755,130.91,516.1,37000,-25.8
2026-09-11 19:23:47,THY6NH,40.220306,32.526855,304.52,423.6,38000,-26.0
2026-09-11 19:23:47,PGT50FT,40.120377,32.584656,,,,-22.8
2026-09-11 19:23:47,TKJ6683,40.069094,32.811043,,,,-24.5
2026-09-11 19:24:17,ETD2,40.284851,32.486755,130.91,516.1,37000,-25.8
2026-09-11 19:24:17,THY6NH,40.220306,32.526855,304.52,423.6,38000,-26.0
2026-09-11 19:24:17,PGT50FT,40.120377,32.584656,,,,-22.8
2026-09-11 19:24:17,TKJ6683,40.069094,32.811043,,,,-24.5
2026-09-11 19:24:47,ETD2,40.284851,32.486755,130.91,516.1,37000,-25.8
2026-09-11 19:24:47,THY6NH,40.220306,32.526855,304.52,423.6,38000,-26.0
2026-09-11 19:24:47,PGT50FT,40.120377,32.584656,,,,-22.8
2026-09-11 19:24:47,TKJ6683,40.069094,32.811043,,,,-24.5
2026-09-11 19:25:17,ETD2,40.284851,32.486755,130.91,516.1,37000,-25.8
2026-09-11 19:25:17,THY6NH,40.220306,32.526855,304.52,423.6,38000,-26.0
2026-09-11 19:25:17,PGT50FT,40.120377,32.584656,,,,-22.8
2026-09-11 19:25:17,TKJ6683,40.069094,32.811043,,,,-24.5
2026-09-11 19:25:47,ETD2,40.284851,32.486755,130.91,516.1,37000,-25.8
2026-09-11 19:25:47,THY6NH,40.220306,32.526855,304.52,423.6,38000,-26.0
2026-09-11 19:25:47,PGT50FT,40.120377,32.584656,,,,-22.8
2026-09-11 19:25:47,TKJ6683,40.069094,32.811043,,,,-24.5
2026-09-11 19:26:17,ETD2,40.284851,32.486755,130.91,516.1,37000,-25.8
2026-09-11 19:26:17,THY6NH,40.220306,32.526855,304.52,423.6,38000,-26.0
2026-09-11 19:26:17,PGT50FT,40.120377,32.584656,,,,-22.8
2026-09-11 19:26:17,TKJ6683,40.069094,32.811043,,,,-24.5
2026-09-11 19:26:47,ETD2,40.284851,32.486755,130.91,516.1,37000,-25.8
2026-09-11 19:26:47,THY6NH,40.220306,32.526855,304.52,423.6,38000,-26.0
2026-09-11 19:26:47,PGT50FT,40.120377,32.584656,,,,-22.8
2026-09-11 19:26:47,TKJ6683,40.069094,32.811043,,,,-24.5
2026-09-11 19:27:18,ETD2,40.284851,32.486755,130.91,516.1,37000,-25.8
2026-09-11 19:27:18,THY6NH,40.220306,32.526855,304.52,423.6,38000,-26.0
2026-09-11 19:27:18,PGT50FT,40.120377,32.584656,,,,-22.8
2026-09-11 19:27:18,TKJ6683,40.069094,32.811043,,,,-24.5
2026-09-11 19:27:48,ETD2,40.284851,32.486755,130.91,516.1,37000,-25.8
2026-09-11 19:27:48,THY6NH,40.220306,32.526855,304.52,423.6,38000,-26.0
2026-09-11 19:27:48,PGT50FT,40.120377,32.584656,,,,-22.8
2026-09-11 19:27:48,TKJ6683,40.069094,32.811043,,,,-24.5
2026-09-11 19:28:18,ETD2,40.284851,32.486755,130.91,516.1,37000,-25.8
2026-09-11 19:28:18,THY6NH,40.220306,32.526855,304.52,423.6,38000,-26.0
2026-09-11 19:28:18,PGT50FT,40.120377,32.584656,,,,-22.8
2026-09-11 19:28:18,TKJ6683,40.069094,32.811043,,,,-24.5
2026-09-11 19:28:48,ETD2,40.284851,32.486755,130.91,516.1,37000,-25.8
2026-09-11 19:28:48,THY6NH,40.220306,32.526855,304.52,423.6,38000,-26.0
2026-09-11 19:28:48,PGT50FT,40.120377,32.584656,,,,-22.8
2026-09-11 19:28:48,TKJ6683,40.069094,32.811043,,,,-24.5
2026-09-11 19:29:18,ETD2,40.284851,32.486755,130.91,516.1,37000,-25.8
2026-09-11 19:29:18,THY6NH,40.220306,32.526855,304.52,423.6,38000,-26.0
2026-09-11 19:29:18,PGT50FT,40.120377,32.584656,,,,-22.8
2026-09-11 19:29:18,TKJ6683,40.069094,32.811043,,,,-24.5
2026-09-11 19:29:48,ETD2,40.284851,32.486755,130.91,516.1,37000,-25.8
2026-09-11 19:29:48,THY6NH,40.220306,32.526855,304.52,423.6,38000,-26.0
2026-09-11 19:29:48,PGT50FT,40.120377,32.584656,,,,-22.8
2026-09-11 19:29:48,TKJ6683,40.069094,32.811043,,,,-24.5
2026-09-11 19:30:18,ETD2,40.284851,32.486755,130.91,516.1,37000,-25.8
2026-09-11 19:30:18,THY6NH,40.220306,32.526855,304.52,423.6,38000,-26.0
2026-09-11 19:30:18,PGT50FT,40.120377,32.584656,,,,-22.8
2026-09-11 19:30:18,TKJ6683,40.069094,32.811043,,,,-24.5
2026-09-11 19:30:48,ETD2,40.284851,32.486755,130.91,516.1,37000,-25.8
2026-09-11 19:30:48,THY6NH,40.220306,32.526855,304.52,423.6,38000,-26.0
2026-09-11 19:30:48,PGT50FT,40.120377,32.584656,,,,-22.8
2026-09-11 19:30:48,TKJ6683,40.069094,32.811043,,,,-24.5
2026-09-11 19:31:18,ETD2,40.284851,32.486755,130.91,516.1,37000,-25.8
2026-09-11 19:31:18,THY6NH,40.220306,32.526855,304.52,423.6,38000,-26.0
2026-09-11 19:31:18,PGT50FT,40.120377,32.584656,,,,-22.8
2026-09-11 19:31:18,TKJ6683,40.069094,32.811043,,,,-24.5
2026-09-11 19:31:48,ETD2,40.284851,32.486755,130.91,516.1,37000,-25.8
2026-09-11 19:31:48,THY6NH,40.220306,32.526855,304.52,423.6,38000,-26.0
2026-09-11 19:31:48,PGT50FT,40.120377,32.584656,,,,-22.8
2026-09-11 19:31:48,TKJ6683,40.069094,32.811043,,,,-24.5
2026-09-11 19:32:18,ETD2,40.284851,32.486755,130.91,516.1,37000,-25.8
2026-09-11 19:32:18,THY6NH,40.220306,32.526855,304.52,423.6,38000,-26.0
2026-09-11 19:32:18,PGT50FT,40.120377,32.584656,,,,-22.8
2026-09-11 19:32:18,TKJ6683,40.069094,32.811043,,,,-24.5
2026-09-11 19:32:48,ETD2,40.284851,32.486755,130.91,516.1,37000,-25.8
2026-09-11 19:32:48,THY6NH,40.220306,32.526855,304.52,423.6,38000,-26.0
2026-09-11 19:32:48,PGT50FT,40.120377,32.584656,,,,-22.8
2026-09-11 19:32:48,TKJ6683,40.069094,32.811043,,,,-24.5
2026-09-11 19:33:19,ETD2,40.284851,32.486755,130.91,516.1,37000,-25.8
2026-09-11 19:33:19,THY6NH,40.220306,32.526855,304.52,423.6,38000,-26.0
2026-09-11 19:33:19,PGT50FT,40.120377,32.584656,,,,-22.8
2026-09-11 19:33:19,TKJ6683,40.069094,32.811043,,,,-24.5
2026-09-11 19:33:49,ETD2,40.284851,32.486755,130.91,516.1,37000,-25.8
2026-09-11 19:33:49,THY6NH,40.220306,32.526855,304.52,423.6,38000,-26.0
2026-09-11 19:33:49,PGT50FT,40.120377,32.584656,,,,-22.8
2026-09-11 19:33:49,TKJ6683,40.069094,32.811043,,,,-24.5
2026-09-11 19:34:19,ETD2,40.284851,32.486755,130.91,516.1,37000,-25.8
2026-09-11 19:34:19,THY6NH,40.220306,32.526855,304.52,423.6,38000,-26.0
2026-09-11 19:34:19,PGT50FT,40.120377,32.584656,,,,-22.8
2026-09-11 19:34:19,TKJ6683,40.069094,32.811043,,,,-24.5
2026-09-11 19:34:49,ETD2,40.284851,32.486755,130.91,516.1,37000,-25.8
2026-09-11 19:34:49,THY6NH,40.220306,32.526855,304.52,423.6,38000,-26.0
2026-09-11 19:34:49,PGT50FT,40.120377,32.584656,,,,-22.8
2026-09-11 19:34:49,TKJ6683,40.069094,32.811043,,,,-24.5
2026-09-11 19:35:19,ETD2,40.284851,32.486755,130.91,516.1,37000,-25.8
2026-09-11 19:35:19,THY6NH,40.220306,32.526855,304.52,423.6,38000,-26.0
2026-09-11 19:35:19,PGT50FT,40.120377,32.584656,,,,-22.8
2026-09-11 19:35:19,TKJ6683,40.069094,32.811043,,,,-24.5
2026-09-11 19:35:49,ETD2,40.284851,32.486755,130.91,516.1,37000,-25.8
2026-09-11 19:35:49,THY6NH,40.220306,32.526855,304.52,423.6,38000,-26.0
2026-09-11 19:35:49,PGT50FT,40.120377,32.584656,,,,-22.8
2026-09-11 19:35:49,TKJ6683,40.069094,32.811043,,,,-24.5
2026-09-11 19:36:19,ETD2,40.284851,32.486755,130.91,516.1,37000,-25.8
2026-09-11 19:36:19,THY6NH,40.220306,32.526855,304.52,423.6,38000,-26.0
2026-09-11 19:36:19,PGT50FT,40.120377,32.584656,,,,-22.8
2026-09-11 19:36:19,TKJ6683,40.069094,32.811043,,,,-24.5
2026-09-11 19:36:49,ETD2,40.284851,32.486755,130.91,516.1,37000,-25.8
2026-09-11 19:36:49,THY6NH,40.220306,32.526855,304.52,423.6,38000,-26.0
2026-09-11 19:36:49,PGT50FT,40.120377,32.584656,,,,-22.8
2026-09-11 19:36:49,TKJ6683,40.069094,32.811043,,,,-24.5
2026-09-11 19:37:19,ETD2,40.284851,32.486755,130.91,516.1,37000,-25.8
2026-09-11 19:37:19,THY6NH,40.220306,32.526855,304.52,423.6,38000,-26.0
2026-09-11 19:37:19,PGT50FT,40.120377,32.584656,,,,-22.8
2026-09-11 19:37:19,TKJ6683,40.069094,32.811043,,,,-24.5
2026-09-11 19:37:49,ETD2,40.284851,32.486755,130.91,516.1,37000,-25.8
2026-09-11 19:37:49,THY6NH,40.220306,32.526855,304.52,423.6,38000,-26.0
2026-09-11 19:37:49,PGT50FT,40.120377,32.584656,,,,-22.8
2026-09-11 19:37:49,TKJ6683,40.069094,32.811043,,,,-24.5
2026-09-11 19:38:19,ETD2,40.284851,32.486755,130.91,516.1,37000,-25.8
2026-09-11 19:38:19,THY6NH,40.220306,32.526855,304.52,423.6,38000,-26.0
2026-09-11 19:38:19,PGT50FT,40.120377,32.584656,,,,-22.8
2026-09-11 19:38:19,TKJ6683,40.069094,32.811043,,,,-24.5
2026-09-11 19:38:49,ETD2,40.284851,32.486755,130.91,516.1,37000,-25.8
2026-09-11 19:38:49,THY6NH,40.220306,32.526855,304.52,423.6,38000,-26.0
2026-09-11 19:38:49,PGT50FT,40.120377,32.584656,,,,-22.8
2026-09-11 19:38:49,TKJ6683,40.069094,32.811043,,,,-24.5
2026-09-11 19:39:20,ETD2,40.284851,32.486755,130.91,516.1,37000,-25.8
2026-09-11 19:39:20,THY6NH,40.220306,32.526855,304.52,423.6,38000,-26.0
2026-09-11 19:39:20,PGT50FT,40.120377,32.584656,,,,-22.8
2026-09-11 19:39:20,TKJ6683,40.069094,32.811043,,,,-24.5
2026-09-11 19:39:50,ETD2,40.284851,32.486755,130.91,516.1,37000,-25.8
2026-09-11 19:39:50,THY6NH,40.220306,32.526855,304.52,423.6,38000,-26.0
2026-09-11 19:39:50,PGT50FT,40.120377,32.584656,,,,-22.8
2026-09-11 19:39:50,TKJ6683,40.069094,32.811043,,,,-24.5
2026-09-11 19:40:20,ETD2,40.284851,32.486755,130.91,516.1,37000,-25.8
2026-09-11 19:40:20,THY6NH,40.220306,32.526855,304.52,423.6,38000,-26.0
2026-09-11 19:40:20,PGT50FT,40.120377,32.584656,,,,-22.8
2026-09-11 19:40:20,TKJ6683,40.069094,32.811043,,,,-24.5
2026-09-11 19:40:50,ETD2,40.284851,32.486755,130.91,516.1,37000,-25.8
2026-09-11 19:40:50,THY6NH,40.220306,32.526855,304.52,423.6,38000,-26.0
2026-09-11 19:40:50,PGT50FT,40.120377,32.584656,,,,-22.8
2026-09-11 19:40:50,TKJ6683,40.069094,32.811043,,,,-24.5
2026-09-11 19:41:20,ETD2,40.284851,32.486755,130.91,516.1,37000,-25.8
2026-09-11 19:41:20,THY6NH,40.220306,32.526855,304.52,423.6,38000,-26.0
2026-09-11 19:41:20,PGT50FT,40.120377,32.584656,,,,-22.8
2026-09-11 19:41:20,TKJ6683,40.069094,32.811043,,,,-24.5
2026-09-11 19:41:50,ETD2,40.284851,32.486755,130.91,516.1,37000,-25.8
2026-09-11 19:41:50,THY6NH,40.220306,32.526855,304.52,423.6,38000,-26.0
2026-09-11 19:41:50,PGT50FT,40.120377,32.584656,,,,-22.8
2026-09-11 19:41:50,TKJ6683,40.069094,32.811043,,,,-24.5
2026-09-11 19:42:20,ETD2,40.284851,32.486755,130.91,516.1,37000,-25.8
2026-09-11 19:42:20,THY6NH,40.220306,32.526855,304.52,423.6,38000,-26.0
2026-09-11 19:42:20,PGT50FT,40.120377,32.584656,,,,-22.8
2026-09-11 19:42:20,TKJ6683,40.069094,32.811043,,,,-24.5
2026-09-11 19:42:50,ETD2,40.284851,32.486755,130.91,516.1,37000,-25.8
2026-09-11 19:42:50,THY6NH,40.220306,32.526855,304.52,423.6,38000,-26.0
2026-09-11 19:42:50,PGT50FT,40.120377,32.584656,,,,-22.8
2026-09-11 19:42:50,TKJ6683,40.069094,32.811043,,,,-24.5
2026-09-11 19:43:20,ETD2,40.284851,32.486755,130.91,516.1,37000,-25.8
2026-09-11 19:43:20,THY6NH,40.220306,32.526855,304.52,423.6,38000,-26.0
2026-09-11 19:43:20,PGT50FT,40.120377,32.584656,,,,-22.8
2026-09-11 19:43:20,TKJ6683,40.069094,32.811043,,,,-24.5
2026-09-11 19:43:50,ETD2,40.284851,32.486755,130.91,516.1,37000,-25.8
2026-09-11 19:43:50,THY6NH,40.220306,32.526855,304.52,423.6,38000,-26.0
2026-09-11 19:43:50,PGT50FT,40.120377,32.584656,,,,-22.8
2026-09-11 19:43:50,TKJ6683,40.069094,32.811043,,,,-24.5
2026-09-11 19:44:20,ETD2,40.284851,32.486755,130.91,516.1,37000,-25.8
2026-09-11 19:44:20,THY6NH,40.220306,32.526855,304.52,423.6,38000,-26.0
2026-09-11 19:44:20,PGT50FT,40.120377,32.584656,,,,-22.8
2026-09-11 19:44:20,TKJ6683,40.069094,32.811043,,,,-24.5
2026-09-11 19:44:50,ETD2,40.284851,32.486755,130.91,516.1,37000,-25.8
2026-09-11 19:44:50,THY6NH,40.220306,32.526855,304.52,423.6,38000,-26.0
2026-09-11 19:44:50,PGT50FT,40.120377,32.584656,,,,-22.8
2026-09-11 19:44:50,TKJ6683,40.069094,32.811043,,,,-24.5
2026-09-11 19:45:21,ETD2,40.284851,32.486755,130.91,516.1,37000,-25.8
2026-09-11 19:45:21,THY6NH,40.220306,32.526855,304.52,423.6,38000,-26.0
2026-09-11 19:45:21,PGT50FT,40.120377,32.584656,,,,-22.8
2026-09-11 19:45:21,TKJ6683,40.069094,32.811043,,,,-24.5
2026-09-11 19:45:51,ETD2,40.284851,32.486755,130.91,516.1,37000,-25.8
2026-09-11 19:45:51,THY6NH,40.220306,32.526855,304.52,423.6,38000,-26.0
2026-09-11 19:45:51,PGT50FT,40.120377,32.584656,,,,-22.8
2026-09-11 19:45:51,TKJ6683,40.069094,32.811043,,,,-24.5
2026-09-11 19:46:21,ETD2,40.284851,32.486755,130.91,516.1,37000,-25.8
2026-09-11 19:46:21,THY6NH,40.220306,32.526855,304.52,423.6,38000,-26.0
2026-09-11 19:46:21,PGT50FT,40.120377,32.584656,,,,-22.8
2026-09-11 19:46:21,TKJ6683,40.069094,32.811043,,,,-24.5
2026-09-11 19:46:51,ETD2,40.284851,32.486755,130.91,516.1,37000,-25.8
2026-09-11 19:46:51,THY6NH,40.220306,32.526855,304.52,423.6,38000,-26.0
2026-09-11 19:46:51,PGT50FT,40.120377,32.584656,,,,-22.8
2026-09-11 19:46:51,TKJ6683,40.069094,32.811043,,,,-24.5
2026-09-11 19:47:21,ETD2,40.284851,32.486755,130.91,516.1,37000,-25.8
2026-09-11 19:47:21,THY6NH,40.220306,32.526855,304.52,423.6,38000,-26.0
2026-09-11 19:47:21,PGT50FT,40.120377,32.584656,,,,-22.8
2026-09-11 19:47:21,TKJ6683,40.069094,32.811043,,,,-24.5
2026-09-11 19:47:51,ETD2,40.284851,32.486755,130.91,516.1,37000,-25.8
2026-09-11 19:47:51,THY6NH,40.220306,32.526855,304.52,423.6,38000,-26.0
2026-09-11 19:47:51,PGT50FT,40.120377,32.584656,,,,-22.8
2026-09-11 19:47:51,TKJ6683,40.069094,32.811043,,,,-24.5
2026-09-11 19:48:21,ETD2,40.284851,32.486755,130.91,516.1,37000,-25.8
2026-09-11 19:48:21,THY6NH,40.220306,32.526855,304.52,423.6,38000,-26.0
2026-09-11 19:48:21,PGT50FT,40.120377,32.584656,,,,-22.8
2026-09-11 19:48:21,TKJ6683,40.069094,32.811043,,,,-24.5
2026-09-11 19:48:51,ETD2,40.284851,32.486755,130.91,516.1,37000,-25.8
2026-09-11 19:48:51,THY6NH,40.220306,32.526855,304.52,423.6,38000,-26.0
2026-09-11 19:48:51,PGT50FT,40.120377,32.584656,,,,-22.8
2026-09-11 19:48:51,TKJ6683,40.069094,32.811043,,,,-24.5
2026-09-11 19:49:21,ETD2,40.284851,32.486755,130.91,516.1,37000,-25.8
2026-09-11 19:49:21,THY6NH,40.220306,32.526855,304.52,423.6,38000,-26.0
2026-09-11 19:49:21,PGT50FT,40.120377,32.584656,,,,-22.8
2026-09-11 19:49:21,TKJ6683,40.069094,32.811043,,,,-24.5
2026-09-11 19:49:51,ETD2,40.284851,32.486755,130.91,516.1,37000,-25.8
2026-09-11 19:49:51,THY6NH,40.220306,32.526855,304.52,423.6,38000,-26.0
2026-09-11 19:49:51,PGT50FT,40.120377,32.584656,,,,-22.8
2026-09-11 19:49:51,TKJ6683,40.069094,32.811043,,,,-24.5
2026-09-11 19:50:21,ETD2,40.284851,32.486755,130.91,516.1,37000,-25.8
2026-09-11 19:50:21,THY6NH,40.220306,32.526855,304.52,423.6,38000,-26.0
2026-09-11 19:50:21,PGT50FT,40.120377,32.584656,,,,-22.8
2026-09-11 19:50:21,TKJ6683,40.069094,32.811043,,,,-24.5
2026-09-11 19:50:51,ETD2,40.284851,32.486755,130.91,516.1,37000,-25.8
2026-09-11 19:50:51,THY6NH,40.220306,32.526855,304.52,423.6,38000,-26.0
2026-09-11 19:50:51,PGT50FT,40.120377,32.584656,,,,-22.8
2026-09-11 19:50:51,TKJ6683,40.069094,32.811043,,,,-24.5
2026-09-11 19:51:21,ETD2,40.284851,32.486755,130.91,516.1,37000,-25.8
2026-09-11 19:51:21,THY6NH,40.220306,32.526855,304.52,423.6,38000,-26.0
2026-09-11 19:51:21,PGT50FT,40.120377,32.584656,,,,-22.8
2026-09-11 19:51:21,TKJ6683,40.069094,32.811043,,,,-24.5
2026-09-11 19:51:52,ETD2,40.284851,32.486755,130.91,516.1,37000,-25.8
2026-09-11 19:51:52,THY6NH,40.220306,32.526855,304.52,423.6,38000,-26.0
2026-09-11 19:51:52,PGT50FT,40.120377,32.584656,,,,-22.8
2026-09-11 19:51:52,TKJ6683,40.069094,32.811043,,,,-24.5
2026-09-11 19:52:22,ETD2,40.284851,32.486755,130.91,516.1,37000,-25.8
2026-09-11 19:52:22,THY6NH,40.220306,32.526855,304.52,423.6,38000,-26.0
2026-09-11 19:52:22,PGT50FT,40.120377,32.584656,,,,-22.8
2026-09-11 19:52:22,TKJ6683,40.069094,32.811043,,,,-24.5
2026-09-11 19:52:52,ETD2,40.284851,32.486755,130.91,516.1,37000,-25.8
2026-09-11 19:52:52,THY6NH,40.220306,32.526855,304.52,423.6,38000,-26.0
2026-09-11 19:52:52,PGT50FT,40.120377,32.584656,,,,-22.8
2026-09-11 19:52:52,TKJ6683,40.069094,32.811043,,,,-24.5
2026-09-11 19:53:22,ETD2,40.284851,32.486755,130.91,516.1,37000,-25.8
2026-09-11 19:53:22,THY6NH,40.220306,32.526855,304.52,423.6,38000,-26.0
2026-09-11 19:53:22,PGT50FT,40.120377,32.584656,,,,-22.8
2026-09-11 19:53:22,TKJ6683,40.069094,32.811043,,,,-24.5
2026-09-11 19:53:52,ETD2,40.284851,32.486755,130.91,516.1,37000,-25.8
2026-09-11 19:53:52,THY6NH,40.220306,32.526855,304.52,423.6,38000,-26.0
2026-09-11 19:53:52,PGT50FT,40.120377,32.584656,,,,-22.8
2026-09-11 19:53:52,TKJ6683,40.069094,32.811043,,,,-24.5
2026-09-11 19:54:22,ETD2,40.284851,32.486755,130.91,516.1,37000,-25.8
2026-09-11 19:54:22,THY6NH,40.220306,32.526855,304.52,423.6,38000,-26.0
2026-09-11 19:54:22,PGT50FT,40.120377,32.584656,,,,-22.8
2026-09-11 19:54:22,TKJ6683,40.069094,32.811043,,,,-24.5
2026-09-11 19:54:52,ETD2,40.284851,32.486755,130.91,516.1,37000,-25.8
2026-09-11 19:54:52,THY6NH,40.220306,32.526855,304.52,423.6,38000,-26.0
2026-09-11 19:54:52,PGT50FT,40.120377,32.584656,,,,-22.8
2026-09-11 19:54:52,TKJ6683,40.069094,32.811043,,,,-24.5
2026-09-11 19:55:22,ETD2,40.284851,32.486755,130.91,516.1,37000,-25.8
2026-09-11 19:55:22,THY6NH,40.220306,32.526855,304.52,423.6,38000,-26.0
2026-09-11 19:55:22,PGT50FT,40.120377,32.584656,,,,-22.8
2026-09-11 19:55:22,TKJ6683,40.069094,32.811043,,,,-24.5
2026-09-11 19:55:52,ETD2,40.284851,32.486755,130.91,516.1,37000,-25.8
2026-09-11 19:55:52,THY6NH,40.220306,32.526855,304.52,423.6,38000,-26.0
2026-09-11 19:55:52,PGT50FT,40.120377,32.584656,,,,-22.8
2026-09-11 19:55:52,TKJ6683,40.069094,32.811043,,,,-24.5
2026-09-11 19:56:22,ETD2,40.284851,32.486755,130.91,516.1,37000,-25.8
2026-09-11 19:56:22,THY6NH,40.220306,32.526855,304.52,423.6,38000,-26.0
2026-09-11 19:56:22,PGT50FT,40.120377,32.584656,,,,-22.8
2026-09-11 19:56:22,TKJ6683,40.069094,32.811043,,,,-24.5
2026-09-11 19:56:52,ETD2,40.284851,32.486755,130.91,516.1,37000,-25.8
2026-09-11 19:56:52,THY6NH,40.220306,32.526855,304.52,423.6,38000,-26.0
2026-09-11 19:56:52,PGT50FT,40.120377,32.584656,,,,-22.8
2026-09-11 19:56:52,TKJ6683,40.069094,32.811043,,,,-24.5
2026-09-11 19:57:22,ETD2,40.284851,32.486755,130.91,516.1,37000,-25.8
2026-09-11 19:57:22,THY6NH,40.220306,32.526855,304.52,423.6,38000,-26.0
2026-09-11 19:57:22,PGT50FT,40.120377,32.584656,,,,-22.8
2026-09-11 19:57:22,TKJ6683,40.069094,32.811043,,,,-24.5
2026-09-11 19:57:53,ETD2,40.284851,32.486755,130.91,516.1,37000,-25.8
2026-09-11 19:57:53,THY6NH,40.220306,32.526855,304.52,423.6,38000,-26.0
2026-09-11 19:57:53,PGT50FT,40.120377,32.584656,,,,-22.8
2026-09-11 19:57:53,TKJ6683,40.069094,32.811043,,,,-24.5
2026-09-11 19:58:23,ETD2,40.284851,32.486755,130.91,516.1,37000,-25.8
2026-09-11 19:58:23,THY6NH,40.220306,32.526855,304.52,423.6,38000,-26.0
2026-09-11 19:58:23,PGT50FT,40.120377,32.584656,,,,-22.8
2026-09-11 19:58:23,TKJ6683,40.069094,32.811043,,,,-24.5
2026-09-11 19:58:53,ETD2,40.284851,32.486755,130.91,516.1,37000,-25.8
2026-09-11 19:58:53,THY6NH,40.220306,32.526855,304.52,423.6,38000,-26.0
2026-09-11 19:58:53,PGT50FT,40.120377,32.584656,,,,-22.8
2026-09-11 19:58:53,TKJ6683,40.069094,32.811043,,,,-24.5
2026-09-11 19:59:23,ETD2,40.284851,32.486755,130.91,516.1,37000,-25.8
2026-09-11 19:59:23,THY6NH,40.220306,32.526855,304.52,423.6,38000,-26.0
2026-09-11 19:59:23,PGT50FT,40.120377,32.584656,,,,-22.8
2026-09-11 19:59:23,TKJ6683,40.069094,32.811043,,,,-24.5
2026-09-11 19:59:53,ETD2,40.284851,32.486755,130.91,516.1,37000,-25.8
2026-09-11 19:59:53,THY6NH,40.220306,32.526855,304.52,423.6,38000,-26.0
2026-09-11 19:59:53,PGT50FT,40.120377,32.584656,,,,-22.8
2026-09-11 19:59:53,TKJ6683,40.069094,32.811043,,,,-24.5
2026-09-11 20:00:23,ETD2,40.284851,32.486755,130.91,516.1,37000,-25.8
2026-09-11 20:00:23,THY6NH,40.220306,32.526855,304.52,423.6,38000,-26.0
2026-09-11 20:00:23,PGT50FT,40.120377,32.584656,,,,-22.8
2026-09-11 20:00:23,TKJ6683,40.069094,32.811043,,,,-24.5
2026-09-11 20:00:53,ETD2,40.284851,32.486755,130.91,516.1,37000,-25.8
2026-09-11 20:00:53,THY6NH,40.220306,32.526855,304.52,423.6,38000,-26.0
2026-09-11 20:00:53,PGT50FT,40.120377,32.584656,,,,-22.8
2026-09-11 20:00:53,TKJ6683,40.069094,32.811043,,,,-24.5
2026-09-11 20:01:23,ETD2,40.284851,32.486755,130.91,516.1,37000,-25.8
2026-09-11 20:01:23,THY6NH,40.220306,32.526855,304.52,423.6,38000,-26.0
2026-09-11 20:01:23,PGT50FT,40.120377,32.584656,,,,-22.8
2026-09-11 20:01:23,TKJ6683,40.069094,32.811043,,,,-24.5
2026-09-11 20:01:53,ETD2,40.284851,32.486755,130.91,516.1,37000,-25.8
2026-09-11 20:01:53,THY6NH,40.220306,32.526855,304.52,423.6,38000,-26.0
2026-09-11 20:01:53,PGT50FT,40.120377,32.584656,,,,-22.8
2026-09-11 20:01:53,TKJ6683,40.069094,32.811043,,,,-24.5
2026-09-11 20:02:23,ETD2,40.284851,32.486755,130.91,516.1,37000,-25.8
2026-09-11 20:02:23,THY6NH,40.220306,32.526855,304.52,423.6,38000,-26.0
2026-09-11 20:02:23,PGT50FT,40.120377,32.584656,,,,-22.8
2026-09-11 20:02:23,TKJ6683,40.069094,32.811043,,,,-24.5
2026-09-11 20:02:53,ETD2,40.284851,32.486755,130.91,516.1,37000,-25.8
2026-09-11 20:02:53,THY6NH,40.220306,32.526855,304.52,423.6,38000,-26.0
2026-09-11 20:02:53,PGT50FT,40.120377,32.584656,,,,-22.8
2026-09-11 20:02:53,TKJ6683,40.069094,32.811043,,,,-24.5
2026-09-11 20:03:23,ETD2,40.284851,32.486755,130.91,516.1,37000,-25.8
2026-09-11 20:03:23,THY6NH,40.220306,32.526855,304.52,423.6,38000,-26.0
2026-09-11 20:03:23,PGT50FT,40.120377,32.584656,,,,-22.8
2026-09-11 20:03:23,TKJ6683,40.069094,32.811043,,,,-24.5
2026-09-11 20:03:54,ETD2,40.284851,32.486755,130.91,516.1,37000,-25.8
2026-09-11 20:03:54,THY6NH,40.220306,32.526855,304.52,423.6,38000,-26.0
2026-09-11 20:03:54,PGT50FT,40.120377,32.584656,,,,-22.8
2026-09-11 20:03:54,TKJ6683,40.069094,32.811043,,,,-24.5
2026-09-11 20:04:24,ETD2,40.284851,32.486755,130.91,516.1,37000,-25.8
2026-09-11 20:04:24,THY6NH,40.220306,32.526855,304.52,423.6,38000,-26.0
2026-09-11 20:04:24,PGT50FT,40.120377,32.584656,,,,-22.8
2026-09-11 20:04:24,TKJ6683,40.069094,32.811043,,,,-24.5
2026-09-11 20:04:54,ETD2,40.284851,32.486755,130.91,516.1,37000,-25.8
2026-09-11 20:04:54,THY6NH,40.220306,32.526855,304.52,423.6,38000,-26.0
2026-09-11 20:04:54,PGT50FT,40.120377,32.584656,,,,-22.8
2026-09-11 20:04:54,TKJ6683,40.069094,32.811043,,,,-24.5
2026-09-11 20:05:24,ETD2,40.284851,32.486755,130.91,516.1,37000,-25.8
2026-09-11 20:05:24,THY6NH,40.220306,32.526855,304.52,423.6,38000,-26.0
2026-09-11 20:05:24,PGT50FT,40.120377,32.584656,,,,-22.8
2026-09-11 20:05:24,TKJ6683,40.069094,32.811043,,,,-24.5
2026-09-11 20:05:54,ETD2,40.284851,32.486755,130.91,516.1,37000,-25.8
2026-09-11 20:05:54,THY6NH,40.220306,32.526855,304.52,423.6,38000,-26.0
2026-09-11 20:05:54,PGT50FT,40.120377,32.584656,,,,-22.8
2026-09-11 20:05:54,TKJ6683,40.069094,32.811043,,,,-24.5
2026-09-11 20:06:24,ETD2,40.284851,32.486755,130.91,516.1,37000,-25.8
2026-09-11 20:06:24,THY6NH,40.220306,32.526855,304.52,423.6,38000,-26.0
2026-09-11 20:06:24,PGT50FT,40.120377,32.584656,,,,-22.8
2026-09-11 20:06:24,TKJ6683,40.069094,32.811043,,,,-24.5
2026-09-11 20:06:54,ETD2,40.284851,32.486755,130.91,516.1,37000,-25.8
2026-09-11 20:06:54,THY6NH,40.220306,32.526855,304.52,423.6,38000,-26.0
2026-09-11 20:06:54,PGT50FT,40.120377,32.584656,,,,-22.8
2026-09-11 20:06:54,TKJ6683,40.069094,32.811043,,,,-24.5
2026-09-11 20:07:24,ETD2,40.284851,32.486755,130.91,516.1,37000,-25.8
2026-09-11 20:07:24,THY6NH,40.220306,32.526855,304.52,423.6,38000,-26.0
2026-09-11 20:07:24,PGT50FT,40.120377,32.584656,,,,-22.8
2026-09-11 20:07:24,TKJ6683,40.069094,32.811043,,,,-24.5
2026-09-11 20:07:54,ETD2,40.284851,32.486755,130.91,516.1,37000,-25.8
2026-09-11 20:07:54,THY6NH,40.220306,32.526855,304.52,423.6,38000,-26.0
2026-09-11 20:07:54,PGT50FT,40.120377,32.584656,,,,-22.8
2026-09-11 20:07:54,TKJ6683,40.069094,32.811043,,,,-24.5
2026-09-11 20:08:24,ETD2,40.284851,32.486755,130.91,516.1,37000,-25.8
2026-09-11 20:08:24,THY6NH,40.220306,32.526855,304.52,423.6,38000,-26.0
2026-09-11 20:08:24,PGT50FT,40.120377,32.584656,,,,-22.8
2026-09-11 20:08:24,TKJ6683,40.069094,32.811043,,,,-24.5
2026-09-11 20:08:54,ETD2,40.284851,32.486755,130.91,516.1,37000,-25.8
2026-09-11 20:08:54,THY6NH,40.220306,32.526855,304.52,423.6,38000,-26.0
2026-09-11 20:08:54,PGT50FT,40.120377,32.584656,,,,-22.8
2026-09-11 20:08:54,TKJ6683,40.069094,32.811043,,,,-24.5
2026-09-11 20:09:24,ETD2,40.284851,32.486755,130.91,516.1,37000,-25.8
2026-09-11 20:09:24,THY6NH,40.220306,32.526855,304.52,423.6,38000,-26.0
2026-09-11 20:09:24,PGT50FT,40.120377,32.584656,,,,-22.8
2026-09-11 20:09:24,TKJ6683,40.069094,32.811043,,,,-24.5
2026-09-11 20:09:54,ETD2,40.284851,32.486755,130.91,516.1,37000,-25.8
2026-09-11 20:09:54,THY6NH,40.220306,32.526855,304.52,423.6,38000,-26.0
2026-09-11 20:09:54,PGT50FT,40.120377,32.584656,,,,-22.8
2026-09-11 20:09:54,TKJ6683,40.069094,32.811043,,,,-24.5
2026-09-11 20:10:25,ETD2,40.284851,32.486755,130.91,516.1,37000,-25.8
2026-09-11 20:10:25,THY6NH,40.220306,32.526855,304.52,423.6,38000,-26.0
2026-09-11 20:10:25,PGT50FT,40.120377,32.584656,,,,-22.8
2026-09-11 20:10:25,TKJ6683,40.069094,32.811043,,,,-24.5
2026-09-11 20:10:55,ETD2,40.284851,32.486755,130.91,516.1,37000,-25.8
2026-09-11 20:10:55,THY6NH,40.220306,32.526855,304.52,423.6,38000,-26.0
2026-09-11 20:10:55,PGT50FT,40.120377,32.584656,,,,-22.8
2026-09-11 20:10:55,TKJ6683,40.069094,32.811043,,,,-24.5
2026-09-11 20:11:25,ETD2,40.284851,32.486755,130.91,516.1,37000,-25.8
2026-09-11 20:11:25,THY6NH,40.220306,32.526855,304.52,423.6,38000,-26.0
2026-09-11 20:11:25,PGT50FT,40.120377,32.584656,,,,-22.8
2026-09-11 20:11:25,TKJ6683,40.069094,32.811043,,,,-24.5
2026-09-11 20:11:55,ETD2,40.284851,32.486755,130.91,516.1,37000,-25.8
2026-09-11 20:11:55,THY6NH,40.220306,32.526855,304.52,423.6,38000,-26.0
2026-09-11 20:11:55,PGT50FT,40.120377,32.584656,,,,-22.8
2026-09-11 20:11:55,TKJ6683,40.069094,32.811043,,,,-24.5
2026-09-11 20:12:25,ETD2,40.284851,32.486755,130.91,516.1,37000,-25.8
2026-09-11 20:12:25,THY6NH,40.220306,32.526855,304.52,423.6,38000,-26.0
2026-09-11 20:12:25,PGT50FT,40.120377,32.584656,,,,-22.8
2026-09-11 20:12:25,TKJ6683,40.069094,32.811043,,,,-24.5
2026-09-11 20:12:55,ETD2,40.284851,32.486755,130.91,516.1,37000,-25.8
2026-09-11 20:12:55,THY6NH,40.220306,32.526855,304.52,423.6,38000,-26.0
2026-09-11 20:12:55,PGT50FT,40.120377,32.584656,,,,-22.8
2026-09-11 20:12:55,TKJ6683,40.069094,32.811043,,,,-24.5
2026-09-11 20:13:25,ETD2,40.284851,32.486755,130.91,516.1,37000,-25.8
2026-09-11 20:13:25,THY6NH,40.220306,32.526855,304.52,423.6,38000,-26.0
2026-09-11 20:13:25,PGT50FT,40.120377,32.584656,,,,-22.8
2026-09-11 20:13:25,TKJ6683,40.069094,32.811043,,,,-24.5
2026-09-11 20:13:55,ETD2,40.284851,32.486755,130.91,516.1,37000,-25.8
2026-09-11 20:13:55,THY6NH,40.220306,32.526855,304.52,423.6,38000,-26.0
2026-09-11 20:13:55,PGT50FT,40.120377,32.584656,,,,-22.8
2026-09-11 20:13:55,TKJ6683,40.069094,32.811043,,,,-24.5
2026-09-11 20:14:25,ETD2,40.284851,32.486755,130.91,516.1,37000,-25.8
2026-09-11 20:14:25,THY6NH,40.220306,32.526855,304.52,423.6,38000,-26.0
2026-09-11 20:14:25,PGT50FT,40.120377,32.584656,,,,-22.8
2026-09-11 20:14:25,TKJ6683,40.069094,32.811043,,,,-24.5
2026-09-11 20:14:55,ETD2,40.284851,32.486755,130.91,516.1,37000,-25.8
2026-09-11 20:14:55,THY6NH,40.220306,32.526855,304.52,423.6,38000,-26.0
2026-09-11 20:14:55,PGT50FT,40.120377,32.584656,,,,-22.8
2026-09-11 20:14:55,TKJ6683,40.069094,32.811043,,,,-24.5
2026-09-11 20:15:25,ETD2,40.284851,32.486755,130.91,516.1,37000,-25.8
2026-09-11 20:15:25,THY6NH,40.220306,32.526855,304.52,423.6,38000,-26.0
2026-09-11 20:15:25,PGT50FT,40.120377,32.584656,,,,-22.8
2026-09-11 20:15:25,TKJ6683,40.069094,32.811043,,,,-24.5
2026-09-11 20:15:55,ETD2,40.284851,32.486755,130.91,516.1,37000,-25.8
2026-09-11 20:15:55,THY6NH,40.220306,32.526855,304.52,423.6,38000,-26.0
2026-09-11 20:15:55,PGT50FT,40.120377,32.584656,,,,-22.8
2026-09-11 20:15:55,TKJ6683,40.069094,32.811043,,,,-24.5
2026-09-11 20:16:26,ETD2,40.284851,32.486755,130.91,516.1,37000,-25.8
2026-09-11 20:16:26,THY6NH,40.220306,32.526855,304.52,423.6,38000,-26.0
2026-09-11 20:16:26,PGT50FT,40.120377,32.584656,,,,-22.8
2026-09-11 20:16:26,TKJ6683,40.069094,32.811043,,,,-24.5
2026-09-11 20:16:56,ETD2,40.284851,32.486755,130.91,516.1,37000,-25.8
2026-09-11 20:16:56,THY6NH,40.220306,32.526855,304.52,423.6,38000,-26.0
2026-09-11 20:16:56,PGT50FT,40.120377,32.584656,,,,-22.8
2026-09-11 20:16:56,TKJ6683,40.069094,32.811043,,,,-24.5
2026-09-11 20:17:26,ETD2,40.284851,32.486755,130.91,516.1,37000,-25.8
2026-09-11 20:17:26,THY6NH,40.220306,32.526855,304.52,423.6,38000,-26.0
2026-09-11 20:17:26,PGT50FT,40.120377,32.584656,,,,-22.8
2026-09-11 20:17:26,TKJ6683,40.069094,32.811043,,,,-24.5
2026-09-11 20:17:56,ETD2,40.284851,32.486755,130.91,516.1,37000,-25.8
2026-09-11 20:17:56,THY6NH,40.220306,32.526855,304.52,423.6,38000,-26.0
2026-09-11 20:17:56,PGT50FT,40.120377,32.584656,,,,-22.8
2026-09-11 20:17:56,TKJ6683,40.069094,32.811043,,,,-24.5
2026-09-11 20:18:26,ETD2,40.284851,32.486755,130.91,516.1,37000,-25.8
2026-09-11 20:18:26,THY6NH,40.220306,32.526855,304.52,423.6,38000,-26.0
2026-09-11 20:18:26,PGT50FT,40.120377,32.584656,,,,-22.8
2026-09-11 20:18:26,TKJ6683,40.069094,32.811043,,,,-24.5
2026-09-11 20:18:56,ETD2,40.284851,32.486755,130.91,516.1,37000,-25.8
2026-09-11 20:18:56,THY6NH,40.220306,32.526855,304.52,423.6,38000,-26.0
2026-09-11 20:18:56,PGT50FT,40.120377,32.584656,,,,-22.8
2026-09-11 20:18:56,TKJ6683,40.069094,32.811043,,,,-24.5
2026-09-11 20:19:26,ETD2,40.284851,32.486755,130.91,516.1,37000,-25.8
2026-09-11 20:19:26,THY6NH,40.220306,32.526855,304.52,423.6,38000,-26.0
2026-09-11 20:19:26,PGT50FT,40.120377,32.584656,,,,-22.8
2026-09-11 20:19:26,TKJ6683,40.069094,32.811043,,,,-24.5
2026-09-11 20:19:56,ETD2,40.284851,32.486755,130.91,516.1,37000,-25.8
2026-09-11 20:19:56,THY6NH,40.220306,32.526855,304.52,423.6,38000,-26.0
2026-09-11 20:19:56,PGT50FT,40.120377,32.584656,,,,-22.8
2026-09-11 20:19:56,TKJ6683,40.069094,32.811043,,,,-24.5
2026-09-11 20:20:26,ETD2,40.284851,32.486755,130.91,516.1,37000,-25.8
2026-09-11 20:20:26,THY6NH,40.220306,32.526855,304.52,423.6,38000,-26.0
2026-09-11 20:20:26,PGT50FT,40.120377,32.584656,,,,-22.8
2026-09-11 20:20:26,TKJ6683,40.069094,32.811043,,,,-24.5
2026-09-11 20:20:56,ETD2,40.284851,32.486755,130.91,516.1,37000,-25.8
2026-09-11 20:20:56,THY6NH,40.220306,32.526855,304.52,423.6,38000,-26.0
2026-09-11 20:20:56,PGT50FT,40.120377,32.584656,,,,-22.8
2026-09-11 20:20:56,TKJ6683,40.069094,32.811043,,,,-24.5
2026-09-11 20:21:26,ETD2,40.284851,32.486755,130.91,516.1,37000,-25.8
2026-09-11 20:21:26,THY6NH,40.220306,32.526855,304.52,423.6,38000,-26.0
2026-09-11 20:21:26,PGT50FT,40.120377,32.584656,,,,-22.8
2026-09-11 20:21:26,TKJ6683,40.069094,32.811043,,,,-24.5
2026-09-11 20:21:57,ETD2,40.284851,32.486755,130.91,516.1,37000,-25.8
2026-09-11 20:21:57,THY6NH,40.220306,32.526855,304.52,423.6,38000,-26.0
2026-09-11 20:21:57,PGT50FT,40.120377,32.584656,,,,-22.8
2026-09-11 20:21:57,TKJ6683,40.069094,32.811043,,,,-24.5
2026-09-11 20:22:27,ETD2,40.284851,32.486755,130.91,516.1,37000,-25.8
2026-09-11 20:22:27,THY6NH,40.220306,32.526855,304.52,423.6,38000,-26.0
2026-09-11 20:22:27,PGT50FT,40.120377,32.584656,,,,-22.8
2026-09-11 20:22:27,TKJ6683,40.069094,32.811043,,,,-24.5
2026-09-11 20:22:57,ETD2,40.284851,32.486755,130.91,516.1,37000,-25.8
2026-09-11 20:22:57,THY6NH,40.220306,32.526855,304.52,423.6,38000,-26.0
2026-09-11 20:22:57,PGT50FT,40.120377,32.584656,,,,-22.8
2026-09-11 20:22:57,TKJ6683,40.069094,32.811043,,,,-24.5
2026-09-11 20:23:27,ETD2,40.284851,32.486755,130.91,516.1,37000,-25.8
2026-09-11 20:23:27,THY6NH,40.220306,32.526855,304.52,423.6,38000,-26.0
2026-09-11 20:23:27,PGT50FT,40.120377,32.584656,,,,-22.8
2026-09-11 20:23:27,TKJ6683,40.069094,32.811043,,,,-24.5
2026-09-11 20:23:57,ETD2,40.284851,32.486755,130.91,516.1,37000,-25.8
2026-09-11 20:23:57,THY6NH,40.220306,32.526855,304.52,423.6,38000,-26.0
2026-09-11 20:23:57,PGT50FT,40.120377,32.584656,,,,-22.8
2026-09-11 20:23:57,TKJ6683,40.069094,32.811043,,,,-24.5
2026-09-11 20:24:27,ETD2,40.284851,32.486755,130.91,516.1,37000,-25.8
2026-09-11 20:24:27,THY6NH,40.220306,32.526855,304.52,423.6,38000,-26.0
2026-09-11 20:24:27,PGT50FT,40.120377,32.584656,,,,-22.8
2026-09-11 20:24:27,TKJ6683,40.069094,32.811043,,,,-24.5
2026-09-11 20:24:57,ETD2,40.284851,32.486755,130.91,516.1,37000,-25.8
2026-09-11 20:24:57,THY6NH,40.220306,32.526855,304.52,423.6,38000,-26.0
2026-09-11 20:24:57,PGT50FT,40.120377,32.584656,,,,-22.8
2026-09-11 20:24:57,TKJ6683,40.069094,32.811043,,,,-24.5
2026-09-11 20:25:27,ETD2,40.284851,32.486755,130.91,516.1,37000,-25.8
2026-09-11 20:25:27,THY6NH,40.220306,32.526855,304.52,423.6,38000,-26.0
2026-09-11 20:25:27,PGT50FT,40.120377,32.584656,,,,-22.8
2026-09-11 20:25:27,TKJ6683,40.069094,32.811043,,,,-24.5
2026-09-11 20:25:57,ETD2,40.284851,32.486755,130.91,516.1,37000,-25.8
2026-09-11 20:25:57,THY6NH,40.220306,32.526855,304.52,423.6,38000,-26.0
2026-09-11 20:25:57,PGT50FT,40.120377,32.584656,,,,-22.8
2026-09-11 20:25:57,TKJ6683,40.069094,32.811043,,,,-24.5
2026-09-11 20:26:27,ETD2,40.284851,32.486755,130.91,516.1,37000,-25.8
2026-09-11 20:26:27,THY6NH,40.220306,32.526855,304.52,423.6,38000,-26.0
2026-09-11 20:26:27,PGT50FT,40.120377,32.584656,,,,-22.8
2026-09-11 20:26:27,TKJ6683,40.069094,32.811043,,,,-24.5
2026-09-11 20:26:57,ETD2,40.284851,32.486755,130.91,516.1,37000,-25.8
2026-09-11 20:26:57,THY6NH,40.220306,32.526855,304.52,423.6,38000,-26.0
2026-09-11 20:26:57,PGT50FT,40.120377,32.584656,,,,-22.8
2026-09-11 20:26:57,TKJ6683,40.069094,32.811043,,,,-24.5
2026-09-11 20:27:27,ETD2,40.284851,32.486755,130.91,516.1,37000,-25.8
2026-09-11 20:27:27,THY6NH,40.220306,32.526855,304.52,423.6,38000,-26.0
2026-09-11 20:27:27,PGT50FT,40.120377,32.584656,,,,-22.8
2026-09-11 20:27:27,TKJ6683,40.069094,32.811043,,,,-24.5
2026-09-11 20:27:58,ETD2,40.284851,32.486755,130.91,516.1,37000,-25.8
2026-09-11 20:27:58,THY6NH,40.220306,32.526855,304.52,423.6,38000,-26.0
2026-09-11 20:27:58,PGT50FT,40.120377,32.584656,,,,-22.8
2026-09-11 20:27:58,TKJ6683,40.069094,32.811043,,,,-24.5
2026-09-11 20:28:28,ETD2,40.284851,32.486755,130.91,516.1,37000,-25.8
2026-09-11 20:28:28,THY6NH,40.220306,32.526855,304.52,423.6,38000,-26.0
2026-09-11 20:28:28,PGT50FT,40.120377,32.584656,,,,-22.8
2026-09-11 20:28:28,TKJ6683,40.069094,32.811043,,,,-24.5
2026-09-11 20:28:58,ETD2,40.284851,32.486755,130.91,516.1,37000,-25.8
2026-09-11 20:28:58,THY6NH,40.220306,32.526855,304.52,423.6,38000,-26.0
2026-09-11 20:28:58,PGT50FT,40.120377,32.584656,,,,-22.8
2026-09-11 20:28:58,TKJ6683,40.069094,32.811043,,,,-24.5
2026-09-11 20:29:28,ETD2,40.284851,32.486755,130.91,516.1,37000,-25.8
2026-09-11 20:29:28,THY6NH,40.220306,32.526855,304.52,423.6,38000,-26.0
2026-09-11 20:29:28,PGT50FT,40.120377,32.584656,,,,-22.8
2026-09-11 20:29:28,TKJ6683,40.069094,32.811043,,,,-24.5
2026-09-11 20:29:58,ETD2,40.284851,32.486755,130.91,516.1,37000,-25.8
2026-09-11 20:29:58,THY6NH,40.220306,32.526855,304.52,423.6,38000,-26.0
2026-09-11 20:29:58,PGT50FT,40.120377,32.584656,,,,-22.8
2026-09-11 20:29:58,TKJ6683,40.069094,32.811043,,,,-24.5
2026-09-11 20:30:28,ETD2,40.284851,32.486755,130.91,516.1,37000,-25.8
2026-09-11 20:30:28,THY6NH,40.220306,32.526855,304.52,423.6,38000,-26.0
2026-09-11 20:30:28,PGT50FT,40.120377,32.584656,,,,-22.8
2026-09-11 20:30:28,TKJ6683,40.069094,32.811043,,,,-24.5
2026-09-11 20:30:58,ETD2,40.284851,32.486755,130.91,516.1,37000,-25.8
2026-09-11 20:30:58,THY6NH,40.220306,32.526855,304.52,423.6,38000,-26.0
2026-09-11 20:30:58,PGT50FT,40.120377,32.584656,,,,-22.8
2026-09-11 20:30:58,TKJ6683,40.069094,32.811043,,,,-24.5
2026-09-11 20:31:28,ETD2,40.284851,32.486755,130.91,516.1,37000,-25.8
2026-09-11 20:31:28,THY6NH,40.220306,32.526855,304.52,423.6,38000,-26.0
2026-09-11 20:31:28,PGT50FT,40.120377,32.584656,,,,-22.8
2026-09-11 20:31:28,TKJ6683,40.069094,32.811043,,,,-24.5
2026-09-11 20:31:58,ETD2,40.284851,32.486755,130.91,516.1,37000,-25.8
2026-09-11 20:31:58,THY6NH,40.220306,32.526855,304.52,423.6,38000,-26.0
2026-09-11 20:31:58,PGT50FT,40.120377,32.584656,,,,-22.8
2026-09-11 20:31:58,TKJ6683,40.069094,32.811043,,,,-24.5
2026-09-11 20:32:28,ETD2,40.284851,32.486755,130.91,516.1,37000,-25.8
2026-09-11 20:32:28,THY6NH,40.220306,32.526855,304.52,423.6,38000,-26.0
2026-09-11 20:32:28,PGT50FT,40.120377,32.584656,,,,-22.8
2026-09-11 20:32:28,TKJ6683,40.069094,32.811043,,,,-24.5
2026-09-11 20:32:58,ETD2,40.284851,32.486755,130.91,516.1,37000,-25.8
2026-09-11 20:32:58,THY6NH,40.220306,32.526855,304.52,423.6,38000,-26.0
2026-09-11 20:32:58,PGT50FT,40.120377,32.584656,,,,-22.8
2026-09-11 20:32:58,TKJ6683,40.069094,32.811043,,,,-24.5
2026-09-11 20:33:28,ETD2,40.284851,32.486755,130.91,516.1,37000,-25.8
2026-09-11 20:33:28,THY6NH,40.220306,32.526855,304.52,423.6,38000,-26.0
2026-09-11 20:33:28,PGT50FT,40.120377,32.584656,,,,-22.8
2026-09-11 20:33:28,TKJ6683,40.069094,32.811043,,,,-24.5
2026-09-11 20:33:59,ETD2,40.284851,32.486755,130.91,516.1,37000,-25.8
2026-09-11 20:33:59,THY6NH,40.220306,32.526855,304.52,423.6,38000,-26.0
2026-09-11 20:33:59,PGT50FT,40.120377,32.584656,,,,-22.8
2026-09-11 20:33:59,TKJ6683,40.069094,32.811043,,,,-24.5
2026-09-11 20:34:29,ETD2,40.284851,32.486755,130.91,516.1,37000,-25.8
2026-09-11 20:34:29,THY6NH,40.220306,32.526855,304.52,423.6,38000,-26.0
2026-09-11 20:34:29,PGT50FT,40.120377,32.584656,,,,-22.8
2026-09-11 20:34:29,TKJ6683,40.069094,32.811043,,,,-24.5
2026-09-11 20:34:59,ETD2,40.284851,32.486755,130.91,516.1,37000,-25.8
2026-09-11 20:34:59,THY6NH,40.220306,32.526855,304.52,423.6,38000,-26.0
2026-09-11 20:34:59,PGT50FT,40.120377,32.584656,,,,-22.8
2026-09-11 20:34:59,TKJ6683,40.069094,32.811043,,,,-24.5
2026-09-11 20:35:29,ETD2,40.284851,32.486755,130.91,516.1,37000,-25.8
2026-09-11 20:35:29,THY6NH,40.220306,32.526855,304.52,423.6,38000,-26.0
2026-09-11 20:35:29,PGT50FT,40.120377,32.584656,,,,-22.8
2026-09-11 20:35:29,TKJ6683,40.069094,32.811043,,,,-24.5
2026-09-11 20:35:59,ETD2,40.284851,32.486755,130.91,516.1,37000,-25.8
2026-09-11 20:35:59,THY6NH,40.220306,32.526855,304.52,423.6,38000,-26.0
2026-09-11 20:35:59,PGT50FT,40.120377,32.584656,,,,-22.8
2026-09-11 20:35:59,TKJ6683,40.069094,32.811043,,,,-24.5
2026-09-11 20:36:29,ETD2,40.284851,32.486755,130.91,516.1,37000,-25.8
2026-09-11 20:36:29,THY6NH,40.220306,32.526855,304.52,423.6,38000,-26.0
2026-09-11 20:36:29,PGT50FT,40.120377,32.584656,,,,-22.8
2026-09-11 20:36:29,TKJ6683,40.069094,32.811043,,,,-24.5
2026-09-11 20:36:59,ETD2,40.284851,32.486755,130.91,516.1,37000,-25.8
2026-09-11 20:36:59,THY6NH,40.220306,32.526855,304.52,423.6,38000,-26.0
2026-09-11 20:36:59,PGT50FT,40.120377,32.584656,,,,-22.8
2026-09-11 20:36:59,TKJ6683,40.069094,32.811043,,,,-24.5
2026-09-11 20:37:29,ETD2,40.284851,32.486755,130.91,516.1,37000,-25.8
2026-09-11 20:37:29,THY6NH,40.220306,32.526855,304.52,423.6,38000,-26.0
2026-09-11 20:37:29,PGT50FT,40.120377,32.584656,,,,-22.8
2026-09-11 20:37:29,TKJ6683,40.069094,32.811043,,,,-24.5
2026-09-11 20:37:59,ETD2,40.284851,32.486755,130.91,516.1,37000,-25.8
2026-09-11 20:37:59,THY6NH,40.220306,32.526855,304.52,423.6,38000,-26.0
2026-09-11 20:37:59,PGT50FT,40.120377,32.584656,,,,-22.8
2026-09-11 20:37:59,TKJ6683,40.069094,32.811043,,,,-24.5
2026-09-11 20:38:29,ETD2,40.284851,32.486755,130.91,516.1,37000,-25.8
2026-09-11 20:38:29,THY6NH,40.220306,32.526855,304.52,423.6,38000,-26.0
2026-09-11 20:38:29,PGT50FT,40.120377,32.584656,,,,-22.8
2026-09-11 20:38:29,TKJ6683,40.069094,32.811043,,,,-24.5
2026-09-11 20:38:59,ETD2,40.284851,32.486755,130.91,516.1,37000,-25.8
2026-09-11 20:38:59,THY6NH,40.220306,32.526855,304.52,423.6,38000,-26.0
2026-09-11 20:38:59,PGT50FT,40.120377,32.584656,,,,-22.8
2026-09-11 20:38:59,TKJ6683,40.069094,32.811043,,,,-24.5
2026-09-11 20:39:29,ETD2,40.284851,32.486755,130.91,516.1,37000,-25.8
2026-09-11 20:39:29,THY6NH,40.220306,32.526855,304.52,423.6,38000,-26.0
2026-09-11 20:39:29,PGT50FT,40.120377,32.584656,,,,-22.8
2026-09-11 20:39:29,TKJ6683,40.069094,32.811043,,,,-24.5
2026-09-11 20:40:00,ETD2,40.284851,32.486755,130.91,516.1,37000,-25.8
2026-09-11 20:40:00,THY6NH,40.220306,32.526855,304.52,423.6,38000,-26.0
2026-09-11 20:40:00,PGT50FT,40.120377,32.584656,,,,-22.8
2026-09-11 20:40:00,TKJ6683,40.069094,32.811043,,,,-24.5
2026-09-11 20:40:30,ETD2,40.284851,32.486755,130.91,516.1,37000,-25.8
2026-09-11 20:40:30,THY6NH,40.220306,32.526855,304.52,423.6,38000,-26.0
2026-09-11 20:40:30,PGT50FT,40.120377,32.584656,,,,-22.8
2026-09-11 20:40:30,TKJ6683,40.069094,32.811043,,,,-24.5
2026-09-11 20:41:00,ETD2,40.284851,32.486755,130.91,516.1,37000,-25.8
2026-09-11 20:41:00,THY6NH,40.220306,32.526855,304.52,423.6,38000,-26.0
2026-09-11 20:41:00,PGT50FT,40.120377,32.584656,,,,-22.8
2026-09-11 20:41:00,TKJ6683,40.069094,32.811043,,,,-24.5
2026-09-11 20:41:30,ETD2,40.284851,32.486755,130.91,516.1,37000,-25.8
2026-09-11 20:41:30,THY6NH,40.220306,32.526855,304.52,423.6,38000,-26.0
2026-09-11 20:41:30,PGT50FT,40.120377,32.584656,,,,-22.8
2026-09-11 20:41:30,TKJ6683,40.069094,32.811043,,,,-24.5
2026-09-11 20:42:00,ETD2,40.284851,32.486755,130.91,516.1,37000,-25.8
2026-09-11 20:42:00,THY6NH,40.220306,32.526855,304.52,423.6,38000,-26.0
2026-09-11 20:42:00,PGT50FT,40.120377,32.584656,,,,-22.8
2026-09-11 20:42:00,TKJ6683,40.069094,32.811043,,,,-24.5
2026-09-11 20:42:30,ETD2,40.284851,32.486755,130.91,516.1,37000,-25.8
2026-09-11 20:42:30,THY6NH,40.220306,32.526855,304.52,423.6,38000,-26.0
2026-09-11 20:42:30,PGT50FT,40.120377,32.584656,,,,-22.8
2026-09-11 20:42:30,TKJ6683,40.069094,32.811043,,,,-24.5
2026-09-11 20:43:00,ETD2,40.284851,32.486755,130.91,516.1,37000,-25.8
2026-09-11 20:43:00,THY6NH,40.220306,32.526855,304.52,423.6,38000,-26.0
2026-09-11 20:43:00,PGT50FT,40.120377,32.584656,,,,-22.8
2026-09-11 20:43:00,TKJ6683,40.069094,32.811043,,,,-24.5
2026-09-11 20:43:30,ETD2,40.284851,32.486755,130.91,516.1,37000,-25.8
2026-09-11 20:43:30,THY6NH,40.220306,32.526855,304.52,423.6,38000,-26.0
2026-09-11 20:43:30,PGT50FT,40.120377,32.584656,,,,-22.8
2026-09-11 20:43:30,TKJ6683,40.069094,32.811043,,,,-24.5
2026-09-11 20:44:00,ETD2,40.284851,32.486755,130.91,516.1,37000,-25.8
2026-09-11 20:44:00,THY6NH,40.220306,32.526855,304.52,423.6,38000,-26.0
2026-09-11 20:44:00,PGT50FT,40.120377,32.584656,,,,-22.8
2026-09-11 20:44:00,TKJ6683,40.069094,32.811043,,,,-24.5
2026-09-11 20:44:30,ETD2,40.284851,32.486755,130.91,516.1,37000,-25.8
2026-09-11 20:44:30,THY6NH,40.220306,32.526855,304.52,423.6,38000,-26.0
2026-09-11 20:44:30,PGT50FT,40.120377,32.584656,,,,-22.8
2026-09-11 20:44:30,TKJ6683,40.069094,32.811043,,,,-24.5
2026-09-11 20:45:00,ETD2,40.284851,32.486755,130.91,516.1,37000,-25.8
2026-09-11 20:45:00,THY6NH,40.220306,32.526855,304.52,423.6,38000,-26.0
2026-09-11 20:45:00,PGT50FT,40.120377,32.584656,,,,-22.8
2026-09-11 20:45:00,TKJ6683,40.069094,32.811043,,,,-24.5
2026-09-11 20:45:30,ETD2,40.284851,32.486755,130.91,516.1,37000,-25.8
2026-09-11 20:45:30,THY6NH,40.220306,32.526855,304.52,423.6,38000,-26.0
2026-09-11 20:45:30,PGT50FT,40.120377,32.584656,,,,-22.8
2026-09-11 20:45:30,TKJ6683,40.069094,32.811043,,,,-24.5
2026-09-11 20:46:01,ETD2,40.284851,32.486755,130.91,516.1,37000,-25.8
2026-09-11 20:46:01,THY6NH,40.220306,32.526855,304.52,423.6,38000,-26.0
2026-09-11 20:46:01,PGT50FT,40.120377,32.584656,,,,-22.8
2026-09-11 20:46:01,TKJ6683,40.069094,32.811043,,,,-24.5
2026-09-11 20:46:31,ETD2,40.284851,32.486755,130.91,516.1,37000,-25.8
2026-09-11 20:46:31,THY6NH,40.220306,32.526855,304.52,423.6,38000,-26.0
2026-09-11 20:46:31,PGT50FT,40.120377,32.584656,,,,-22.8
2026-09-11 20:46:31,TKJ6683,40.069094,32.811043,,,,-24.5
2026-09-11 20:47:01,ETD2,40.284851,32.486755,130.91,516.1,37000,-25.8
2026-09-11 20:47:01,THY6NH,40.220306,32.526855,304.52,423.6,38000,-26.0
2026-09-11 20:47:01,PGT50FT,40.120377,32.584656,,,,-22.8
2026-09-11 20:47:01,TKJ6683,40.069094,32.811043,,,,-24.5
2026-09-11 20:47:31,ETD2,40.284851,32.486755,130.91,516.1,37000,-25.8
2026-09-11 20:47:31,THY6NH,40.220306,32.526855,304.52,423.6,38000,-26.0
2026-09-11 20:47:31,PGT50FT,40.120377,32.584656,,,,-22.8
2026-09-11 20:47:31,TKJ6683,40.069094,32.811043,,,,-24.5
2026-09-11 20:48:01,ETD2,40.284851,32.486755,130.91,516.1,37000,-25.8
2026-09-11 20:48:01,THY6NH,40.220306,32.526855,304.52,423.6,38000,-26.0
2026-09-11 20:48:01,PGT50FT,40.120377,32.584656,,,,-22.8
2026-09-11 20:48:01,TKJ6683,40.069094,32.811043,,,,-24.5
2026-09-11 20:48:31,ETD2,40.284851,32.486755,130.91,516.1,37000,-25.8
2026-09-11 20:48:31,THY6NH,40.220306,32.526855,304.52,423.6,38000,-26.0
2026-09-11 20:48:31,PGT50FT,40.120377,32.584656,,,,-22.8
2026-09-11 20:48:31,TKJ6683,40.069094,32.811043,,,,-24.5
2026-09-11 20:49:01,ETD2,40.284851,32.486755,130.91,516.1,37000,-25.8
2026-09-11 20:49:01,THY6NH,40.220306,32.526855,304.52,423.6,38000,-26.0
2026-09-11 20:49:01,PGT50FT,40.120377,32.584656,,,,-22.8
2026-09-11 20:49:01,TKJ6683,40.069094,32.811043,,,,-24.5
2026-09-11 20:49:31,ETD2,40.284851,32.486755,130.91,516.1,37000,-25.8
2026-09-11 20:49:31,THY6NH,40.220306,32.526855,304.52,423.6,38000,-26.0
2026-09-11 20:49:31,PGT50FT,40.120377,32.584656,,,,-22.8
2026-09-11 20:49:31,TKJ6683,40.069094,32.811043,,,,-24.5
2026-09-11 20:50:01,ETD2,40.284851,32.486755,130.91,516.1,37000,-25.8
2026-09-11 20:50:01,THY6NH,40.220306,32.526855,304.52,423.6,38000,-26.0
2026-09-11 20:50:01,PGT50FT,40.120377,32.584656,,,,-22.8
2026-09-11 20:50:01,TKJ6683,40.069094,32.811043,,,,-24.5
2026-09-11 20:50:31,ETD2,40.284851,32.486755,130.91,516.1,37000,-25.8
2026-09-11 20:50:31,THY6NH,40.220306,32.526855,304.52,423.6,38000,-26.0
2026-09-11 20:50:31,PGT50FT,40.120377,32.584656,,,,-22.8
2026-09-11 20:50:31,TKJ6683,40.069094,32.811043,,,,-24.5
2026-09-11 20:51:01,ETD2,40.284851,32.486755,130.91,516.1,37000,-25.8
2026-09-11 20:51:01,THY6NH,40.220306,32.526855,304.52,423.6,38000,-26.0
2026-09-11 20:51:01,PGT50FT,40.120377,32.584656,,,,-22.8
2026-09-11 20:51:01,TKJ6683,40.069094,32.811043,,,,-24.5
2026-09-11 20:51:31,ETD2,40.284851,32.486755,130.91,516.1,37000,-25.8
2026-09-11 20:51:31,THY6NH,40.220306,32.526855,304.52,423.6,38000,-26.0
2026-09-11 20:51:31,PGT50FT,40.120377,32.584656,,,,-22.8
2026-09-11 20:51:31,TKJ6683,40.069094,32.811043,,,,-24.5
2026-09-11 20:52:02,ETD2,40.284851,32.486755,130.91,516.1,37000,-25.8
2026-09-11 20:52:02,THY6NH,40.220306,32.526855,304.52,423.6,38000,-26.0
2026-09-11 20:52:02,PGT50FT,40.120377,32.584656,,,,-22.8
2026-09-11 20:52:02,TKJ6683,40.069094,32.811043,,,,-24.5
2026-09-11 20:52:32,ETD2,40.284851,32.486755,130.91,516.1,37000,-25.8
2026-09-11 20:52:32,THY6NH,40.220306,32.526855,304.52,423.6,38000,-26.0
2026-09-11 20:52:32,PGT50FT,40.120377,32.584656,,,,-22.8
2026-09-11 20:52:32,TKJ6683,40.069094,32.811043,,,,-24.5
2026-09-11 20:53:02,ETD2,40.284851,32.486755,130.91,516.1,37000,-25.8
2026-09-11 20:53:02,THY6NH,40.220306,32.526855,304.52,423.6,38000,-26.0
2026-09-11 20:53:02,PGT50FT,40.120377,32.584656,,,,-22.8
2026-09-11 20:53:02,TKJ6683,40.069094,32.811043,,,,-24.5
2026-09-11 20:53:32,ETD2,40.284851,32.486755,130.91,516.1,37000,-25.8
2026-09-11 20:53:32,THY6NH,40.220306,32.526855,304.52,423.6,38000,-26.0
2026-09-11 20:53:32,PGT50FT,40.120377,32.584656,,,,-22.8
2026-09-11 20:53:32,TKJ6683,40.069094,32.811043,,,,-24.5
2026-09-11 20:54:02,ETD2,40.284851,32.486755,130.91,516.1,37000,-25.8
2026-09-11 20:54:02,THY6NH,40.220306,32.526855,304.52,423.6,38000,-26.0
2026-09-11 20:54:02,PGT50FT,40.120377,32.584656,,,,-22.8
2026-09-11 20:54:02,TKJ6683,40.069094,32.811043,,,,-24.5
2026-09-11 20:54:32,ETD2,40.284851,32.486755,130.91,516.1,37000,-25.8
2026-09-11 20:54:32,THY6NH,40.220306,32.526855,304.52,423.6,38000,-26.0
2026-09-11 20:54:32,PGT50FT,40.120377,32.584656,,,,-22.8
2026-09-11 20:54:32,TKJ6683,40.069094,32.811043,,,,-24.5
2026-09-11 20:55:02,ETD2,40.284851,32.486755,130.91,516.1,37000,-25.8
2026-09-11 20:55:02,THY6NH,40.220306,32.526855,304.52,423.6,38000,-26.0
2026-09-11 20:55:02,PGT50FT,40.120377,32.584656,,,,-22.8
2026-09-11 20:55:02,TKJ6683,40.069094,32.811043,,,,-24.5
2026-09-11 20:55:32,ETD2,40.284851,32.486755,130.91,516.1,37000,-25.8
2026-09-11 20:55:32,THY6NH,40.220306,32.526855,304.52,423.6,38000,-26.0
2026-09-11 20:55:32,PGT50FT,40.120377,32.584656,,,,-22.8
2026-09-11 20:55:32,TKJ6683,40.069094,32.811043,,,,-24.5
2026-09-11 20:56:02,ETD2,40.284851,32.486755,130.91,516.1,37000,-25.8
2026-09-11 20:56:02,THY6NH,40.220306,32.526855,304.52,423.6,38000,-26.0
2026-09-11 20:56:02,PGT50FT,40.120377,32.584656,,,,-22.8
2026-09-11 20:56:02,TKJ6683,40.069094,32.811043,,,,-24.5
2026-09-11 20:56:32,ETD2,40.284851,32.486755,130.91,516.1,37000,-25.8
2026-09-11 20:56:32,THY6NH,40.220306,32.526855,304.52,423.6,38000,-26.0
2026-09-11 20:56:32,PGT50FT,40.120377,32.584656,,,,-22.8
2026-09-11 20:56:32,TKJ6683,40.069094,32.811043,,,,-24.5
2026-09-11 20:57:02,ETD2,40.284851,32.486755,130.91,516.1,37000,-25.8
2026-09-11 20:57:02,THY6NH,40.220306,32.526855,304.52,423.6,38000,-26.0
2026-09-11 20:57:02,PGT50FT,40.120377,32.584656,,,,-22.8
2026-09-11 20:57:02,TKJ6683,40.069094,32.811043,,,,-24.5
2026-09-11 20:57:32,ETD2,40.284851,32.486755,130.91,516.1,37000,-25.8
2026-09-11 20:57:32,THY6NH,40.220306,32.526855,304.52,423.6,38000,-26.0
2026-09-11 20:57:32,PGT50FT,40.120377,32.584656,,,,-22.8
2026-09-11 20:57:32,TKJ6683,40.069094,32.811043,,,,-24.5
2026-09-11 20:58:02,ETD2,40.284851,32.486755,130.91,516.1,37000,-25.8
2026-09-11 20:58:02,THY6NH,40.220306,32.526855,304.52,423.6,38000,-26.0
2026-09-11 20:58:02,PGT50FT,40.120377,32.584656,,,,-22.8
2026-09-11 20:58:02,TKJ6683,40.069094,32.811043,,,,-24.5
2026-09-11 20:58:33,ETD2,40.284851,32.486755,130.91,516.1,37000,-25.8
2026-09-11 20:58:33,THY6NH,40.220306,32.526855,304.52,423.6,38000,-26.0
2026-09-11 20:58:33,PGT50FT,40.120377,32.584656,,,,-22.8
2026-09-11 20:58:33,TKJ6683,40.069094,32.811043,,,,-24.5
2026-09-11 20:59:03,ETD2,40.284851,32.486755,130.91,516.1,37000,-25.8
2026-09-11 20:59:03,THY6NH,40.220306,32.526855,304.52,423.6,38000,-26.0
2026-09-11 20:59:03,PGT50FT,40.120377,32.584656,,,,-22.8
2026-09-11 20:59:03,TKJ6683,40.069094,32.811043,,,,-24.5
2026-09-11 20:59:33,ETD2,40.284851,32.486755,130.91,516.1,37000,-25.8
2026-09-11 20:59:33,THY6NH,40.220306,32.526855,304.52,423.6,38000,-26.0
2026-09-11 20:59:33,PGT50FT,40.120377,32.584656,,,,-22.8
2026-09-11 20:59:33,TKJ6683,40.069094,32.811043,,,,-24.5
2026-09-11 21:00:03,ETD2,40.284851,32.486755,130.91,516.1,37000,-25.8
2026-09-11 21:00:03,THY6NH,40.220306,32.526855,304.52,423.6,38000,-26.0
2026-09-11 21:00:03,PGT50FT,40.120377,32.584656,,,,-22.8
2026-09-11 21:00:03,TKJ6683,40.069094,32.811043,,,,-24.5
2026-09-11 21:00:33,ETD2,40.284851,32.486755,130.91,516.1,37000,-25.8
2026-09-11 21:00:33,THY6NH,40.220306,32.526855,304.52,423.6,38000,-26.0
2026-09-11 21:00:33,PGT50FT,40.120377,32.584656,,,,-22.8
2026-09-11 21:00:33,TKJ6683,40.069094,32.811043,,,,-24.5
2026-09-11 21:01:03,ETD2,40.284851,32.486755,130.91,516.1,37000,-25.8
2026-09-11 21:01:03,THY6NH,40.220306,32.526855,304.52,423.6,38000,-26.0
2026-09-11 21:01:03,PGT50FT,40.120377,32.584656,,,,-22.8
2026-09-11 21:01:03,TKJ6683,40.069094,32.811043,,,,-24.5
2026-09-11 21:01:33,ETD2,40.284851,32.486755,130.91,516.1,37000,-25.8
2026-09-11 21:01:33,THY6NH,40.220306,32.526855,304.52,423.6,38000,-26.0
2026-09-11 21:01:33,PGT50FT,40.120377,32.584656,,,,-22.8
2026-09-11 21:01:33,TKJ6683,40.069094,32.811043,,,,-24.5
2026-09-11 21:02:03,ETD2,40.284851,32.486755,130.91,516.1,37000,-25.8
2026-09-11 21:02:03,THY6NH,40.220306,32.526855,304.52,423.6,38000,-26.0
2026-09-11 21:02:03,PGT50FT,40.120377,32.584656,,,,-22.8
2026-09-11 21:02:03,TKJ6683,40.069094,32.811043,,,,-24.5
2026-09-11 21:02:33,ETD2,40.284851,32.486755,130.91,516.1,37000,-25.8
2026-09-11 21:02:33,THY6NH,40.220306,32.526855,304.52,423.6,38000,-26.0
2026-09-11 21:02:33,PGT50FT,40.120377,32.584656,,,,-22.8
2026-09-11 21:02:33,TKJ6683,40.069094,32.811043,,,,-24.5
2026-09-11 21:03:03,ETD2,40.284851,32.486755,130.91,516.1,37000,-25.8
2026-09-11 21:03:03,THY6NH,40.220306,32.526855,304.52,423.6,38000,-26.0
2026-09-11 21:03:03,PGT50FT,40.120377,32.584656,,,,-22.8
2026-09-11 21:03:03,TKJ6683,40.069094,32.811043,,,,-24.5
2026-09-11 21:03:33,ETD2,40.284851,32.486755,130.91,516.1,37000,-25.8
2026-09-11 21:03:33,THY6NH,40.220306,32.526855,304.52,423.6,38000,-26.0
2026-09-11 21:03:33,PGT50FT,40.120377,32.584656,,,,-22.8
2026-09-11 21:03:33,TKJ6683,40.069094,32.811043,,,,-24.5
2026-09-11 21:04:03,ETD2,40.284851,32.486755,130.91,516.1,37000,-25.8
2026-09-11 21:04:03,THY6NH,40.220306,32.526855,304.52,423.6,38000,-26.0
2026-09-11 21:04:03,PGT50FT,40.120377,32.584656,,,,-22.8
2026-09-11 21:04:03,TKJ6683,40.069094,32.811043,,,,-24.5
2026-09-11 21:04:34,ETD2,40.284851,32.486755,130.91,516.1,37000,-25.8
2026-09-11 21:04:34,THY6NH,40.220306,32.526855,304.52,423.6,38000,-26.0
2026-09-11 21:04:34,PGT50FT,40.120377,32.584656,,,,-22.8
2026-09-11 21:04:34,TKJ6683,40.069094,32.811043,,,,-24.5
2026-09-11 21:05:04,ETD2,40.284851,32.486755,130.91,516.1,37000,-25.8
2026-09-11 21:05:04,THY6NH,40.220306,32.526855,304.52,423.6,38000,-26.0
2026-09-11 21:05:04,PGT50FT,40.120377,32.584656,,,,-22.8
2026-09-11 21:05:04,TKJ6683,40.069094,32.811043,,,,-24.5
2026-09-11 21:05:34,ETD2,40.284851,32.486755,130.91,516.1,37000,-25.8
2026-09-11 21:05:34,THY6NH,40.220306,32.526855,304.52,423.6,38000,-26.0
2026-09-11 21:05:34,PGT50FT,40.120377,32.584656,,,,-22.8
2026-09-11 21:05:34,TKJ6683,40.069094,32.811043,,,,-24.5
2026-09-11 21:06:04,ETD2,40.284851,32.486755,130.91,516.1,37000,-25.8
2026-09-11 21:06:04,THY6NH,40.220306,32.526855,304.52,423.6,38000,-26.0
2026-09-11 21:06:04,PGT50FT,40.120377,32.584656,,,,-22.8
2026-09-11 21:06:04,TKJ6683,40.069094,32.811043,,,,-24.5
2026-09-11 21:06:34,ETD2,40.284851,32.486755,130.91,516.1,37000,-25.8
2026-09-11 21:06:34,THY6NH,40.220306,32.526855,304.52,423.6,38000,-26.0
2026-09-11 21:06:34,PGT50FT,40.120377,32.584656,,,,-22.8
2026-09-11 21:06:34,TKJ6683,40.069094,32.811043,,,,-24.5
2026-09-11 21:07:04,ETD2,40.284851,32.486755,130.91,516.1,37000,-25.8
2026-09-11 21:07:04,THY6NH,40.220306,32.526855,304.52,423.6,38000,-26.0
2026-09-11 21:07:04,PGT50FT,40.120377,32.584656,,,,-22.8
2026-09-11 21:07:04,TKJ6683,40.069094,32.811043,,,,-24.5
2026-09-11 21:07:34,ETD2,40.284851,32.486755,130.91,516.1,37000,-25.8
2026-09-11 21:07:34,THY6NH,40.220306,32.526855,304.52,423.6,38000,-26.0
2026-09-11 21:07:34,PGT50FT,40.120377,32.584656,,,,-22.8
2026-09-11 21:07:34,TKJ6683,40.069094,32.811043,,,,-24.5
2026-09-11 21:08:04,ETD2,40.284851,32.486755,130.91,516.1,37000,-25.8
2026-09-11 21:08:04,THY6NH,40.220306,32.526855,304.52,423.6,38000,-26.0
2026-09-11 21:08:04,PGT50FT,40.120377,32.584656,,,,-22.8
2026-09-11 21:08:04,TKJ6683,40.069094,32.811043,,,,-24.5
2026-09-11 21:08:34,ETD2,40.284851,32.486755,130.91,516.1,37000,-25.8
2026-09-11 21:08:34,THY6NH,40.220306,32.526855,304.52,423.6,38000,-26.0
2026-09-11 21:08:34,PGT50FT,40.120377,32.584656,,,,-22.8
2026-09-11 21:08:34,TKJ6683,40.069094,32.811043,,,,-24.5
2026-09-11 21:09:04,ETD2,40.284851,32.486755,130.91,516.1,37000,-25.8
2026-09-11 21:09:04,THY6NH,40.220306,32.526855,304.52,423.6,38000,-26.0
2026-09-11 21:09:04,PGT50FT,40.120377,32.584656,,,,-22.8
2026-09-11 21:09:04,TKJ6683,40.069094,32.811043,,,,-24.5
2026-09-11 21:09:34,ETD2,40.284851,32.486755,130.91,516.1,37000,-25.8
2026-09-11 21:09:34,THY6NH,40.220306,32.526855,304.52,423.6,38000,-26.0
2026-09-11 21:09:34,PGT50FT,40.120377,32.584656,,,,-22.8
2026-09-11 21:09:34,TKJ6683,40.069094,32.811043,,,,-24.5
2026-09-11 21:10:04,ETD2,40.284851,32.486755,130.91,516.1,37000,-25.8
2026-09-11 21:10:04,THY6NH,40.220306,32.526855,304.52,423.6,38000,-26.0
2026-09-11 21:10:04,PGT50FT,40.120377,32.584656,,,,-22.8
2026-09-11 21:10:04,TKJ6683,40.069094,32.811043,,,,-24.5
2026-09-11 21:10:34,ETD2,40.284851,32.486755,130.91,516.1,37000,-25.8
2026-09-11 21:10:34,THY6NH,40.220306,32.526855,304.52,423.6,38000,-26.0
2026-09-11 21:10:34,PGT50FT,40.120377,32.584656,,,,-22.8
2026-09-11 21:10:34,TKJ6683,40.069094,32.811043,,,,-24.5
2026-09-11 21:11:05,ETD2,40.284851,32.486755,130.91,516.1,37000,-25.8
2026-09-11 21:11:05,THY6NH,40.220306,32.526855,304.52,423.6,38000,-26.0
2026-09-11 21:11:05,PGT50FT,40.120377,32.584656,,,,-22.8
2026-09-11 21:11:05,TKJ6683,40.069094,32.811043,,,,-24.5
2026-09-11 21:11:35,ETD2,40.284851,32.486755,130.91,516.1,37000,-25.8
2026-09-11 21:11:35,THY6NH,40.220306,32.526855,304.52,423.6,38000,-26.0
2026-09-11 21:11:35,PGT50FT,40.120377,32.584656,,,,-22.8
2026-09-11 21:11:35,TKJ6683,40.069094,32.811043,,,,-24.5
2026-09-11 21:12:05,ETD2,40.284851,32.486755,130.91,516.1,37000,-25.8
2026-09-11 21:12:05,THY6NH,40.220306,32.526855,304.52,423.6,38000,-26.0
2026-09-11 21:12:05,PGT50FT,40.120377,32.584656,,,,-22.8
2026-09-11 21:12:05,TKJ6683,40.069094,32.811043,,,,-24.5
2026-09-11 21:12:35,ETD2,40.284851,32.486755,130.91,516.1,37000,-25.8
2026-09-11 21:12:35,THY6NH,40.220306,32.526855,304.52,423.6,38000,-26.0
2026-09-11 21:12:35,PGT50FT,40.120377,32.584656,,,,-22.8
2026-09-11 21:12:35,TKJ6683,40.069094,32.811043,,,,-24.5
2026-09-11 21:13:05,ETD2,40.284851,32.486755,130.91,516.1,37000,-25.8
2026-09-11 21:13:05,THY6NH,40.220306,32.526855,304.52,423.6,38000,-26.0
2026-09-11 21:13:05,PGT50FT,40.120377,32.584656,,,,-22.8
2026-09-11 21:13:05,TKJ6683,40.069094,32.811043,,,,-24.5
2026-09-11 21:13:35,ETD2,40.284851,32.486755,130.91,516.1,37000,-25.8
2026-09-11 21:13:35,THY6NH,40.220306,32.526855,304.52,423.6,38000,-26.0
2026-09-11 21:13:35,PGT50FT,40.120377,32.584656,,,,-22.8
2026-09-11 21:13:35,TKJ6683,40.069094,32.811043,,,,-24.5
2026-09-11 21:14:05,ETD2,40.284851,32.486755,130.91,516.1,37000,-25.8
2026-09-11 21:14:05,THY6NH,40.220306,32.526855,304.52,423.6,38000,-26.0
2026-09-11 21:14:05,PGT50FT,40.120377,32.584656,,,,-22.8
2026-09-11 21:14:05,TKJ6683,40.069094,32.811043,,,,-24.5
2026-09-11 21:14:35,ETD2,40.284851,32.486755,130.91,516.1,37000,-25.8
2026-09-11 21:14:35,THY6NH,40.220306,32.526855,304.52,423.6,38000,-26.0
2026-09-11 21:14:35,PGT50FT,40.120377,32.584656,,,,-22.8
2026-09-11 21:14:35,TKJ6683,40.069094,32.811043,,,,-24.5
2026-09-11 21:15:05,ETD2,40.284851,32.486755,130.91,516.1,37000,-25.8
2026-09-11 21:15:05,THY6NH,40.220306,32.526855,304.52,423.6,38000,-26.0
2026-09-11 21:15:05,PGT50FT,40.120377,32.584656,,,,-22.8
2026-09-11 21:15:05,TKJ6683,40.069094,32.811043,,,,-24.5
2026-09-11 21:15:35,ETD2,40.284851,32.486755,130.91,516.1,37000,-25.8
2026-09-11 21:15:35,THY6NH,40.220306,32.526855,304.52,423.6,38000,-26.0
2026-09-11 21:15:35,PGT50FT,40.120377,32.584656,,,,-22.8
2026-09-11 21:15:35,TKJ6683,40.069094,32.811043,,,,-24.5
2026-09-11 21:16:05,ETD2,40.284851,32.486755,130.91,516.1,37000,-25.8
2026-09-11 21:16:05,THY6NH,40.220306,32.526855,304.52,423.6,38000,-26.0
2026-09-11 21:16:05,PGT50FT,40.120377,32.584656,,,,-22.8
2026-09-11 21:16:05,TKJ6683,40.069094,32.811043,,,,-24.5
2026-09-11 21:16:36,ETD2,40.284851,32.486755,130.91,516.1,37000,-25.8
2026-09-11 21:16:36,THY6NH,40.220306,32.526855,304.52,423.6,38000,-26.0
2026-09-11 21:16:36,PGT50FT,40.120377,32.584656,,,,-22.8
2026-09-11 21:16:36,TKJ6683,40.069094,32.811043,,,,-24.5
2026-09-11 21:17:06,ETD2,40.284851,32.486755,130.91,516.1,37000,-25.8
2026-09-11 21:17:06,THY6NH,40.220306,32.526855,304.52,423.6,38000,-26.0
2026-09-11 21:17:06,PGT50FT,40.120377,32.584656,,,,-22.8
2026-09-11 21:17:06,TKJ6683,40.069094,32.811043,,,,-24.5
2026-09-11 21:17:36,ETD2,40.284851,32.486755,130.91,516.1,37000,-25.8
2026-09-11 21:17:36,THY6NH,40.220306,32.526855,304.52,423.6,38000,-26.0
2026-09-11 21:17:36,PGT50FT,40.120377,32.584656,,,,-22.8
2026-09-11 21:17:36,TKJ6683,40.069094,32.811043,,,,-24.5
2026-09-11 21:18:06,ETD2,40.284851,32.486755,130.91,516.1,37000,-25.8
2026-09-11 21:18:06,THY6NH,40.220306,32.526855,304.52,423.6,38000,-26.0
2026-09-11 21:18:06,PGT50FT,40.120377,32.584656,,,,-22.8
2026-09-11 21:18:06,TKJ6683,40.069094,32.811043,,,,-24.5
2026-09-11 21:18:36,ETD2,40.284851,32.486755,130.91,516.1,37000,-25.8
2026-09-11 21:18:36,THY6NH,40.220306,32.526855,304.52,423.6,38000,-26.0
2026-09-11 21:18:36,PGT50FT,40.120377,32.584656,,,,-22.8
2026-09-11 21:18:36,TKJ6683,40.069094,32.811043,,,,-24.5
2026-09-11 21:19:06,ETD2,40.284851,32.486755,130.91,516.1,37000,-25.8
2026-09-11 21:19:06,THY6NH,40.220306,32.526855,304.52,423.6,38000,-26.0
2026-09-11 21:19:06,PGT50FT,40.120377,32.584656,,,,-22.8
2026-09-11 21:19:06,TKJ6683,40.069094,32.811043,,,,-24.5
2026-09-11 21:19:36,ETD2,40.284851,32.486755,130.91,516.1,37000,-25.8
2026-09-11 21:19:36,THY6NH,40.220306,32.526855,304.52,423.6,38000,-26.0
2026-09-11 21:19:36,PGT50FT,40.120377,32.584656,,,,-22.8
2026-09-11 21:19:36,TKJ6683,40.069094,32.811043,,,,-24.5
2026-09-11 21:20:06,ETD2,40.284851,32.486755,130.91,516.1,37000,-25.8
2026-09-11 21:20:06,THY6NH,40.220306,32.526855,304.52,423.6,38000,-26.0
2026-09-11 21:20:06,PGT50FT,40.120377,32.584656,,,,-22.8
2026-09-11 21:20:06,TKJ6683,40.069094,32.811043,,,,-24.5
2026-09-11 21:20:36,ETD2,40.284851,32.486755,130.91,516.1,37000,-25.8
2026-09-11 21:20:36,THY6NH,40.220306,32.526855,304.52,423.6,38000,-26.0
2026-09-11 21:20:36,PGT50FT,40.120377,32.584656,,,,-22.8
2026-09-11 21:20:36,TKJ6683,40.069094,32.811043,,,,-24.5
2026-09-11 21:21:06,ETD2,40.284851,32.486755,130.91,516.1,37000,-25.8
2026-09-11 21:21:06,THY6NH,40.220306,32.526855,304.52,423.6,38000,-26.0
2026-09-11 21:21:06,PGT50FT,40.120377,32.584656,,,,-22.8
2026-09-11 21:21:06,TKJ6683,40.069094,32.811043,,,,-24.5
2026-09-11 21:21:36,ETD2,40.284851,32.486755,130.91,516.1,37000,-25.8
2026-09-11 21:21:36,THY6NH,40.220306,32.526855,304.52,423.6,38000,-26.0
2026-09-11 21:21:36,PGT50FT,40.120377,32.584656,,,,-22.8
2026-09-11 21:21:36,TKJ6683,40.069094,32.811043,,,,-24.5
2026-09-11 21:22:06,ETD2,40.284851,32.486755,130.91,516.1,37000,-25.8
2026-09-11 21:22:06,THY6NH,40.220306,32.526855,304.52,423.6,38000,-26.0
2026-09-11 21:22:06,PGT50FT,40.120377,32.584656,,,,-22.8
2026-09-11 21:22:06,TKJ6683,40.069094,32.811043,,,,-24.5
2026-09-11 21:22:37,ETD2,40.284851,32.486755,130.91,516.1,37000,-25.8
2026-09-11 21:22:37,THY6NH,40.220306,32.526855,304.52,423.6,38000,-26.0
2026-09-11 21:22:37,PGT50FT,40.120377,32.584656,,,,-22.8
2026-09-11 21:22:37,TKJ6683,40.069094,32.811043,,,,-24.5
2026-09-11 21:23:07,ETD2,40.284851,32.486755,130.91,516.1,37000,-25.8
2026-09-11 21:23:07,THY6NH,40.220306,32.526855,304.52,423.6,38000,-26.0
2026-09-11 21:23:07,PGT50FT,40.120377,32.584656,,,,-22.8
2026-09-11 21:23:07,TKJ6683,40.069094,32.811043,,,,-24.5
2026-09-11 21:23:37,ETD2,40.284851,32.486755,130.91,516.1,37000,-25.8
2026-09-11 21:23:37,THY6NH,40.220306,32.526855,304.52,423.6,38000,-26.0
2026-09-11 21:23:37,PGT50FT,40.120377,32.584656,,,,-22.8
2026-09-11 21:23:37,TKJ6683,40.069094,32.811043,,,,-24.5
2026-09-11 21:24:07,ETD2,40.284851,32.486755,130.91,516.1,37000,-25.8
2026-09-11 21:24:07,THY6NH,40.220306,32.526855,304.52,423.6,38000,-26.0
2026-09-11 21:24:07,PGT50FT,40.120377,32.584656,,,,-22.8
2026-09-11 21:24:07,TKJ6683,40.069094,32.811043,,,,-24.5
2026-09-11 21:24:37,ETD2,40.284851,32.486755,130.91,516.1,37000,-25.8
2026-09-11 21:24:37,THY6NH,40.220306,32.526855,304.52,423.6,38000,-26.0
2026-09-11 21:24:37,PGT50FT,40.120377,32.584656,,,,-22.8
2026-09-11 21:24:37,TKJ6683,40.069094,32.811043,,,,-24.5
2026-09-11 21:25:07,ETD2,40.284851,32.486755,130.91,516.1,37000,-25.8
2026-09-11 21:25:07,THY6NH,40.220306,32.526855,304.52,423.6,38000,-26.0
2026-09-11 21:25:07,PGT50FT,40.120377,32.584656,,,,-22.8
2026-09-11 21:25:07,TKJ6683,40.069094,32.811043,,,,-24.5
2026-09-11 21:25:37,ETD2,40.284851,32.486755,130.91,516.1,37000,-25.8
2026-09-11 21:25:37,THY6NH,40.220306,32.526855,304.52,423.6,38000,-26.0
2026-09-11 21:25:37,PGT50FT,40.120377,32.584656,,,,-22.8
2026-09-11 21:25:37,TKJ6683,40.069094,32.811043,,,,-24.5
2026-09-11 21:26:07,ETD2,40.284851,32.486755,130.91,516.1,37000,-25.8
2026-09-11 21:26:07,THY6NH,40.220306,32.526855,304.52,423.6,38000,-26.0
2026-09-11 21:26:07,PGT50FT,40.120377,32.584656,,,,-22.8
2026-09-11 21:26:07,TKJ6683,40.069094,32.811043,,,,-24.5
2026-09-11 21:26:37,ETD2,40.284851,32.486755,130.91,516.1,37000,-25.8
2026-09-11 21:26:37,THY6NH,40.220306,32.526855,304.52,423.6,38000,-26.0
2026-09-11 21:26:37,PGT50FT,40.120377,32.584656,,,,-22.8
2026-09-11 21:26:37,TKJ6683,40.069094,32.811043,,,,-24.5
2026-09-11 21:27:07,ETD2,40.284851,32.486755,130.91,516.1,37000,-25.8
2026-09-11 21:27:07,THY6NH,40.220306,32.526855,304.52,423.6,38000,-26.0
2026-09-11 21:27:07,PGT50FT,40.120377,32.584656,,,,-22.8
2026-09-11 21:27:07,TKJ6683,40.069094,32.811043,,,,-24.5
2026-09-11 21:27:37,ETD2,40.284851,32.486755,130.91,516.1,37000,-25.8
2026-09-11 21:27:37,THY6NH,40.220306,32.526855,304.52,423.6,38000,-26.0
2026-09-11 21:27:37,PGT50FT,40.120377,32.584656,,,,-22.8
2026-09-11 21:27:37,TKJ6683,40.069094,32.811043,,,,-24.5
2026-09-11 21:28:08,ETD2,40.284851,32.486755,130.91,516.1,37000,-25.8
2026-09-11 21:28:08,THY6NH,40.220306,32.526855,304.52,423.6,38000,-26.0
2026-09-11 21:28:08,PGT50FT,40.120377,32.584656,,,,-22.8
2026-09-11 21:28:08,TKJ6683,40.069094,32.811043,,,,-24.5
2026-09-11 21:28:38,ETD2,40.284851,32.486755,130.91,516.1,37000,-25.8
2026-09-11 21:28:38,THY6NH,40.220306,32.526855,304.52,423.6,38000,-26.0
2026-09-11 21:28:38,PGT50FT,40.120377,32.584656,,,,-22.8
2026-09-11 21:28:38,TKJ6683,40.069094,32.811043,,,,-24.5
2026-09-11 21:29:08,ETD2,40.284851,32.486755,130.91,516.1,37000,-25.8
2026-09-11 21:29:08,THY6NH,40.220306,32.526855,304.52,423.6,38000,-26.0
2026-09-11 21:29:08,PGT50FT,40.120377,32.584656,,,,-22.8
2026-09-11 21:29:08,TKJ6683,40.069094,32.811043,,,,-24.5
2026-09-11 21:29:38,ETD2,40.284851,32.486755,130.91,516.1,37000,-25.8
2026-09-11 21:29:38,THY6NH,40.220306,32.526855,304.52,423.6,38000,-26.0
2026-09-11 21:29:38,PGT50FT,40.120377,32.584656,,,,-22.8
2026-09-11 21:29:38,TKJ6683,40.069094,32.811043,,,,-24.5
2026-09-11 21:30:08,ETD2,40.284851,32.486755,130.91,516.1,37000,-25.8
2026-09-11 21:30:08,THY6NH,40.220306,32.526855,304.52,423.6,38000,-26.0
2026-09-11 21:30:08,PGT50FT,40.120377,32.584656,,,,-22.8
2026-09-11 21:30:08,TKJ6683,40.069094,32.811043,,,,-24.5
2026-09-11 21:30:38,ETD2,40.284851,32.486755,130.91,516.1,37000,-25.8
2026-09-11 21:30:38,THY6NH,40.220306,32.526855,304.52,423.6,38000,-26.0
2026-09-11 21:30:38,PGT50FT,40.120377,32.584656,,,,-22.8
2026-09-11 21:30:38,TKJ6683,40.069094,32.811043,,,,-24.5
2026-09-11 21:31:08,ETD2,40.284851,32.486755,130.91,516.1,37000,-25.8
2026-09-11 21:31:08,THY6NH,40.220306,32.526855,304.52,423.6,38000,-26.0
2026-09-11 21:31:08,PGT50FT,40.120377,32.584656,,,,-22.8
2026-09-11 21:31:08,TKJ6683,40.069094,32.811043,,,,-24.5
2026-09-11 21:31:38,ETD2,40.284851,32.486755,130.91,516.1,37000,-25.8
2026-09-11 21:31:38,THY6NH,40.220306,32.526855,304.52,423.6,38000,-26.0
2026-09-11 21:31:38,PGT50FT,40.120377,32.584656,,,,-22.8
2026-09-11 21:31:38,TKJ6683,40.069094,32.811043,,,,-24.5
2026-09-11 21:32:08,ETD2,40.284851,32.486755,130.91,516.1,37000,-25.8
2026-09-11 21:32:08,THY6NH,40.220306,32.526855,304.52,423.6,38000,-26.0
2026-09-11 21:32:08,PGT50FT,40.120377,32.584656,,,,-22.8
2026-09-11 21:32:08,TKJ6683,40.069094,32.811043,,,,-24.5
2026-09-11 21:32:38,ETD2,40.284851,32.486755,130.91,516.1,37000,-25.8
2026-09-11 21:32:38,THY6NH,40.220306,32.526855,304.52,423.6,38000,-26.0
2026-09-11 21:32:38,PGT50FT,40.120377,32.584656,,,,-22.8
2026-09-11 21:32:38,TKJ6683,40.069094,32.811043,,,,-24.5
2026-09-11 21:33:08,ETD2,40.284851,32.486755,130.91,516.1,37000,-25.8
2026-09-11 21:33:08,THY6NH,40.220306,32.526855,304.52,423.6,38000,-26.0
2026-09-11 21:33:08,PGT50FT,40.120377,32.584656,,,,-22.8
2026-09-11 21:33:08,TKJ6683,40.069094,32.811043,,,,-24.5
2026-09-11 21:33:38,ETD2,40.284851,32.486755,130.91,516.1,37000,-25.8
2026-09-11 21:33:38,THY6NH,40.220306,32.526855,304.52,423.6,38000,-26.0
2026-09-11 21:33:38,PGT50FT,40.120377,32.584656,,,,-22.8
2026-09-11 21:33:38,TKJ6683,40.069094,32.811043,,,,-24.5
2026-09-11 21:34:09,ETD2,40.284851,32.486755,130.91,516.1,37000,-25.8
2026-09-11 21:34:09,THY6NH,40.220306,32.526855,304.52,423.6,38000,-26.0
2026-09-11 21:34:09,PGT50FT,40.120377,32.584656,,,,-22.8
2026-09-11 21:34:09,TKJ6683,40.069094,32.811043,,,,-24.5
2026-09-11 21:34:39,ETD2,40.284851,32.486755,130.91,516.1,37000,-25.8
2026-09-11 21:34:39,THY6NH,40.220306,32.526855,304.52,423.6,38000,-26.0
2026-09-11 21:34:39,PGT50FT,40.120377,32.584656,,,,-22.8
2026-09-11 21:34:39,TKJ6683,40.069094,32.811043,,,,-24.5
2026-09-11 21:35:09,ETD2,40.284851,32.486755,130.91,516.1,37000,-25.8
2026-09-11 21:35:09,THY6NH,40.220306,32.526855,304.52,423.6,38000,-26.0
2026-09-11 21:35:09,PGT50FT,40.120377,32.584656,,,,-22.8
2026-09-11 21:35:09,TKJ6683,40.069094,32.811043,,,,-24.5
2026-09-11 21:35:39,ETD2,40.284851,32.486755,130.91,516.1,37000,-25.8
2026-09-11 21:35:39,THY6NH,40.220306,32.526855,304.52,423.6,38000,-26.0
2026-09-11 21:35:39,PGT50FT,40.120377,32.584656,,,,-22.8
2026-09-11 21:35:39,TKJ6683,40.069094,32.811043,,,,-24.5
2026-09-11 21:36:09,ETD2,40.284851,32.486755,130.91,516.1,37000,-25.8
2026-09-11 21:36:09,THY6NH,40.220306,32.526855,304.52,423.6,38000,-26.0
2026-09-11 21:36:09,PGT50FT,40.120377,32.584656,,,,-22.8
2026-09-11 21:36:09,TKJ6683,40.069094,32.811043,,,,-24.5
2026-09-11 21:36:39,ETD2,40.284851,32.486755,130.91,516.1,37000,-25.8
2026-09-11 21:36:39,THY6NH,40.220306,32.526855,304.52,423.6,38000,-26.0
2026-09-11 21:36:39,PGT50FT,40.120377,32.584656,,,,-22.8
2026-09-11 21:36:39,TKJ6683,40.069094,32.811043,,,,-24.5
2026-09-11 21:37:09,ETD2,40.284851,32.486755,130.91,516.1,37000,-25.8
2026-09-11 21:37:09,THY6NH,40.220306,32.526855,304.52,423.6,38000,-26.0
2026-09-11 21:37:09,PGT50FT,40.120377,32.584656,,,,-22.8
2026-09-11 21:37:09,TKJ6683,40.069094,32.811043,,,,-24.5
2026-09-11 21:37:39,ETD2,40.284851,32.486755,130.91,516.1,37000,-25.8
2026-09-11 21:37:39,THY6NH,40.220306,32.526855,304.52,423.6,38000,-26.0
2026-09-11 21:37:39,PGT50FT,40.120377,32.584656,,,,-22.8
2026-09-11 21:37:39,TKJ6683,40.069094,32.811043,,,,-24.5
2026-09-11 21:38:09,ETD2,40.284851,32.486755,130.91,516.1,37000,-25.8
2026-09-11 21:38:09,THY6NH,40.220306,32.526855,304.52,423.6,38000,-26.0
2026-09-11 21:38:09,PGT50FT,40.120377,32.584656,,,,-22.8
2026-09-11 21:38:09,TKJ6683,40.069094,32.811043,,,,-24.5
2026-09-11 21:38:39,ETD2,40.284851,32.486755,130.91,516.1,37000,-25.8
2026-09-11 21:38:39,THY6NH,40.220306,32.526855,304.52,423.6,38000,-26.0
2026-09-11 21:38:39,PGT50FT,40.120377,32.584656,,,,-22.8
2026-09-11 21:38:39,TKJ6683,40.069094,32.811043,,,,-24.5
2026-09-11 21:39:09,ETD2,40.284851,32.486755,130.91,516.1,37000,-25.8
2026-09-11 21:39:09,THY6NH,40.220306,32.526855,304.52,423.6,38000,-26.0
2026-09-11 21:39:09,PGT50FT,40.120377,32.584656,,,,-22.8
2026-09-11 21:39:09,TKJ6683,40.069094,32.811043,,,,-24.5
2026-09-11 21:39:39,ETD2,40.284851,32.486755,130.91,516.1,37000,-25.8
2026-09-11 21:39:39,THY6NH,40.220306,32.526855,304.52,423.6,38000,-26.0
2026-09-11 21:39:39,PGT50FT,40.120377,32.584656,,,,-22.8
2026-09-11 21:39:39,TKJ6683,40.069094,32.811043,,,,-24.5
2026-09-11 21:40:10,ETD2,40.284851,32.486755,130.91,516.1,37000,-25.8
2026-09-11 21:40:10,THY6NH,40.220306,32.526855,304.52,423.6,38000,-26.0
2026-09-11 21:40:10,PGT50FT,40.120377,32.584656,,,,-22.8
2026-09-11 21:40:10,TKJ6683,40.069094,32.811043,,,,-24.5
2026-09-11 21:40:40,ETD2,40.284851,32.486755,130.91,516.1,37000,-25.8
2026-09-11 21:40:40,THY6NH,40.220306,32.526855,304.52,423.6,38000,-26.0
2026-09-11 21:40:40,PGT50FT,40.120377,32.584656,,,,-22.8
2026-09-11 21:40:40,TKJ6683,40.069094,32.811043,,,,-24.5
2026-09-11 21:41:10,ETD2,40.284851,32.486755,130.91,516.1,37000,-25.8
2026-09-11 21:41:10,THY6NH,40.220306,32.526855,304.52,423.6,38000,-26.0
2026-09-11 21:41:10,PGT50FT,40.120377,32.584656,,,,-22.8
2026-09-11 21:41:10,TKJ6683,40.069094,32.811043,,,,-24.5
2026-09-11 21:41:40,ETD2,40.284851,32.486755,130.91,516.1,37000,-25.8
2026-09-11 21:41:40,THY6NH,40.220306,32.526855,304.52,423.6,38000,-26.0
2026-09-11 21:41:40,PGT50FT,40.120377,32.584656,,,,-22.8
2026-09-11 21:41:40,TKJ6683,40.069094,32.811043,,,,-24.5
2026-09-11 21:42:10,ETD2,40.284851,32.486755,130.91,516.1,37000,-25.8
2026-09-11 21:42:10,THY6NH,40.220306,32.526855,304.52,423.6,38000,-26.0
2026-09-11 21:42:10,PGT50FT,40.120377,32.584656,,,,-22.8
2026-09-11 21:42:10,TKJ6683,40.069094,32.811043,,,,-24.5
2026-09-11 21:42:40,ETD2,40.284851,32.486755,130.91,516.1,37000,-25.8
2026-09-11 21:42:40,THY6NH,40.220306,32.526855,304.52,423.6,38000,-26.0
2026-09-11 21:42:40,PGT50FT,40.120377,32.584656,,,,-22.8
2026-09-11 21:42:40,TKJ6683,40.069094,32.811043,,,,-24.5
2026-09-11 21:43:10,ETD2,40.284851,32.486755,130.91,516.1,37000,-25.8
2026-09-11 21:43:10,THY6NH,40.220306,32.526855,304.52,423.6,38000,-26.0
2026-09-11 21:43:10,PGT50FT,40.120377,32.584656,,,,-22.8
2026-09-11 21:43:10,TKJ6683,40.069094,32.811043,,,,-24.5
2026-09-11 21:43:40,ETD2,40.284851,32.486755,130.91,516.1,37000,-25.8
2026-09-11 21:43:40,THY6NH,40.220306,32.526855,304.52,423.6,38000,-26.0
2026-09-11 21:43:40,PGT50FT,40.120377,32.584656,,,,-22.8
2026-09-11 21:43:40,TKJ6683,40.069094,32.811043,,,,-24.5
2026-09-11 21:44:10,ETD2,40.284851,32.486755,130.91,516.1,37000,-25.8
2026-09-11 21:44:10,THY6NH,40.220306,32.526855,304.52,423.6,38000,-26.0
2026-09-11 21:44:10,PGT50FT,40.120377,32.584656,,,,-22.8
2026-09-11 21:44:10,TKJ6683,40.069094,32.811043,,,,-24.5
2026-09-11 21:44:40,ETD2,40.284851,32.486755,130.91,516.1,37000,-25.8
2026-09-11 21:44:40,THY6NH,40.220306,32.526855,304.52,423.6,38000,-26.0
2026-09-11 21:44:40,PGT50FT,40.120377,32.584656,,,,-22.8
2026-09-11 21:44:40,TKJ6683,40.069094,32.811043,,,,-24.5
2026-09-11 21:45:10,ETD2,40.284851,32.486755,130.91,516.1,37000,-25.8
2026-09-11 21:45:10,THY6NH,40.220306,32.526855,304.52,423.6,38000,-26.0
2026-09-11 21:45:10,PGT50FT,40.120377,32.584656,,,,-22.8
2026-09-11 21:45:10,TKJ6683,40.069094,32.811043,,,,-24.5
2026-09-11 21:45:40,ETD2,40.284851,32.486755,130.91,516.1,37000,-25.8
2026-09-11 21:45:40,THY6NH,40.220306,32.526855,304.52,423.6,38000,-26.0
2026-09-11 21:45:40,PGT50FT,40.120377,32.584656,,,,-22.8
2026-09-11 21:45:40,TKJ6683,40.069094,32.811043,,,,-24.5
2026-09-11 21:46:11,ETD2,40.284851,32.486755,130.91,516.1,37000,-25.8
2026-09-11 21:46:11,THY6NH,40.220306,32.526855,304.52,423.6,38000,-26.0
2026-09-11 21:46:11,PGT50FT,40.120377,32.584656,,,,-22.8
2026-09-11 21:46:11,TKJ6683,40.069094,32.811043,,,,-24.5
2026-09-11 21:46:41,ETD2,40.284851,32.486755,130.91,516.1,37000,-25.8
2026-09-11 21:46:41,THY6NH,40.220306,32.526855,304.52,423.6,38000,-26.0
2026-09-11 21:46:41,PGT50FT,40.120377,32.584656,,,,-22.8
2026-09-11 21:46:41,TKJ6683,40.069094,32.811043,,,,-24.5
2026-09-11 21:47:11,ETD2,40.284851,32.486755,130.91,516.1,37000,-25.8
2026-09-11 21:47:11,THY6NH,40.220306,32.526855,304.52,423.6,38000,-26.0
2026-09-11 21:47:11,PGT50FT,40.120377,32.584656,,,,-22.8
2026-09-11 21:47:11,TKJ6683,40.069094,32.811043,,,,-24.5
2026-09-11 21:47:41,ETD2,40.284851,32.486755,130.91,516.1,37000,-25.8
2026-09-11 21:47:41,THY6NH,40.220306,32.526855,304.52,423.6,38000,-26.0
2026-09-11 21:47:41,PGT50FT,40.120377,32.584656,,,,-22.8
2026-09-11 21:47:41,TKJ6683,40.069094,32.811043,,,,-24.5
2026-09-11 21:48:11,ETD2,40.284851,32.486755,130.91,516.1,37000,-25.8
2026-09-11 21:48:11,THY6NH,40.220306,32.526855,304.52,423.6,38000,-26.0
2026-09-11 21:48:11,PGT50FT,40.120377,32.584656,,,,-22.8
2026-09-11 21:48:11,TKJ6683,40.069094,32.811043,,,,-24.5
2026-09-11 21:48:41,ETD2,40.284851,32.486755,130.91,516.1,37000,-25.8
2026-09-11 21:48:41,THY6NH,40.220306,32.526855,304.52,423.6,38000,-26.0
2026-09-11 21:48:41,PGT50FT,40.120377,32.584656,,,,-22.8
2026-09-11 21:48:41,TKJ6683,40.069094,32.811043,,,,-24.5
2026-09-11 21:49:11,ETD2,40.284851,32.486755,130.91,516.1,37000,-25.8
2026-09-11 21:49:11,THY6NH,40.220306,32.526855,304.52,423.6,38000,-26.0
2026-09-11 21:49:11,PGT50FT,40.120377,32.584656,,,,-22.8
2026-09-11 21:49:11,TKJ6683,40.069094,32.811043,,,,-24.5
2026-09-11 21:49:41,ETD2,40.284851,32.486755,130.91,516.1,37000,-25.8
2026-09-11 21:49:41,THY6NH,40.220306,32.526855,304.52,423.6,38000,-26.0
2026-09-11 21:49:41,PGT50FT,40.120377,32.584656,,,,-22.8
2026-09-11 21:49:41,TKJ6683,40.069094,32.811043,,,,-24.5
2026-09-11 21:50:11,ETD2,40.284851,32.486755,130.91,516.1,37000,-25.8
2026-09-11 21:50:11,THY6NH,40.220306,32.526855,304.52,423.6,38000,-26.0
2026-09-11 21:50:11,PGT50FT,40.120377,32.584656,,,,-22.8
2026-09-11 21:50:11,TKJ6683,40.069094,32.811043,,,,-24.5
2026-09-11 21:50:41,ETD2,40.284851,32.486755,130.91,516.1,37000,-25.8
2026-09-11 21:50:41,THY6NH,40.220306,32.526855,304.52,423.6,38000,-26.0
2026-09-11 21:50:41,PGT50FT,40.120377,32.584656,,,,-22.8
2026-09-11 21:50:41,TKJ6683,40.069094,32.811043,,,,-24.5
2026-09-11 21:51:11,ETD2,40.284851,32.486755,130.91,516.1,37000,-25.8
2026-09-11 21:51:11,THY6NH,40.220306,32.526855,304.52,423.6,38000,-26.0
2026-09-11 21:51:11,PGT50FT,40.120377,32.584656,,,,-22.8
2026-09-11 21:51:11,TKJ6683,40.069094,32.811043,,,,-24.5
2026-09-11 21:51:41,ETD2,40.284851,32.486755,130.91,516.1,37000,-25.8
2026-09-11 21:51:41,THY6NH,40.220306,32.526855,304.52,423.6,38000,-26.0
2026-09-11 21:51:41,PGT50FT,40.120377,32.584656,,,,-22.8
2026-09-11 21:51:41,TKJ6683,40.069094,32.811043,,,,-24.5
2026-09-11 21:52:12,ETD2,40.284851,32.486755,130.91,516.1,37000,-25.8
2026-09-11 21:52:12,THY6NH,40.220306,32.526855,304.52,423.6,38000,-26.0
2026-09-11 21:52:12,PGT50FT,40.120377,32.584656,,,,-22.8
2026-09-11 21:52:12,TKJ6683,40.069094,32.811043,,,,-24.5
2026-09-11 21:52:42,ETD2,40.284851,32.486755,130.91,516.1,37000,-25.8
2026-09-11 21:52:42,THY6NH,40.220306,32.526855,304.52,423.6,38000,-26.0
2026-09-11 21:52:42,PGT50FT,40.120377,32.584656,,,,-22.8
2026-09-11 21:52:42,TKJ6683,40.069094,32.811043,,,,-24.5
2026-09-11 21:53:12,ETD2,40.284851,32.486755,130.91,516.1,37000,-25.8
2026-09-11 21:53:12,THY6NH,40.220306,32.526855,304.52,423.6,38000,-26.0
2026-09-11 21:53:12,PGT50FT,40.120377,32.584656,,,,-22.8
2026-09-11 21:53:12,TKJ6683,40.069094,32.811043,,,,-24.5
2026-09-11 21:53:42,ETD2,40.284851,32.486755,130.91,516.1,37000,-25.8
2026-09-11 21:53:42,THY6NH,40.220306,32.526855,304.52,423.6,38000,-26.0
2026-09-11 21:53:42,PGT50FT,40.120377,32.584656,,,,-22.8
2026-09-11 21:53:42,TKJ6683,40.069094,32.811043,,,,-24.5
2026-09-11 21:54:12,ETD2,40.284851,32.486755,130.91,516.1,37000,-25.8
2026-09-11 21:54:12,THY6NH,40.220306,32.526855,304.52,423.6,38000,-26.0
2026-09-11 21:54:12,PGT50FT,40.120377,32.584656,,,,-22.8
2026-09-11 21:54:12,TKJ6683,40.069094,32.811043,,,,-24.5
2026-09-11 21:54:42,ETD2,40.284851,32.486755,130.91,516.1,37000,-25.8
2026-09-11 21:54:42,THY6NH,40.220306,32.526855,304.52,423.6,38000,-26.0
2026-09-11 21:54:42,PGT50FT,40.120377,32.584656,,,,-22.8
2026-09-11 21:54:42,TKJ6683,40.069094,32.811043,,,,-24.5
2026-09-11 21:55:12,ETD2,40.284851,32.486755,130.91,516.1,37000,-25.8
2026-09-11 21:55:12,THY6NH,40.220306,32.526855,304.52,423.6,38000,-26.0
2026-09-11 21:55:12,PGT50FT,40.120377,32.584656,,,,-22.8
2026-09-11 21:55:12,TKJ6683,40.069094,32.811043,,,,-24.5
2026-09-11 21:55:42,ETD2,40.284851,32.486755,130.91,516.1,37000,-25.8
2026-09-11 21:55:42,THY6NH,40.220306,32.526855,304.52,423.6,38000,-26.0
2026-09-11 21:55:42,PGT50FT,40.120377,32.584656,,,,-22.8
2026-09-11 21:55:42,TKJ6683,40.069094,32.811043,,,,-24.5
2026-09-11 21:56:12,ETD2,40.284851,32.486755,130.91,516.1,37000,-25.8
2026-09-11 21:56:12,THY6NH,40.220306,32.526855,304.52,423.6,38000,-26.0
2026-09-11 21:56:12,PGT50FT,40.120377,32.584656,,,,-22.8
2026-09-11 21:56:12,TKJ6683,40.069094,32.811043,,,,-24.5
2026-09-11 21:56:42,ETD2,40.284851,32.486755,130.91,516.1,37000,-25.8
2026-09-11 21:56:42,THY6NH,40.220306,32.526855,304.52,423.6,38000,-26.0
2026-09-11 21:56:42,PGT50FT,40.120377,32.584656,,,,-22.8
2026-09-11 21:56:42,TKJ6683,40.069094,32.811043,,,,-24.5
2026-09-11 21:57:12,ETD2,40.284851,32.486755,130.91,516.1,37000,-25.8
2026-09-11 21:57:12,THY6NH,40.220306,32.526855,304.52,423.6,38000,-26.0
2026-09-11 21:57:12,PGT50FT,40.120377,32.584656,,,,-22.8
2026-09-11 21:57:12,TKJ6683,40.069094,32.811043,,,,-24.5
2026-09-11 21:57:42,ETD2,40.284851,32.486755,130.91,516.1,37000,-25.8
2026-09-11 21:57:42,THY6NH,40.220306,32.526855,304.52,423.6,38000,-26.0
2026-09-11 21:57:42,PGT50FT,40.120377,32.584656,,,,-22.8
2026-09-11 21:57:42,TKJ6683,40.069094,32.811043,,,,-24.5
2026-09-11 21:58:13,ETD2,40.284851,32.486755,130.91,516.1,37000,-25.8
2026-09-11 21:58:13,THY6NH,40.220306,32.526855,304.52,423.6,38000,-26.0
2026-09-11 21:58:13,PGT50FT,40.120377,32.584656,,,,-22.8
2026-09-11 21:58:13,TKJ6683,40.069094,32.811043,,,,-24.5
2026-09-11 21:58:43,ETD2,40.284851,32.486755,130.91,516.1,37000,-25.8
2026-09-11 21:58:43,THY6NH,40.220306,32.526855,304.52,423.6,38000,-26.0
2026-09-11 21:58:43,PGT50FT,40.120377,32.584656,,,,-22.8
2026-09-11 21:58:43,TKJ6683,40.069094,32.811043,,,,-24.5
2026-09-11 21:59:13,ETD2,40.284851,32.486755,130.91,516.1,37000,-25.8
2026-09-11 21:59:13,THY6NH,40.220306,32.526855,304.52,423.6,38000,-26.0
2026-09-11 21:59:13,PGT50FT,40.120377,32.584656,,,,-22.8
2026-09-11 21:59:13,TKJ6683,40.069094,32.811043,,,,-24.5
2026-09-11 21:59:43,ETD2,40.284851,32.486755,130.91,516.1,37000,-25.8
2026-09-11 21:59:43,THY6NH,40.220306,32.526855,304.52,423.6,38000,-26.0
2026-09-11 21:59:43,PGT50FT,40.120377,32.584656,,,,-22.8
2026-09-11 21:59:43,TKJ6683,40.069094,32.811043,,,,-24.5
2026-09-11 22:00:13,ETD2,40.284851,32.486755,130.91,516.1,37000,-25.8
2026-09-11 22:00:13,THY6NH,40.220306,32.526855,304.52,423.6,38000,-26.0
2026-09-11 22:00:13,PGT50FT,40.120377,32.584656,,,,-22.8
2026-09-11 22:00:13,TKJ6683,40.069094,32.811043,,,,-24.5
2026-09-11 22:00:43,ETD2,40.284851,32.486755,130.91,516.1,37000,-25.8
2026-09-11 22:00:43,THY6NH,40.220306,32.526855,304.52,423.6,38000,-26.0
2026-09-11 22:00:43,PGT50FT,40.120377,32.584656,,,,-22.8
2026-09-11 22:00:43,TKJ6683,40.069094,32.811043,,,,-24.5
2026-09-11 22:01:13,ETD2,40.284851,32.486755,130.91,516.1,37000,-25.8
2026-09-11 22:01:13,THY6NH,40.220306,32.526855,304.52,423.6,38000,-26.0
2026-09-11 22:01:13,PGT50FT,40.120377,32.584656,,,,-22.8
2026-09-11 22:01:13,TKJ6683,40.069094,32.811043,,,,-24.5
2026-09-11 22:01:43,ETD2,40.284851,32.486755,130.91,516.1,37000,-25.8
2026-09-11 22:01:43,THY6NH,40.220306,32.526855,304.52,423.6,38000,-26.0
2026-09-11 22:01:43,PGT50FT,40.120377,32.584656,,,,-22.8
2026-09-11 22:01:43,TKJ6683,40.069094,32.811043,,,,-24.5
2026-09-11 22:02:13,ETD2,40.284851,32.486755,130.91,516.1,37000,-25.8
2026-09-11 22:02:13,THY6NH,40.220306,32.526855,304.52,423.6,38000,-26.0
2026-09-11 22:02:13,PGT50FT,40.120377,32.584656,,,,-22.8
2026-09-11 22:02:13,TKJ6683,40.069094,32.811043,,,,-24.5
2026-09-11 22:02:43,ETD2,40.284851,32.486755,130.91,516.1,37000,-25.8
2026-09-11 22:02:43,THY6NH,40.220306,32.526855,304.52,423.6,38000,-26.0
2026-09-11 22:02:43,PGT50FT,40.120377,32.584656,,,,-22.8
2026-09-11 22:02:43,TKJ6683,40.069094,32.811043,,,,-24.5
2026-09-11 22:03:13,ETD2,40.284851,32.486755,130.91,516.1,37000,-25.8
2026-09-11 22:03:13,THY6NH,40.220306,32.526855,304.52,423.6,38000,-26.0
2026-09-11 22:03:13,PGT50FT,40.120377,32.584656,,,,-22.8
2026-09-11 22:03:13,TKJ6683,40.069094,32.811043,,,,-24.5
2026-09-11 22:03:43,ETD2,40.284851,32.486755,130.91,516.1,37000,-25.8
2026-09-11 22:03:43,THY6NH,40.220306,32.526855,304.52,423.6,38000,-26.0
2026-09-11 22:03:43,PGT50FT,40.120377,32.584656,,,,-22.8
2026-09-11 22:03:43,TKJ6683,40.069094,32.811043,,,,-24.5
2026-09-11 22:04:14,ETD2,40.284851,32.486755,130.91,516.1,37000,-25.8
2026-09-11 22:04:14,THY6NH,40.220306,32.526855,304.52,423.6,38000,-26.0
2026-09-11 22:04:14,PGT50FT,40.120377,32.584656,,,,-22.8
2026-09-11 22:04:14,TKJ6683,40.069094,32.811043,,,,-24.5
2026-09-11 22:04:44,ETD2,40.284851,32.486755,130.91,516.1,37000,-25.8
2026-09-11 22:04:44,THY6NH,40.220306,32.526855,304.52,423.6,38000,-26.0
2026-09-11 22:04:44,PGT50FT,40.120377,32.584656,,,,-22.8
2026-09-11 22:04:44,TKJ6683,40.069094,32.811043,,,,-24.5
2026-09-11 22:05:14,ETD2,40.284851,32.486755,130.91,516.1,37000,-25.8
2026-09-11 22:05:14,THY6NH,40.220306,32.526855,304.52,423.6,38000,-26.0
2026-09-11 22:05:14,PGT50FT,40.120377,32.584656,,,,-22.8
2026-09-11 22:05:14,TKJ6683,40.069094,32.811043,,,,-24.5
2026-09-11 22:05:44,ETD2,40.284851,32.486755,130.91,516.1,37000,-25.8
2026-09-11 22:05:44,THY6NH,40.220306,32.526855,304.52,423.6,38000,-26.0
2026-09-11 22:05:44,PGT50FT,40.120377,32.584656,,,,-22.8
2026-09-11 22:05:44,TKJ6683,40.069094,32.811043,,,,-24.5
2026-09-11 22:06:14,ETD2,40.284851,32.486755,130.91,516.1,37000,-25.8
2026-09-11 22:06:14,THY6NH,40.220306,32.526855,304.52,423.6,38000,-26.0
2026-09-11 22:06:14,PGT50FT,40.120377,32.584656,,,,-22.8
2026-09-11 22:06:14,TKJ6683,40.069094,32.811043,,,,-24.5
2026-09-11 22:06:44,ETD2,40.284851,32.486755,130.91,516.1,37000,-25.8
2026-09-11 22:06:44,THY6NH,40.220306,32.526855,304.52,423.6,38000,-26.0
2026-09-11 22:06:44,PGT50FT,40.120377,32.584656,,,,-22.8
2026-09-11 22:06:44,TKJ6683,40.069094,32.811043,,,,-24.5
2026-09-11 22:07:14,ETD2,40.284851,32.486755,130.91,516.1,37000,-25.8
2026-09-11 22:07:14,THY6NH,40.220306,32.526855,304.52,423.6,38000,-26.0
2026-09-11 22:07:14,PGT50FT,40.120377,32.584656,,,,-22.8
2026-09-11 22:07:14,TKJ6683,40.069094,32.811043,,,,-24.5
2026-09-11 22:07:44,ETD2,40.284851,32.486755,130.91,516.1,37000,-25.8
2026-09-11 22:07:44,THY6NH,40.220306,32.526855,304.52,423.6,38000,-26.0
2026-09-11 22:07:44,PGT50FT,40.120377,32.584656,,,,-22.8
2026-09-11 22:07:44,TKJ6683,40.069094,32.811043,,,,-24.5
2026-09-11 22:08:14,ETD2,40.284851,32.486755,130.91,516.1,37000,-25.8
2026-09-11 22:08:14,THY6NH,40.220306,32.526855,304.52,423.6,38000,-26.0
2026-09-11 22:08:14,PGT50FT,40.120377,32.584656,,,,-22.8
2026-09-11 22:08:14,TKJ6683,40.069094,32.811043,,,,-24.5
2026-09-11 22:08:44,ETD2,40.284851,32.486755,130.91,516.1,37000,-25.8
2026-09-11 22:08:44,THY6NH,40.220306,32.526855,304.52,423.6,38000,-26.0
2026-09-11 22:08:44,PGT50FT,40.120377,32.584656,,,,-22.8
2026-09-11 22:08:44,TKJ6683,40.069094,32.811043,,,,-24.5
2026-09-11 22:09:14,ETD2,40.284851,32.486755,130.91,516.1,37000,-25.8
2026-09-11 22:09:14,THY6NH,40.220306,32.526855,304.52,423.6,38000,-26.0
2026-09-11 22:09:14,PGT50FT,40.120377,32.584656,,,,-22.8
2026-09-11 22:09:14,TKJ6683,40.069094,32.811043,,,,-24.5
2026-09-11 22:09:44,ETD2,40.284851,32.486755,130.91,516.1,37000,-25.8
2026-09-11 22:09:44,THY6NH,40.220306,32.526855,304.52,423.6,38000,-26.0
2026-09-11 22:09:44,PGT50FT,40.120377,32.584656,,,,-22.8
2026-09-11 22:09:44,TKJ6683,40.069094,32.811043,,,,-24.5
2026-09-11 22:10:14,ETD2,40.284851,32.486755,130.91,516.1,37000,-25.8
2026-09-11 22:10:14,THY6NH,40.220306,32.526855,304.52,423.6,38000,-26.0
2026-09-11 22:10:14,PGT50FT,40.120377,32.584656,,,,-22.8
2026-09-11 22:10:14,TKJ6683,40.069094,32.811043,,,,-24.5
2026-09-11 22:10:45,ETD2,40.284851,32.486755,130.91,516.1,37000,-25.8
2026-09-11 22:10:45,THY6NH,40.220306,32.526855,304.52,423.6,38000,-26.0
2026-09-11 22:10:45,PGT50FT,40.120377,32.584656,,,,-22.8
2026-09-11 22:10:45,TKJ6683,40.069094,32.811043,,,,-24.5
2026-09-11 22:11:15,ETD2,40.284851,32.486755,130.91,516.1,37000,-25.8
2026-09-11 22:11:15,THY6NH,40.220306,32.526855,304.52,423.6,38000,-26.0
2026-09-11 22:11:15,PGT50FT,40.120377,32.584656,,,,-22.8
2026-09-11 22:11:15,TKJ6683,40.069094,32.811043,,,,-24.5
2026-09-11 22:11:45,ETD2,40.284851,32.486755,130.91,516.1,37000,-25.8
2026-09-11 22:11:45,THY6NH,40.220306,32.526855,304.52,423.6,38000,-26.0
2026-09-11 22:11:45,PGT50FT,40.120377,32.584656,,,,-22.8
2026-09-11 22:11:45,TKJ6683,40.069094,32.811043,,,,-24.5
2026-09-11 22:12:15,ETD2,40.284851,32.486755,130.91,516.1,37000,-25.8
2026-09-11 22:12:15,THY6NH,40.220306,32.526855,304.52,423.6,38000,-26.0
2026-09-11 22:12:15,PGT50FT,40.120377,32.584656,,,,-22.8
2026-09-11 22:12:15,TKJ6683,40.069094,32.811043,,,,-24.5
2026-09-11 22:12:45,ETD2,40.284851,32.486755,130.91,516.1,37000,-25.8
2026-09-11 22:12:45,THY6NH,40.220306,32.526855,304.52,423.6,38000,-26.0
2026-09-11 22:12:45,PGT50FT,40.120377,32.584656,,,,-22.8
2026-09-11 22:12:45,TKJ6683,40.069094,32.811043,,,,-24.5
2026-09-11 22:13:15,ETD2,40.284851,32.486755,130.91,516.1,37000,-25.8
2026-09-11 22:13:15,THY6NH,40.220306,32.526855,304.52,423.6,38000,-26.0
2026-09-11 22:13:15,PGT50FT,40.120377,32.584656,,,,-22.8
2026-09-11 22:13:15,TKJ6683,40.069094,32.811043,,,,-24.5
2026-09-11 22:13:45,ETD2,40.284851,32.486755,130.91,516.1,37000,-25.8
2026-09-11 22:13:45,THY6NH,40.220306,32.526855,304.52,423.6,38000,-26.0
2026-09-11 22:13:45,PGT50FT,40.120377,32.584656,,,,-22.8
2026-09-11 22:13:45,TKJ6683,40.069094,32.811043,,,,-24.5
2026-09-11 22:14:15,ETD2,40.284851,32.486755,130.91,516.1,37000,-25.8
2026-09-11 22:14:15,THY6NH,40.220306,32.526855,304.52,423.6,38000,-26.0
2026-09-11 22:14:15,PGT50FT,40.120377,32.584656,,,,-22.8
2026-09-11 22:14:15,TKJ6683,40.069094,32.811043,,,,-24.5
2026-09-11 22:14:45,ETD2,40.284851,32.486755,130.91,516.1,37000,-25.8
2026-09-11 22:14:45,THY6NH,40.220306,32.526855,304.52,423.6,38000,-26.0
2026-09-11 22:14:45,PGT50FT,40.120377,32.584656,,,,-22.8
2026-09-11 22:14:45,TKJ6683,40.069094,32.811043,,,,-24.5
2026-09-11 22:15:15,ETD2,40.284851,32.486755,130.91,516.1,37000,-25.8
2026-09-11 22:15:15,THY6NH,40.220306,32.526855,304.52,423.6,38000,-26.0
2026-09-11 22:15:15,PGT50FT,40.120377,32.584656,,,,-22.8
2026-09-11 22:15:15,TKJ6683,40.069094,32.811043,,,,-24.5
2026-09-11 22:15:45,ETD2,40.284851,32.486755,130.91,516.1,37000,-25.8
2026-09-11 22:15:45,THY6NH,40.220306,32.526855,304.52,423.6,38000,-26.0
2026-09-11 22:15:45,PGT50FT,40.120377,32.584656,,,,-22.8
2026-09-11 22:15:45,TKJ6683,40.069094,32.811043,,,,-24.5
2026-09-11 22:16:16,ETD2,40.284851,32.486755,130.91,516.1,37000,-25.8
2026-09-11 22:16:16,THY6NH,40.220306,32.526855,304.52,423.6,38000,-26.0
2026-09-11 22:16:16,PGT50FT,40.120377,32.584656,,,,-22.8
2026-09-11 22:16:16,TKJ6683,40.069094,32.811043,,,,-24.5
2026-09-11 22:16:46,ETD2,40.284851,32.486755,130.91,516.1,37000,-25.8
2026-09-11 22:16:46,THY6NH,40.220306,32.526855,304.52,423.6,38000,-26.0
2026-09-11 22:16:46,PGT50FT,40.120377,32.584656,,,,-22.8
2026-09-11 22:16:46,TKJ6683,40.069094,32.811043,,,,-24.5
2026-09-11 22:17:16,ETD2,40.284851,32.486755,130.91,516.1,37000,-25.8
2026-09-11 22:17:16,THY6NH,40.220306,32.526855,304.52,423.6,38000,-26.0
2026-09-11 22:17:16,PGT50FT,40.120377,32.584656,,,,-22.8
2026-09-11 22:17:16,TKJ6683,40.069094,32.811043,,,,-24.5
2026-09-11 22:17:46,ETD2,40.284851,32.486755,130.91,516.1,37000,-25.8
2026-09-11 22:17:46,THY6NH,40.220306,32.526855,304.52,423.6,38000,-26.0
2026-09-11 22:17:46,PGT50FT,40.120377,32.584656,,,,-22.8
2026-09-11 22:17:46,TKJ6683,40.069094,32.811043,,,,-24.5
2026-09-11 22:18:16,ETD2,40.284851,32.486755,130.91,516.1,37000,-25.8
2026-09-11 22:18:16,THY6NH,40.220306,32.526855,304.52,423.6,38000,-26.0
2026-09-11 22:18:16,PGT50FT,40.120377,32.584656,,,,-22.8
2026-09-11 22:18:16,TKJ6683,40.069094,32.811043,,,,-24.5
2026-09-11 22:18:46,ETD2,40.284851,32.486755,130.91,516.1,37000,-25.8
2026-09-11 22:18:46,THY6NH,40.220306,32.526855,304.52,423.6,38000,-26.0
2026-09-11 22:18:46,PGT50FT,40.120377,32.584656,,,,-22.8
2026-09-11 22:18:46,TKJ6683,40.069094,32.811043,,,,-24.5
2026-09-11 22:19:16,ETD2,40.284851,32.486755,130.91,516.1,37000,-25.8
2026-09-11 22:19:16,THY6NH,40.220306,32.526855,304.52,423.6,38000,-26.0
2026-09-11 22:19:16,PGT50FT,40.120377,32.584656,,,,-22.8
2026-09-11 22:19:16,TKJ6683,40.069094,32.811043,,,,-24.5
2026-09-11 22:19:46,ETD2,40.284851,32.486755,130.91,516.1,37000,-25.8
2026-09-11 22:19:46,THY6NH,40.220306,32.526855,304.52,423.6,38000,-26.0
2026-09-11 22:19:46,PGT50FT,40.120377,32.584656,,,,-22.8
2026-09-11 22:19:46,TKJ6683,40.069094,32.811043,,,,-24.5
2026-09-11 22:20:16,ETD2,40.284851,32.486755,130.91,516.1,37000,-25.8
2026-09-11 22:20:16,THY6NH,40.220306,32.526855,304.52,423.6,38000,-26.0
2026-09-11 22:20:16,PGT50FT,40.120377,32.584656,,,,-22.8
2026-09-11 22:20:16,TKJ6683,40.069094,32.811043,,,,-24.5
2026-09-11 22:20:46,ETD2,40.284851,32.486755,130.91,516.1,37000,-25.8
2026-09-11 22:20:46,THY6NH,40.220306,32.526855,304.52,423.6,38000,-26.0
2026-09-11 22:20:46,PGT50FT,40.120377,32.584656,,,,-22.8
2026-09-11 22:20:46,TKJ6683,40.069094,32.811043,,,,-24.5
2026-09-11 22:21:16,ETD2,40.284851,32.486755,130.91,516.1,37000,-25.8
2026-09-11 22:21:16,THY6NH,40.220306,32.526855,304.52,423.6,38000,-26.0
2026-09-11 22:21:16,PGT50FT,40.120377,32.584656,,,,-22.8
2026-09-11 22:21:16,TKJ6683,40.069094,32.811043,,,,-24.5
2026-09-11 22:21:46,ETD2,40.284851,32.486755,130.91,516.1,37000,-25.8
2026-09-11 22:21:46,THY6NH,40.220306,32.526855,304.52,423.6,38000,-26.0
2026-09-11 22:21:46,PGT50FT,40.120377,32.584656,,,,-22.8
2026-09-11 22:21:46,TKJ6683,40.069094,32.811043,,,,-24.5
2026-09-11 22:22:16,ETD2,40.284851,32.486755,130.91,516.1,37000,-25.8
2026-09-11 22:22:16,THY6NH,40.220306,32.526855,304.52,423.6,38000,-26.0
2026-09-11 22:22:16,PGT50FT,40.120377,32.584656,,,,-22.8
2026-09-11 22:22:16,TKJ6683,40.069094,32.811043,,,,-24.5
2026-09-11 22:22:47,ETD2,40.284851,32.486755,130.91,516.1,37000,-25.8
2026-09-11 22:22:47,THY6NH,40.220306,32.526855,304.52,423.6,38000,-26.0
2026-09-11 22:22:47,PGT50FT,40.120377,32.584656,,,,-22.8
2026-09-11 22:22:47,TKJ6683,40.069094,32.811043,,,,-24.5
2026-09-11 22:23:17,ETD2,40.284851,32.486755,130.91,516.1,37000,-25.8
2026-09-11 22:23:17,THY6NH,40.220306,32.526855,304.52,423.6,38000,-26.0
2026-09-11 22:23:17,PGT50FT,40.120377,32.584656,,,,-22.8
2026-09-11 22:23:17,TKJ6683,40.069094,32.811043,,,,-24.5
2026-09-11 22:23:47,ETD2,40.284851,32.486755,130.91,516.1,37000,-25.8
2026-09-11 22:23:47,THY6NH,40.220306,32.526855,304.52,423.6,38000,-26.0
2026-09-11 22:23:47,PGT50FT,40.120377,32.584656,,,,-22.8
2026-09-11 22:23:47,TKJ6683,40.069094,32.811043,,,,-24.5
2026-09-11 22:24:17,ETD2,40.284851,32.486755,130.91,516.1,37000,-25.8
2026-09-11 22:24:17,THY6NH,40.220306,32.526855,304.52,423.6,38000,-26.0
2026-09-11 22:24:17,PGT50FT,40.120377,32.584656,,,,-22.8
2026-09-11 22:24:17,TKJ6683,40.069094,32.811043,,,,-24.5
2026-09-11 22:24:47,ETD2,40.284851,32.486755,130.91,516.1,37000,-25.8
2026-09-11 22:24:47,THY6NH,40.220306,32.526855,304.52,423.6,38000,-26.0
2026-09-11 22:24:47,PGT50FT,40.120377,32.584656,,,,-22.8
2026-09-11 22:24:47,TKJ6683,40.069094,32.811043,,,,-24.5
2026-09-11 22:25:17,ETD2,40.284851,32.486755,130.91,516.1,37000,-25.8
2026-09-11 22:25:17,THY6NH,40.220306,32.526855,304.52,423.6,38000,-26.0
2026-09-11 22:25:17,PGT50FT,40.120377,32.584656,,,,-22.8
2026-09-11 22:25:17,TKJ6683,40.069094,32.811043,,,,-24.5
2026-09-11 22:25:47,ETD2,40.284851,32.486755,130.91,516.1,37000,-25.8
2026-09-11 22:25:47,THY6NH,40.220306,32.526855,304.52,423.6,38000,-26.0
2026-09-11 22:25:47,PGT50FT,40.120377,32.584656,,,,-22.8
2026-09-11 22:25:47,TKJ6683,40.069094,32.811043,,,,-24.5
2026-09-11 22:26:17,ETD2,40.284851,32.486755,130.91,516.1,37000,-25.8
2026-09-11 22:26:17,THY6NH,40.220306,32.526855,304.52,423.6,38000,-26.0
2026-09-11 22:26:17,PGT50FT,40.120377,32.584656,,,,-22.8
2026-09-11 22:26:17,TKJ6683,40.069094,32.811043,,,,-24.5
2026-09-11 22:26:47,ETD2,40.284851,32.486755,130.91,516.1,37000,-25.8
2026-09-11 22:26:47,THY6NH,40.220306,32.526855,304.52,423.6,38000,-26.0
2026-09-11 22:26:47,PGT50FT,40.120377,32.584656,,,,-22.8
2026-09-11 22:26:47,TKJ6683,40.069094,32.811043,,,,-24.5
2026-09-11 22:27:17,ETD2,40.284851,32.486755,130.91,516.1,37000,-25.8
2026-09-11 22:27:17,THY6NH,40.220306,32.526855,304.52,423.6,38000,-26.0
2026-09-11 22:27:17,PGT50FT,40.120377,32.584656,,,,-22.8
2026-09-11 22:27:17,TKJ6683,40.069094,32.811043,,,,-24.5
2026-09-11 22:27:47,ETD2,40.284851,32.486755,130.91,516.1,37000,-25.8
2026-09-11 22:27:47,THY6NH,40.220306,32.526855,304.52,423.6,38000,-26.0
2026-09-11 22:27:47,PGT50FT,40.120377,32.584656,,,,-22.8
2026-09-11 22:27:47,TKJ6683,40.069094,32.811043,,,,-24.5
2026-09-11 22:28:17,ETD2,40.284851,32.486755,130.91,516.1,37000,-25.8
2026-09-11 22:28:17,THY6NH,40.220306,32.526855,304.52,423.6,38000,-26.0
2026-09-11 22:28:17,PGT50FT,40.120377,32.584656,,,,-22.8
2026-09-11 22:28:17,TKJ6683,40.069094,32.811043,,,,-24.5
2026-09-11 22:28:48,ETD2,40.284851,32.486755,130.91,516.1,37000,-25.8
2026-09-11 22:28:48,THY6NH,40.220306,32.526855,304.52,423.6,38000,-26.0
2026-09-11 22:28:48,PGT50FT,40.120377,32.584656,,,,-22.8
2026-09-11 22:28:48,TKJ6683,40.069094,32.811043,,,,-24.5
2026-09-11 22:29:18,ETD2,40.284851,32.486755,130.91,516.1,37000,-25.8
2026-09-11 22:29:18,THY6NH,40.220306,32.526855,304.52,423.6,38000,-26.0
2026-09-11 22:29:18,PGT50FT,40.120377,32.584656,,,,-22.8
2026-09-11 22:29:18,TKJ6683,40.069094,32.811043,,,,-24.5
2026-09-11 22:29:48,ETD2,40.284851,32.486755,130.91,516.1,37000,-25.8
2026-09-11 22:29:48,THY6NH,40.220306,32.526855,304.52,423.6,38000,-26.0
2026-09-11 22:29:48,PGT50FT,40.120377,32.584656,,,,-22.8
2026-09-11 22:29:48,TKJ6683,40.069094,32.811043,,,,-24.5
2026-09-11 22:30:18,ETD2,40.284851,32.486755,130.91,516.1,37000,-25.8
2026-09-11 22:30:18,THY6NH,40.220306,32.526855,304.52,423.6,38000,-26.0
2026-09-11 22:30:18,PGT50FT,40.120377,32.584656,,,,-22.8
2026-09-11 22:30:18,TKJ6683,40.069094,32.811043,,,,-24.5
2026-09-11 22:30:48,ETD2,40.284851,32.486755,130.91,516.1,37000,-25.8
2026-09-11 22:30:48,THY6NH,40.220306,32.526855,304.52,423.6,38000,-26.0
2026-09-11 22:30:48,PGT50FT,40.120377,32.584656,,,,-22.8
2026-09-11 22:30:48,TKJ6683,40.069094,32.811043,,,,-24.5
2026-09-11 22:31:18,ETD2,40.284851,32.486755,130.91,516.1,37000,-25.8
2026-09-11 22:31:18,THY6NH,40.220306,32.526855,304.52,423.6,38000,-26.0
2026-09-11 22:31:18,PGT50FT,40.120377,32.584656,,,,-22.8
2026-09-11 22:31:18,TKJ6683,40.069094,32.811043,,,,-24.5
2026-09-11 22:31:48,ETD2,40.284851,32.486755,130.91,516.1,37000,-25.8
2026-09-11 22:31:48,THY6NH,40.220306,32.526855,304.52,423.6,38000,-26.0
2026-09-11 22:31:48,PGT50FT,40.120377,32.584656,,,,-22.8
2026-09-11 22:31:48,TKJ6683,40.069094,32.811043,,,,-24.5
2026-09-11 22:32:18,ETD2,40.284851,32.486755,130.91,516.1,37000,-25.8
2026-09-11 22:32:18,THY6NH,40.220306,32.526855,304.52,423.6,38000,-26.0
2026-09-11 22:32:18,PGT50FT,40.120377,32.584656,,,,-22.8
2026-09-11 22:32:18,TKJ6683,40.069094,32.811043,,,,-24.5
2026-09-11 22:32:48,ETD2,40.284851,32.486755,130.91,516.1,37000,-25.8
2026-09-11 22:32:48,THY6NH,40.220306,32.526855,304.52,423.6,38000,-26.0
2026-09-11 22:32:48,PGT50FT,40.120377,32.584656,,,,-22.8
2026-09-11 22:32:48,TKJ6683,40.069094,32.811043,,,,-24.5
2026-09-11 22:33:18,ETD2,40.284851,32.486755,130.91,516.1,37000,-25.8
2026-09-11 22:33:18,THY6NH,40.220306,32.526855,304.52,423.6,38000,-26.0
2026-09-11 22:33:18,PGT50FT,40.120377,32.584656,,,,-22.8
2026-09-11 22:33:18,TKJ6683,40.069094,32.811043,,,,-24.5
2026-09-11 22:33:48,ETD2,40.284851,32.486755,130.91,516.1,37000,-25.8
2026-09-11 22:33:48,THY6NH,40.220306,32.526855,304.52,423.6,38000,-26.0
2026-09-11 22:33:48,PGT50FT,40.120377,32.584656,,,,-22.8
2026-09-11 22:33:48,TKJ6683,40.069094,32.811043,,,,-24.5
2026-09-11 22:34:18,ETD2,40.284851,32.486755,130.91,516.1,37000,-25.8
2026-09-11 22:34:18,THY6NH,40.220306,32.526855,304.52,423.6,38000,-26.0
2026-09-11 22:34:18,PGT50FT,40.120377,32.584656,,,,-22.8
2026-09-11 22:34:18,TKJ6683,40.069094,32.811043,,,,-24.5
2026-09-11 22:34:49,ETD2,40.284851,32.486755,130.91,516.1,37000,-25.8
2026-09-11 22:34:49,THY6NH,40.220306,32.526855,304.52,423.6,38000,-26.0
2026-09-11 22:34:49,PGT50FT,40.120377,32.584656,,,,-22.8
2026-09-11 22:34:49,TKJ6683,40.069094,32.811043,,,,-24.5
2026-09-11 22:35:19,ETD2,40.284851,32.486755,130.91,516.1,37000,-25.8
2026-09-11 22:35:19,THY6NH,40.220306,32.526855,304.52,423.6,38000,-26.0
2026-09-11 22:35:19,PGT50FT,40.120377,32.584656,,,,-22.8
2026-09-11 22:35:19,TKJ6683,40.069094,32.811043,,,,-24.5
2026-09-11 22:35:49,ETD2,40.284851,32.486755,130.91,516.1,37000,-25.8
2026-09-11 22:35:49,THY6NH,40.220306,32.526855,304.52,423.6,38000,-26.0
2026-09-11 22:35:49,PGT50FT,40.120377,32.584656,,,,-22.8
2026-09-11 22:35:49,TKJ6683,40.069094,32.811043,,,,-24.5
2026-09-11 22:36:19,ETD2,40.284851,32.486755,130.91,516.1,37000,-25.8
2026-09-11 22:36:19,THY6NH,40.220306,32.526855,304.52,423.6,38000,-26.0
2026-09-11 22:36:19,PGT50FT,40.120377,32.584656,,,,-22.8
2026-09-11 22:36:19,TKJ6683,40.069094,32.811043,,,,-24.5
2026-09-11 22:36:49,ETD2,40.284851,32.486755,130.91,516.1,37000,-25.8
2026-09-11 22:36:49,THY6NH,40.220306,32.526855,304.52,423.6,38000,-26.0
2026-09-11 22:36:49,PGT50FT,40.120377,32.584656,,,,-22.8
2026-09-11 22:36:49,TKJ6683,40.069094,32.811043,,,,-24.5
2026-09-11 22:37:19,ETD2,40.284851,32.486755,130.91,516.1,37000,-25.8
2026-09-11 22:37:19,THY6NH,40.220306,32.526855,304.52,423.6,38000,-26.0
2026-09-11 22:37:19,PGT50FT,40.120377,32.584656,,,,-22.8
2026-09-11 22:37:19,TKJ6683,40.069094,32.811043,,,,-24.5
2026-09-11 22:37:49,ETD2,40.284851,32.486755,130.91,516.1,37000,-25.8
2026-09-11 22:37:49,THY6NH,40.220306,32.526855,304.52,423.6,38000,-26.0
2026-09-11 22:37:49,PGT50FT,40.120377,32.584656,,,,-22.8
2026-09-11 22:37:49,TKJ6683,40.069094,32.811043,,,,-24.5
2026-09-11 22:38:19,ETD2,40.284851,32.486755,130.91,516.1,37000,-25.8
2026-09-11 22:38:19,THY6NH,40.220306,32.526855,304.52,423.6,38000,-26.0
2026-09-11 22:38:19,PGT50FT,40.120377,32.584656,,,,-22.8
2026-09-11 22:38:19,TKJ6683,40.069094,32.811043,,,,-24.5
2026-09-11 22:38:49,ETD2,40.284851,32.486755,130.91,516.1,37000,-25.8
2026-09-11 22:38:49,THY6NH,40.220306,32.526855,304.52,423.6,38000,-26.0
2026-09-11 22:38:49,PGT50FT,40.120377,32.584656,,,,-22.8
2026-09-11 22:38:49,TKJ6683,40.069094,32.811043,,,,-24.5
2026-09-11 22:39:19,ETD2,40.284851,32.486755,130.91,516.1,37000,-25.8
2026-09-11 22:39:19,THY6NH,40.220306,32.526855,304.52,423.6,38000,-26.0
2026-09-11 22:39:19,PGT50FT,40.120377,32.584656,,,,-22.8
2026-09-11 22:39:19,TKJ6683,40.069094,32.811043,,,,-24.5
2026-09-11 22:39:49,ETD2,40.284851,32.486755,130.91,516.1,37000,-25.8
2026-09-11 22:39:49,THY6NH,40.220306,32.526855,304.52,423.6,38000,-26.0
2026-09-11 22:39:49,PGT50FT,40.120377,32.584656,,,,-22.8
2026-09-11 22:39:49,TKJ6683,40.069094,32.811043,,,,-24.5
2026-09-11 22:40:19,ETD2,40.284851,32.486755,130.91,516.1,37000,-25.8
2026-09-11 22:40:19,THY6NH,40.220306,32.526855,304.52,423.6,38000,-26.0
2026-09-11 22:40:19,PGT50FT,40.120377,32.584656,,,,-22.8
2026-09-11 22:40:19,TKJ6683,40.069094,32.811043,,,,-24.5
2026-09-11 22:40:50,ETD2,40.284851,32.486755,130.91,516.1,37000,-25.8
2026-09-11 22:40:50,THY6NH,40.220306,32.526855,304.52,423.6,38000,-26.0
2026-09-11 22:40:50,PGT50FT,40.120377,32.584656,,,,-22.8
2026-09-11 22:40:50,TKJ6683,40.069094,32.811043,,,,-24.5
2026-09-11 22:41:20,ETD2,40.284851,32.486755,130.91,516.1,37000,-25.8
2026-09-11 22:41:20,THY6NH,40.220306,32.526855,304.52,423.6,38000,-26.0
2026-09-11 22:41:20,PGT50FT,40.120377,32.584656,,,,-22.8
2026-09-11 22:41:20,TKJ6683,40.069094,32.811043,,,,-24.5
2026-09-11 22:41:50,ETD2,40.284851,32.486755,130.91,516.1,37000,-25.8
2026-09-11 22:41:50,THY6NH,40.220306,32.526855,304.52,423.6,38000,-26.0
2026-09-11 22:41:50,PGT50FT,40.120377,32.584656,,,,-22.8
2026-09-11 22:41:50,TKJ6683,40.069094,32.811043,,,,-24.5
2026-09-11 22:42:20,ETD2,40.284851,32.486755,130.91,516.1,37000,-25.8
2026-09-11 22:42:20,THY6NH,40.220306,32.526855,304.52,423.6,38000,-26.0
2026-09-11 22:42:20,PGT50FT,40.120377,32.584656,,,,-22.8
2026-09-11 22:42:20,TKJ6683,40.069094,32.811043,,,,-24.5
2026-09-11 22:42:50,ETD2,40.284851,32.486755,130.91,516.1,37000,-25.8
2026-09-11 22:42:50,THY6NH,40.220306,32.526855,304.52,423.6,38000,-26.0
2026-09-11 22:42:50,PGT50FT,40.120377,32.584656,,,,-22.8
2026-09-11 22:42:50,TKJ6683,40.069094,32.811043,,,,-24.5
2026-09-11 22:43:20,ETD2,40.284851,32.486755,130.91,516.1,37000,-25.8
2026-09-11 22:43:20,THY6NH,40.220306,32.526855,304.52,423.6,38000,-26.0
2026-09-11 22:43:20,PGT50FT,40.120377,32.584656,,,,-22.8
2026-09-11 22:43:20,TKJ6683,40.069094,32.811043,,,,-24.5
2026-09-11 22:43:50,ETD2,40.284851,32.486755,130.91,516.1,37000,-25.8
2026-09-11 22:43:50,THY6NH,40.220306,32.526855,304.52,423.6,38000,-26.0
2026-09-11 22:43:50,PGT50FT,40.120377,32.584656,,,,-22.8
2026-09-11 22:43:50,TKJ6683,40.069094,32.811043,,,,-24.5
2026-09-11 22:44:20,ETD2,40.284851,32.486755,130.91,516.1,37000,-25.8
2026-09-11 22:44:20,THY6NH,40.220306,32.526855,304.52,423.6,38000,-26.0
2026-09-11 22:44:20,PGT50FT,40.120377,32.584656,,,,-22.8
2026-09-11 22:44:20,TKJ6683,40.069094,32.811043,,,,-24.5
2026-09-11 22:44:50,ETD2,40.284851,32.486755,130.91,516.1,37000,-25.8
2026-09-11 22:44:50,THY6NH,40.220306,32.526855,304.52,423.6,38000,-26.0
2026-09-11 22:44:50,PGT50FT,40.120377,32.584656,,,,-22.8
2026-09-11 22:44:50,TKJ6683,40.069094,32.811043,,,,-24.5
2026-09-11 22:45:20,ETD2,40.284851,32.486755,130.91,516.1,37000,-25.8
2026-09-11 22:45:20,THY6NH,40.220306,32.526855,304.52,423.6,38000,-26.0
2026-09-11 22:45:20,PGT50FT,40.120377,32.584656,,,,-22.8
2026-09-11 22:45:20,TKJ6683,40.069094,32.811043,,,,-24.5
2026-09-11 22:45:50,ETD2,40.284851,32.486755,130.91,516.1,37000,-25.8
2026-09-11 22:45:50,THY6NH,40.220306,32.526855,304.52,423.6,38000,-26.0
2026-09-11 22:45:50,PGT50FT,40.120377,32.584656,,,,-22.8
2026-09-11 22:45:50,TKJ6683,40.069094,32.811043,,,,-24.5
2026-09-11 22:46:20,ETD2,40.284851,32.486755,130.91,516.1,37000,-25.8
2026-09-11 22:46:20,THY6NH,40.220306,32.526855,304.52,423.6,38000,-26.0
2026-09-11 22:46:20,PGT50FT,40.120377,32.584656,,,,-22.8
2026-09-11 22:46:20,TKJ6683,40.069094,32.811043,,,,-24.5
2026-09-11 22:46:51,ETD2,40.284851,32.486755,130.91,516.1,37000,-25.8
2026-09-11 22:46:51,THY6NH,40.220306,32.526855,304.52,423.6,38000,-26.0
2026-09-11 22:46:51,PGT50FT,40.120377,32.584656,,,,-22.8
2026-09-11 22:46:51,TKJ6683,40.069094,32.811043,,,,-24.5
2026-09-11 22:47:21,ETD2,40.284851,32.486755,130.91,516.1,37000,-25.8
2026-09-11 22:47:21,THY6NH,40.220306,32.526855,304.52,423.6,38000,-26.0
2026-09-11 22:47:21,PGT50FT,40.120377,32.584656,,,,-22.8
2026-09-11 22:47:21,TKJ6683,40.069094,32.811043,,,,-24.5
2026-09-11 22:47:51,ETD2,40.284851,32.486755,130.91,516.1,37000,-25.8
2026-09-11 22:47:51,THY6NH,40.220306,32.526855,304.52,423.6,38000,-26.0
2026-09-11 22:47:51,PGT50FT,40.120377,32.584656,,,,-22.8
2026-09-11 22:47:51,TKJ6683,40.069094,32.811043,,,,-24.5
2026-09-11 22:48:21,ETD2,40.284851,32.486755,130.91,516.1,37000,-25.8
2026-09-11 22:48:21,THY6NH,40.220306,32.526855,304.52,423.6,38000,-26.0
2026-09-11 22:48:21,PGT50FT,40.120377,32.584656,,,,-22.8
2026-09-11 22:48:21,TKJ6683,40.069094,32.811043,,,,-24.5
2026-09-11 22:48:51,ETD2,40.284851,32.486755,130.91,516.1,37000,-25.8
2026-09-11 22:48:51,THY6NH,40.220306,32.526855,304.52,423.6,38000,-26.0
2026-09-11 22:48:51,PGT50FT,40.120377,32.584656,,,,-22.8
2026-09-11 22:48:51,TKJ6683,40.069094,32.811043,,,,-24.5
2026-09-11 22:49:21,ETD2,40.284851,32.486755,130.91,516.1,37000,-25.8
2026-09-11 22:49:21,THY6NH,40.220306,32.526855,304.52,423.6,38000,-26.0
2026-09-11 22:49:21,PGT50FT,40.120377,32.584656,,,,-22.8
2026-09-11 22:49:21,TKJ6683,40.069094,32.811043,,,,-24.5
2026-09-11 22:49:51,ETD2,40.284851,32.486755,130.91,516.1,37000,-25.8
2026-09-11 22:49:51,THY6NH,40.220306,32.526855,304.52,423.6,38000,-26.0
2026-09-11 22:49:51,PGT50FT,40.120377,32.584656,,,,-22.8
2026-09-11 22:49:51,TKJ6683,40.069094,32.811043,,,,-24.5
2026-09-11 22:50:21,ETD2,40.284851,32.486755,130.91,516.1,37000,-25.8
2026-09-11 22:50:21,THY6NH,40.220306,32.526855,304.52,423.6,38000,-26.0
2026-09-11 22:50:21,PGT50FT,40.120377,32.584656,,,,-22.8
2026-09-11 22:50:21,TKJ6683,40.069094,32.811043,,,,-24.5
2026-09-11 22:50:51,ETD2,40.284851,32.486755,130.91,516.1,37000,-25.8
2026-09-11 22:50:51,THY6NH,40.220306,32.526855,304.52,423.6,38000,-26.0
2026-09-11 22:50:51,PGT50FT,40.120377,32.584656,,,,-22.8
2026-09-11 22:50:51,TKJ6683,40.069094,32.811043,,,,-24.5
2026-09-11 22:51:21,ETD2,40.284851,32.486755,130.91,516.1,37000,-25.8
2026-09-11 22:51:21,THY6NH,40.220306,32.526855,304.52,423.6,38000,-26.0
2026-09-11 22:51:21,PGT50FT,40.120377,32.584656,,,,-22.8
2026-09-11 22:51:21,TKJ6683,40.069094,32.811043,,,,-24.5
2026-09-11 22:51:51,ETD2,40.284851,32.486755,130.91,516.1,37000,-25.8
2026-09-11 22:51:51,THY6NH,40.220306,32.526855,304.52,423.6,38000,-26.0
2026-09-11 22:51:51,PGT50FT,40.120377,32.584656,,,,-22.8
2026-09-11 22:51:51,TKJ6683,40.069094,32.811043,,,,-24.5
2026-09-11 22:52:21,ETD2,40.284851,32.486755,130.91,516.1,37000,-25.8
2026-09-11 22:52:21,THY6NH,40.220306,32.526855,304.52,423.6,38000,-26.0
2026-09-11 22:52:21,PGT50FT,40.120377,32.584656,,,,-22.8
2026-09-11 22:52:21,TKJ6683,40.069094,32.811043,,,,-24.5
2026-09-11 22:52:52,ETD2,40.284851,32.486755,130.91,516.1,37000,-25.8
2026-09-11 22:52:52,THY6NH,40.220306,32.526855,304.52,423.6,38000,-26.0
2026-09-11 22:52:52,PGT50FT,40.120377,32.584656,,,,-22.8
2026-09-11 22:52:52,TKJ6683,40.069094,32.811043,,,,-24.5
2026-09-11 22:53:22,ETD2,40.284851,32.486755,130.91,516.1,37000,-25.8
2026-09-11 22:53:22,THY6NH,40.220306,32.526855,304.52,423.6,38000,-26.0
2026-09-11 22:53:22,PGT50FT,40.120377,32.584656,,,,-22.8
2026-09-11 22:53:22,TKJ6683,40.069094,32.811043,,,,-24.5
2026-09-11 22:53:52,ETD2,40.284851,32.486755,130.91,516.1,37000,-25.8
2026-09-11 22:53:52,THY6NH,40.220306,32.526855,304.52,423.6,38000,-26.0
2026-09-11 22:53:52,PGT50FT,40.120377,32.584656,,,,-22.8
2026-09-11 22:53:52,TKJ6683,40.069094,32.811043,,,,-24.5
2026-09-11 22:54:22,ETD2,40.284851,32.486755,130.91,516.1,37000,-25.8
2026-09-11 22:54:22,THY6NH,40.220306,32.526855,304.52,423.6,38000,-26.0
2026-09-11 22:54:22,PGT50FT,40.120377,32.584656,,,,-22.8
2026-09-11 22:54:22,TKJ6683,40.069094,32.811043,,,,-24.5
2026-09-11 22:54:52,ETD2,40.284851,32.486755,130.91,516.1,37000,-25.8
2026-09-11 22:54:52,THY6NH,40.220306,32.526855,304.52,423.6,38000,-26.0
2026-09-11 22:54:52,PGT50FT,40.120377,32.584656,,,,-22.8
2026-09-11 22:54:52,TKJ6683,40.069094,32.811043,,,,-24.5
2026-09-11 22:55:22,ETD2,40.284851,32.486755,130.91,516.1,37000,-25.8
2026-09-11 22:55:22,THY6NH,40.220306,32.526855,304.52,423.6,38000,-26.0
2026-09-11 22:55:22,PGT50FT,40.120377,32.584656,,,,-22.8
2026-09-11 22:55:22,TKJ6683,40.069094,32.811043,,,,-24.5
2026-09-11 22:55:52,ETD2,40.284851,32.486755,130.91,516.1,37000,-25.8
2026-09-11 22:55:52,THY6NH,40.220306,32.526855,304.52,423.6,38000,-26.0
2026-09-11 22:55:52,PGT50FT,40.120377,32.584656,,,,-22.8
2026-09-11 22:55:52,TKJ6683,40.069094,32.811043,,,,-24.5
2026-09-11 22:56:22,ETD2,40.284851,32.486755,130.91,516.1,37000,-25.8
2026-09-11 22:56:22,THY6NH,40.220306,32.526855,304.52,423.6,38000,-26.0
2026-09-11 22:56:22,PGT50FT,40.120377,32.584656,,,,-22.8
2026-09-11 22:56:22,TKJ6683,40.069094,32.811043,,,,-24.5
2026-09-11 22:56:52,ETD2,40.284851,32.486755,130.91,516.1,37000,-25.8
2026-09-11 22:56:52,THY6NH,40.220306,32.526855,304.52,423.6,38000,-26.0
2026-09-11 22:56:52,PGT50FT,40.120377,32.584656,,,,-22.8
2026-09-11 22:56:52,TKJ6683,40.069094,32.811043,,,,-24.5
2026-09-11 22:57:22,ETD2,40.284851,32.486755,130.91,516.1,37000,-25.8
2026-09-11 22:57:22,THY6NH,40.220306,32.526855,304.52,423.6,38000,-26.0
2026-09-11 22:57:22,PGT50FT,40.120377,32.584656,,,,-22.8
2026-09-11 22:57:22,TKJ6683,40.069094,32.811043,,,,-24.5
2026-09-11 22:57:52,ETD2,40.284851,32.486755,130.91,516.1,37000,-25.8
2026-09-11 22:57:52,THY6NH,40.220306,32.526855,304.52,423.6,38000,-26.0
2026-09-11 22:57:52,PGT50FT,40.120377,32.584656,,,,-22.8
2026-09-11 22:57:52,TKJ6683,40.069094,32.811043,,,,-24.5
2026-09-11 22:58:22,ETD2,40.284851,32.486755,130.91,516.1,37000,-25.8
2026-09-11 22:58:22,THY6NH,40.220306,32.526855,304.52,423.6,38000,-26.0
2026-09-11 22:58:22,PGT50FT,40.120377,32.584656,,,,-22.8
2026-09-11 22:58:22,TKJ6683,40.069094,32.811043,,,,-24.5
2026-09-11 22:58:53,ETD2,40.284851,32.486755,130.91,516.1,37000,-25.8
2026-09-11 22:58:53,THY6NH,40.220306,32.526855,304.52,423.6,38000,-26.0
2026-09-11 22:58:53,PGT50FT,40.120377,32.584656,,,,-22.8
2026-09-11 22:58:53,TKJ6683,40.069094,32.811043,,,,-24.5
2026-09-11 22:59:23,ETD2,40.284851,32.486755,130.91,516.1,37000,-25.8
2026-09-11 22:59:23,THY6NH,40.220306,32.526855,304.52,423.6,38000,-26.0
2026-09-11 22:59:23,PGT50FT,40.120377,32.584656,,,,-22.8
2026-09-11 22:59:23,TKJ6683,40.069094,32.811043,,,,-24.5
2026-09-11 22:59:53,ETD2,40.284851,32.486755,130.91,516.1,37000,-25.8
2026-09-11 22:59:53,THY6NH,40.220306,32.526855,304.52,423.6,38000,-26.0
2026-09-11 22:59:53,PGT50FT,40.120377,32.584656,,,,-22.8
2026-09-11 22:59:53,TKJ6683,40.069094,32.811043,,,,-24.5
2026-09-11 23:00:23,ETD2,40.284851,32.486755,130.91,516.1,37000,-25.8
2026-09-11 23:00:23,THY6NH,40.220306,32.526855,304.52,423.6,38000,-26.0
2026-09-11 23:00:23,PGT50FT,40.120377,32.584656,,,,-22.8
2026-09-11 23:00:23,TKJ6683,40.069094,32.811043,,,,-24.5
2026-09-11 23:00:53,ETD2,40.284851,32.486755,130.91,516.1,37000,-25.8
2026-09-11 23:00:53,THY6NH,40.220306,32.526855,304.52,423.6,38000,-26.0
2026-09-11 23:00:53,PGT50FT,40.120377,32.584656,,,,-22.8
2026-09-11 23:00:53,TKJ6683,40.069094,32.811043,,,,-24.5
2026-09-11 23:01:23,ETD2,40.284851,32.486755,130.91,516.1,37000,-25.8
2026-09-11 23:01:23,THY6NH,40.220306,32.526855,304.52,423.6,38000,-26.0
2026-09-11 23:01:23,PGT50FT,40.120377,32.584656,,,,-22.8
2026-09-11 23:01:23,TKJ6683,40.069094,32.811043,,,,-24.5
2026-09-11 23:01:53,ETD2,40.284851,32.486755,130.91,516.1,37000,-25.8
2026-09-11 23:01:53,THY6NH,40.220306,32.526855,304.52,423.6,38000,-26.0
2026-09-11 23:01:53,PGT50FT,40.120377,32.584656,,,,-22.8
2026-09-11 23:01:53,TKJ6683,40.069094,32.811043,,,,-24.5
2026-09-11 23:02:23,ETD2,40.284851,32.486755,130.91,516.1,37000,-25.8
2026-09-11 23:02:23,THY6NH,40.220306,32.526855,304.52,423.6,38000,-26.0
2026-09-11 23:02:23,PGT50FT,40.120377,32.584656,,,,-22.8
2026-09-11 23:02:23,TKJ6683,40.069094,32.811043,,,,-24.5
2026-09-11 23:02:53,ETD2,40.284851,32.486755,130.91,516.1,37000,-25.8
2026-09-11 23:02:53,THY6NH,40.220306,32.526855,304.52,423.6,38000,-26.0
2026-09-11 23:02:53,PGT50FT,40.120377,32.584656,,,,-22.8
2026-09-11 23:02:53,TKJ6683,40.069094,32.811043,,,,-24.5
2026-09-11 23:03:23,ETD2,40.284851,32.486755,130.91,516.1,37000,-25.8
2026-09-11 23:03:23,THY6NH,40.220306,32.526855,304.52,423.6,38000,-26.0
2026-09-11 23:03:23,PGT50FT,40.120377,32.584656,,,,-22.8
2026-09-11 23:03:23,TKJ6683,40.069094,32.811043,,,,-24.5
2026-09-11 23:03:53,ETD2,40.284851,32.486755,130.91,516.1,37000,-25.8
2026-09-11 23:03:53,THY6NH,40.220306,32.526855,304.52,423.6,38000,-26.0
2026-09-11 23:03:53,PGT50FT,40.120377,32.584656,,,,-22.8
2026-09-11 23:03:53,TKJ6683,40.069094,32.811043,,,,-24.5
2026-09-11 23:04:23,ETD2,40.284851,32.486755,130.91,516.1,37000,-25.8
2026-09-11 23:04:23,THY6NH,40.220306,32.526855,304.52,423.6,38000,-26.0
2026-09-11 23:04:23,PGT50FT,40.120377,32.584656,,,,-22.8
2026-09-11 23:04:23,TKJ6683,40.069094,32.811043,,,,-24.5
2026-09-11 23:04:53,ETD2,40.284851,32.486755,130.91,516.1,37000,-25.8
2026-09-11 23:04:53,THY6NH,40.220306,32.526855,304.52,423.6,38000,-26.0
2026-09-11 23:04:53,PGT50FT,40.120377,32.584656,,,,-22.8
2026-09-11 23:04:53,TKJ6683,40.069094,32.811043,,,,-24.5
2026-09-11 23:05:24,ETD2,40.284851,32.486755,130.91,516.1,37000,-25.8
2026-09-11 23:05:24,THY6NH,40.220306,32.526855,304.52,423.6,38000,-26.0
2026-09-11 23:05:24,PGT50FT,40.120377,32.584656,,,,-22.8
2026-09-11 23:05:24,TKJ6683,40.069094,32.811043,,,,-24.5
2026-09-11 23:05:54,ETD2,40.284851,32.486755,130.91,516.1,37000,-25.8
2026-09-11 23:05:54,THY6NH,40.220306,32.526855,304.52,423.6,38000,-26.0
2026-09-11 23:05:54,PGT50FT,40.120377,32.584656,,,,-22.8
2026-09-11 23:05:54,TKJ6683,40.069094,32.811043,,,,-24.5
2026-09-11 23:06:24,ETD2,40.284851,32.486755,130.91,516.1,37000,-25.8
2026-09-11 23:06:24,THY6NH,40.220306,32.526855,304.52,423.6,38000,-26.0
2026-09-11 23:06:24,PGT50FT,40.120377,32.584656,,,,-22.8
2026-09-11 23:06:24,TKJ6683,40.069094,32.811043,,,,-24.5
2026-09-11 23:06:54,ETD2,40.284851,32.486755,130.91,516.1,37000,-25.8
2026-09-11 23:06:54,THY6NH,40.220306,32.526855,304.52,423.6,38000,-26.0
2026-09-11 23:06:54,PGT50FT,40.120377,32.584656,,,,-22.8
2026-09-11 23:06:54,TKJ6683,40.069094,32.811043,,,,-24.5
2026-09-11 23:07:24,ETD2,40.284851,32.486755,130.91,516.1,37000,-25.8
2026-09-11 23:07:24,THY6NH,40.220306,32.526855,304.52,423.6,38000,-26.0
2026-09-11 23:07:24,PGT50FT,40.120377,32.584656,,,,-22.8
2026-09-11 23:07:24,TKJ6683,40.069094,32.811043,,,,-24.5
2026-09-11 23:07:54,ETD2,40.284851,32.486755,130.91,516.1,37000,-25.8
2026-09-11 23:07:54,THY6NH,40.220306,32.526855,304.52,423.6,38000,-26.0
2026-09-11 23:07:54,PGT50FT,40.120377,32.584656,,,,-22.8
2026-09-11 23:07:54,TKJ6683,40.069094,32.811043,,,,-24.5
2026-09-11 23:08:24,ETD2,40.284851,32.486755,130.91,516.1,37000,-25.8
2026-09-11 23:08:24,THY6NH,40.220306,32.526855,304.52,423.6,38000,-26.0
2026-09-11 23:08:24,PGT50FT,40.120377,32.584656,,,,-22.8
2026-09-11 23:08:24,TKJ6683,40.069094,32.811043,,,,-24.5
2026-09-11 23:08:54,ETD2,40.284851,32.486755,130.91,516.1,37000,-25.8
2026-09-11 23:08:54,THY6NH,40.220306,32.526855,304.52,423.6,38000,-26.0
2026-09-11 23:08:54,PGT50FT,40.120377,32.584656,,,,-22.8
2026-09-11 23:08:54,TKJ6683,40.069094,32.811043,,,,-24.5
2026-09-11 23:09:24,ETD2,40.284851,32.486755,130.91,516.1,37000,-25.8
2026-09-11 23:09:24,THY6NH,40.220306,32.526855,304.52,423.6,38000,-26.0
2026-09-11 23:09:24,PGT50FT,40.120377,32.584656,,,,-22.8
2026-09-11 23:09:24,TKJ6683,40.069094,32.811043,,,,-24.5
2026-09-11 23:09:54,ETD2,40.284851,32.486755,130.91,516.1,37000,-25.8
2026-09-11 23:09:54,THY6NH,40.220306,32.526855,304.52,423.6,38000,-26.0
2026-09-11 23:09:54,PGT50FT,40.120377,32.584656,,,,-22.8
2026-09-11 23:09:54,TKJ6683,40.069094,32.811043,,,,-24.5
2026-09-11 23:10:24,ETD2,40.284851,32.486755,130.91,516.1,37000,-25.8
2026-09-11 23:10:24,THY6NH,40.220306,32.526855,304.52,423.6,38000,-26.0
2026-09-11 23:10:24,PGT50FT,40.120377,32.584656,,,,-22.8
2026-09-11 23:10:24,TKJ6683,40.069094,32.811043,,,,-24.5
2026-09-11 23:10:54,ETD2,40.284851,32.486755,130.91,516.1,37000,-25.8
2026-09-11 23:10:54,THY6NH,40.220306,32.526855,304.52,423.6,38000,-26.0
2026-09-11 23:10:54,PGT50FT,40.120377,32.584656,,,,-22.8
2026-09-11 23:10:54,TKJ6683,40.069094,32.811043,,,,-24.5
2026-09-11 23:11:25,ETD2,40.284851,32.486755,130.91,516.1,37000,-25.8
2026-09-11 23:11:25,THY6NH,40.220306,32.526855,304.52,423.6,38000,-26.0
2026-09-11 23:11:25,PGT50FT,40.120377,32.584656,,,,-22.8
2026-09-11 23:11:25,TKJ6683,40.069094,32.811043,,,,-24.5
2026-09-11 23:11:55,ETD2,40.284851,32.486755,130.91,516.1,37000,-25.8
2026-09-11 23:11:55,THY6NH,40.220306,32.526855,304.52,423.6,38000,-26.0
2026-09-11 23:11:55,PGT50FT,40.120377,32.584656,,,,-22.8
2026-09-11 23:11:55,TKJ6683,40.069094,32.811043,,,,-24.5
2026-09-11 23:12:25,ETD2,40.284851,32.486755,130.91,516.1,37000,-25.8
2026-09-11 23:12:25,THY6NH,40.220306,32.526855,304.52,423.6,38000,-26.0
2026-09-11 23:12:25,PGT50FT,40.120377,32.584656,,,,-22.8
2026-09-11 23:12:25,TKJ6683,40.069094,32.811043,,,,-24.5
2026-09-11 23:12:55,ETD2,40.284851,32.486755,130.91,516.1,37000,-25.8
2026-09-11 23:12:55,THY6NH,40.220306,32.526855,304.52,423.6,38000,-26.0
2026-09-11 23:12:55,PGT50FT,40.120377,32.584656,,,,-22.8
2026-09-11 23:12:55,TKJ6683,40.069094,32.811043,,,,-24.5
2026-09-11 23:13:25,ETD2,40.284851,32.486755,130.91,516.1,37000,-25.8
2026-09-11 23:13:25,THY6NH,40.220306,32.526855,304.52,423.6,38000,-26.0
2026-09-11 23:13:25,PGT50FT,40.120377,32.584656,,,,-22.8
2026-09-11 23:13:25,TKJ6683,40.069094,32.811043,,,,-24.5
2026-09-11 23:13:55,ETD2,40.284851,32.486755,130.91,516.1,37000,-25.8
2026-09-11 23:13:55,THY6NH,40.220306,32.526855,304.52,423.6,38000,-26.0
2026-09-11 23:13:55,PGT50FT,40.120377,32.584656,,,,-22.8
2026-09-11 23:13:55,TKJ6683,40.069094,32.811043,,,,-24.5
2026-09-11 23:14:25,ETD2,40.284851,32.486755,130.91,516.1,37000,-25.8
2026-09-11 23:14:25,THY6NH,40.220306,32.526855,304.52,423.6,38000,-26.0
2026-09-11 23:14:25,PGT50FT,40.120377,32.584656,,,,-22.8
2026-09-11 23:14:25,TKJ6683,40.069094,32.811043,,,,-24.5
2026-09-11 23:14:55,ETD2,40.284851,32.486755,130.91,516.1,37000,-25.8
2026-09-11 23:14:55,THY6NH,40.220306,32.526855,304.52,423.6,38000,-26.0
2026-09-11 23:14:55,PGT50FT,40.120377,32.584656,,,,-22.8
2026-09-11 23:14:55,TKJ6683,40.069094,32.811043,,,,-24.5
2026-09-11 23:15:25,ETD2,40.284851,32.486755,130.91,516.1,37000,-25.8
2026-09-11 23:15:25,THY6NH,40.220306,32.526855,304.52,423.6,38000,-26.0
2026-09-11 23:15:25,PGT50FT,40.120377,32.584656,,,,-22.8
2026-09-11 23:15:25,TKJ6683,40.069094,32.811043,,,,-24.5
2026-09-11 23:15:55,ETD2,40.284851,32.486755,130.91,516.1,37000,-25.8
2026-09-11 23:15:55,THY6NH,40.220306,32.526855,304.52,423.6,38000,-26.0
2026-09-11 23:15:55,PGT50FT,40.120377,32.584656,,,,-22.8
2026-09-11 23:15:55,TKJ6683,40.069094,32.811043,,,,-24.5
2026-09-11 23:16:25,ETD2,40.284851,32.486755,130.91,516.1,37000,-25.8
2026-09-11 23:16:25,THY6NH,40.220306,32.526855,304.52,423.6,38000,-26.0
2026-09-11 23:16:25,PGT50FT,40.120377,32.584656,,,,-22.8
2026-09-11 23:16:25,TKJ6683,40.069094,32.811043,,,,-24.5
2026-09-11 23:16:55,ETD2,40.284851,32.486755,130.91,516.1,37000,-25.8
2026-09-11 23:16:55,THY6NH,40.220306,32.526855,304.52,423.6,38000,-26.0
2026-09-11 23:16:55,PGT50FT,40.120377,32.584656,,,,-22.8
2026-09-11 23:16:55,TKJ6683,40.069094,32.811043,,,,-24.5
2026-09-11 23:17:25,ETD2,40.284851,32.486755,130.91,516.1,37000,-25.8
2026-09-11 23:17:25,THY6NH,40.220306,32.526855,304.52,423.6,38000,-26.0
2026-09-11 23:17:25,PGT50FT,40.120377,32.584656,,,,-22.8
2026-09-11 23:17:25,TKJ6683,40.069094,32.811043,,,,-24.5
2026-09-11 23:17:56,ETD2,40.284851,32.486755,130.91,516.1,37000,-25.8
2026-09-11 23:17:56,THY6NH,40.220306,32.526855,304.52,423.6,38000,-26.0
2026-09-11 23:17:56,PGT50FT,40.120377,32.584656,,,,-22.8
2026-09-11 23:17:56,TKJ6683,40.069094,32.811043,,,,-24.5
2026-09-11 23:18:26,ETD2,40.284851,32.486755,130.91,516.1,37000,-25.8
2026-09-11 23:18:26,THY6NH,40.220306,32.526855,304.52,423.6,38000,-26.0
2026-09-11 23:18:26,PGT50FT,40.120377,32.584656,,,,-22.8
2026-09-11 23:18:26,TKJ6683,40.069094,32.811043,,,,-24.5
2026-09-11 23:18:56,ETD2,40.284851,32.486755,130.91,516.1,37000,-25.8
2026-09-11 23:18:56,THY6NH,40.220306,32.526855,304.52,423.6,38000,-26.0
2026-09-11 23:18:56,PGT50FT,40.120377,32.584656,,,,-22.8
2026-09-11 23:18:56,TKJ6683,40.069094,32.811043,,,,-24.5
2026-09-11 23:19:26,ETD2,40.284851,32.486755,130.91,516.1,37000,-25.8
2026-09-11 23:19:26,THY6NH,40.220306,32.526855,304.52,423.6,38000,-26.0
2026-09-11 23:19:26,PGT50FT,40.120377,32.584656,,,,-22.8
2026-09-11 23:19:26,TKJ6683,40.069094,32.811043,,,,-24.5
2026-09-11 23:19:56,ETD2,40.284851,32.486755,130.91,516.1,37000,-25.8
2026-09-11 23:19:56,THY6NH,40.220306,32.526855,304.52,423.6,38000,-26.0
2026-09-11 23:19:56,PGT50FT,40.120377,32.584656,,,,-22.8
2026-09-11 23:19:56,TKJ6683,40.069094,32.811043,,,,-24.5
2026-09-11 23:20:26,ETD2,40.284851,32.486755,130.91,516.1,37000,-25.8
2026-09-11 23:20:26,THY6NH,40.220306,32.526855,304.52,423.6,38000,-26.0
2026-09-11 23:20:26,PGT50FT,40.120377,32.584656,,,,-22.8
2026-09-11 23:20:26,TKJ6683,40.069094,32.811043,,,,-24.5
2026-09-11 23:20:56,ETD2,40.284851,32.486755,130.91,516.1,37000,-25.8
2026-09-11 23:20:56,THY6NH,40.220306,32.526855,304.52,423.6,38000,-26.0
2026-09-11 23:20:56,PGT50FT,40.120377,32.584656,,,,-22.8
2026-09-11 23:20:56,TKJ6683,40.069094,32.811043,,,,-24.5
2026-09-11 23:21:26,ETD2,40.284851,32.486755,130.91,516.1,37000,-25.8
2026-09-11 23:21:26,THY6NH,40.220306,32.526855,304.52,423.6,38000,-26.0
2026-09-11 23:21:26,PGT50FT,40.120377,32.584656,,,,-22.8
2026-09-11 23:21:26,TKJ6683,40.069094,32.811043,,,,-24.5
2026-09-11 23:21:56,ETD2,40.284851,32.486755,130.91,516.1,37000,-25.8
2026-09-11 23:21:56,THY6NH,40.220306,32.526855,304.52,423.6,38000,-26.0
2026-09-11 23:21:56,PGT50FT,40.120377,32.584656,,,,-22.8
2026-09-11 23:21:56,TKJ6683,40.069094,32.811043,,,,-24.5
2026-09-11 23:22:26,ETD2,40.284851,32.486755,130.91,516.1,37000,-25.8
2026-09-11 23:22:26,THY6NH,40.220306,32.526855,304.52,423.6,38000,-26.0
2026-09-11 23:22:26,PGT50FT,40.120377,32.584656,,,,-22.8
2026-09-11 23:22:26,TKJ6683,40.069094,32.811043,,,,-24.5
2026-09-11 23:22:56,ETD2,40.284851,32.486755,130.91,516.1,37000,-25.8
2026-09-11 23:22:56,THY6NH,40.220306,32.526855,304.52,423.6,38000,-26.0
2026-09-11 23:22:56,PGT50FT,40.120377,32.584656,,,,-22.8
2026-09-11 23:22:56,TKJ6683,40.069094,32.811043,,,,-24.5
2026-09-11 23:23:26,ETD2,40.284851,32.486755,130.91,516.1,37000,-25.8
2026-09-11 23:23:26,THY6NH,40.220306,32.526855,304.52,423.6,38000,-26.0
2026-09-11 23:23:26,PGT50FT,40.120377,32.584656,,,,-22.8
2026-09-11 23:23:26,TKJ6683,40.069094,32.811043,,,,-24.5
2026-09-11 23:23:57,ETD2,40.284851,32.486755,130.91,516.1,37000,-25.8
2026-09-11 23:23:57,THY6NH,40.220306,32.526855,304.52,423.6,38000,-26.0
2026-09-11 23:23:57,PGT50FT,40.120377,32.584656,,,,-22.8
2026-09-11 23:23:57,TKJ6683,40.069094,32.811043,,,,-24.5
2026-09-11 23:24:27,ETD2,40.284851,32.486755,130.91,516.1,37000,-25.8
2026-09-11 23:24:27,THY6NH,40.220306,32.526855,304.52,423.6,38000,-26.0
2026-09-11 23:24:27,PGT50FT,40.120377,32.584656,,,,-22.8
2026-09-11 23:24:27,TKJ6683,40.069094,32.811043,,,,-24.5
2026-09-11 23:24:57,ETD2,40.284851,32.486755,130.91,516.1,37000,-25.8
2026-09-11 23:24:57,THY6NH,40.220306,32.526855,304.52,423.6,38000,-26.0
2026-09-11 23:24:57,PGT50FT,40.120377,32.584656,,,,-22.8
2026-09-11 23:24:57,TKJ6683,40.069094,32.811043,,,,-24.5
2026-09-11 23:25:27,ETD2,40.284851,32.486755,130.91,516.1,37000,-25.8
2026-09-11 23:25:27,THY6NH,40.220306,32.526855,304.52,423.6,38000,-26.0
2026-09-11 23:25:27,PGT50FT,40.120377,32.584656,,,,-22.8
2026-09-11 23:25:27,TKJ6683,40.069094,32.811043,,,,-24.5
2026-09-11 23:25:57,ETD2,40.284851,32.486755,130.91,516.1,37000,-25.8
2026-09-11 23:25:57,THY6NH,40.220306,32.526855,304.52,423.6,38000,-26.0
2026-09-11 23:25:57,PGT50FT,40.120377,32.584656,,,,-22.8
2026-09-11 23:25:57,TKJ6683,40.069094,32.811043,,,,-24.5
2026-09-11 23:26:27,ETD2,40.284851,32.486755,130.91,516.1,37000,-25.8
2026-09-11 23:26:27,THY6NH,40.220306,32.526855,304.52,423.6,38000,-26.0
2026-09-11 23:26:27,PGT50FT,40.120377,32.584656,,,,-22.8
2026-09-11 23:26:27,TKJ6683,40.069094,32.811043,,,,-24.5
2026-09-11 23:26:57,ETD2,40.284851,32.486755,130.91,516.1,37000,-25.8
2026-09-11 23:26:57,THY6NH,40.220306,32.526855,304.52,423.6,38000,-26.0
2026-09-11 23:26:57,PGT50FT,40.120377,32.584656,,,,-22.8
2026-09-11 23:26:57,TKJ6683,40.069094,32.811043,,,,-24.5
2026-09-11 23:27:27,ETD2,40.284851,32.486755,130.91,516.1,37000,-25.8
2026-09-11 23:27:27,THY6NH,40.220306,32.526855,304.52,423.6,38000,-26.0
2026-09-11 23:27:27,PGT50FT,40.120377,32.584656,,,,-22.8
2026-09-11 23:27:27,TKJ6683,40.069094,32.811043,,,,-24.5
2026-09-11 23:27:57,ETD2,40.284851,32.486755,130.91,516.1,37000,-25.8
2026-09-11 23:27:57,THY6NH,40.220306,32.526855,304.52,423.6,38000,-26.0
2026-09-11 23:27:57,PGT50FT,40.120377,32.584656,,,,-22.8
2026-09-11 23:27:57,TKJ6683,40.069094,32.811043,,,,-24.5
2026-09-11 23:28:27,ETD2,40.284851,32.486755,130.91,516.1,37000,-25.8
2026-09-11 23:28:27,THY6NH,40.220306,32.526855,304.52,423.6,38000,-26.0
2026-09-11 23:28:27,PGT50FT,40.120377,32.584656,,,,-22.8
2026-09-11 23:28:27,TKJ6683,40.069094,32.811043,,,,-24.5
2026-09-11 23:28:57,ETD2,40.284851,32.486755,130.91,516.1,37000,-25.8
2026-09-11 23:28:57,THY6NH,40.220306,32.526855,304.52,423.6,38000,-26.0
2026-09-11 23:28:57,PGT50FT,40.120377,32.584656,,,,-22.8
2026-09-11 23:28:57,TKJ6683,40.069094,32.811043,,,,-24.5
2026-09-11 23:29:27,ETD2,40.284851,32.486755,130.91,516.1,37000,-25.8
2026-09-11 23:29:27,THY6NH,40.220306,32.526855,304.52,423.6,38000,-26.0
2026-09-11 23:29:27,PGT50FT,40.120377,32.584656,,,,-22.8
2026-09-11 23:29:27,TKJ6683,40.069094,32.811043,,,,-24.5
2026-09-11 23:29:58,ETD2,40.284851,32.486755,130.91,516.1,37000,-25.8
2026-09-11 23:29:58,THY6NH,40.220306,32.526855,304.52,423.6,38000,-26.0
2026-09-11 23:29:58,PGT50FT,40.120377,32.584656,,,,-22.8
2026-09-11 23:29:58,TKJ6683,40.069094,32.811043,,,,-24.5
2026-09-11 23:30:28,ETD2,40.284851,32.486755,130.91,516.1,37000,-25.8
2026-09-11 23:30:28,THY6NH,40.220306,32.526855,304.52,423.6,38000,-26.0
2026-09-11 23:30:28,PGT50FT,40.120377,32.584656,,,,-22.8
2026-09-11 23:30:28,TKJ6683,40.069094,32.811043,,,,-24.5
2026-09-11 23:30:58,ETD2,40.284851,32.486755,130.91,516.1,37000,-25.8
2026-09-11 23:30:58,THY6NH,40.220306,32.526855,304.52,423.6,38000,-26.0
2026-09-11 23:30:58,PGT50FT,40.120377,32.584656,,,,-22.8
2026-09-11 23:30:58,TKJ6683,40.069094,32.811043,,,,-24.5
2026-09-11 23:31:28,ETD2,40.284851,32.486755,130.91,516.1,37000,-25.8
2026-09-11 23:31:28,THY6NH,40.220306,32.526855,304.52,423.6,38000,-26.0
2026-09-11 23:31:28,PGT50FT,40.120377,32.584656,,,,-22.8
2026-09-11 23:31:28,TKJ6683,40.069094,32.811043,,,,-24.5
2026-09-11 23:31:58,ETD2,40.284851,32.486755,130.91,516.1,37000,-25.8
2026-09-11 23:31:58,THY6NH,40.220306,32.526855,304.52,423.6,38000,-26.0
2026-09-11 23:31:58,PGT50FT,40.120377,32.584656,,,,-22.8
2026-09-11 23:31:58,TKJ6683,40.069094,32.811043,,,,-24.5
2026-09-11 23:32:28,ETD2,40.284851,32.486755,130.91,516.1,37000,-25.8
2026-09-11 23:32:28,THY6NH,40.220306,32.526855,304.52,423.6,38000,-26.0
2026-09-11 23:32:28,PGT50FT,40.120377,32.584656,,,,-22.8
2026-09-11 23:32:28,TKJ6683,40.069094,32.811043,,,,-24.5
2026-09-11 23:32:58,ETD2,40.284851,32.486755,130.91,516.1,37000,-25.8
2026-09-11 23:32:58,THY6NH,40.220306,32.526855,304.52,423.6,38000,-26.0
2026-09-11 23:32:58,PGT50FT,40.120377,32.584656,,,,-22.8
2026-09-11 23:32:58,TKJ6683,40.069094,32.811043,,,,-24.5
2026-09-11 23:33:28,ETD2,40.284851,32.486755,130.91,516.1,37000,-25.8
2026-09-11 23:33:28,THY6NH,40.220306,32.526855,304.52,423.6,38000,-26.0
2026-09-11 23:33:28,PGT50FT,40.120377,32.584656,,,,-22.8
2026-09-11 23:33:28,TKJ6683,40.069094,32.811043,,,,-24.5
2026-09-11 23:33:58,ETD2,40.284851,32.486755,130.91,516.1,37000,-25.8
2026-09-11 23:33:58,THY6NH,40.220306,32.526855,304.52,423.6,38000,-26.0
2026-09-11 23:33:58,PGT50FT,40.120377,32.584656,,,,-22.8
2026-09-11 23:33:58,TKJ6683,40.069094,32.811043,,,,-24.5
2026-09-11 23:34:28,ETD2,40.284851,32.486755,130.91,516.1,37000,-25.8
2026-09-11 23:34:28,THY6NH,40.220306,32.526855,304.52,423.6,38000,-26.0
2026-09-11 23:34:28,PGT50FT,40.120377,32.584656,,,,-22.8
2026-09-11 23:34:28,TKJ6683,40.069094,32.811043,,,,-24.5
2026-09-11 23:34:58,ETD2,40.284851,32.486755,130.91,516.1,37000,-25.8
2026-09-11 23:34:58,THY6NH,40.220306,32.526855,304.52,423.6,38000,-26.0
2026-09-11 23:34:58,PGT50FT,40.120377,32.584656,,,,-22.8
2026-09-11 23:34:58,TKJ6683,40.069094,32.811043,,,,-24.5
2026-09-11 23:35:28,ETD2,40.284851,32.486755,130.91,516.1,37000,-25.8
2026-09-11 23:35:28,THY6NH,40.220306,32.526855,304.52,423.6,38000,-26.0
2026-09-11 23:35:28,PGT50FT,40.120377,32.584656,,,,-22.8
2026-09-11 23:35:28,TKJ6683,40.069094,32.811043,,,,-24.5
2026-09-11 23:35:59,ETD2,40.284851,32.486755,130.91,516.1,37000,-25.8
2026-09-11 23:35:59,THY6NH,40.220306,32.526855,304.52,423.6,38000,-26.0
2026-09-11 23:35:59,PGT50FT,40.120377,32.584656,,,,-22.8
2026-09-11 23:35:59,TKJ6683,40.069094,32.811043,,,,-24.5
2026-09-11 23:36:29,ETD2,40.284851,32.486755,130.91,516.1,37000,-25.8
2026-09-11 23:36:29,THY6NH,40.220306,32.526855,304.52,423.6,38000,-26.0
2026-09-11 23:36:29,PGT50FT,40.120377,32.584656,,,,-22.8
2026-09-11 23:36:29,TKJ6683,40.069094,32.811043,,,,-24.5
2026-09-11 23:36:59,ETD2,40.284851,32.486755,130.91,516.1,37000,-25.8
2026-09-11 23:36:59,THY6NH,40.220306,32.526855,304.52,423.6,38000,-26.0
2026-09-11 23:36:59,PGT50FT,40.120377,32.584656,,,,-22.8
2026-09-11 23:36:59,TKJ6683,40.069094,32.811043,,,,-24.5
2026-09-11 23:37:29,ETD2,40.284851,32.486755,130.91,516.1,37000,-25.8
2026-09-11 23:37:29,THY6NH,40.220306,32.526855,304.52,423.6,38000,-26.0
2026-09-11 23:37:29,PGT50FT,40.120377,32.584656,,,,-22.8
2026-09-11 23:37:29,TKJ6683,40.069094,32.811043,,,,-24.5
2026-09-11 23:37:59,ETD2,40.284851,32.486755,130.91,516.1,37000,-25.8
2026-09-11 23:37:59,THY6NH,40.220306,32.526855,304.52,423.6,38000,-26.0
2026-09-11 23:37:59,PGT50FT,40.120377,32.584656,,,,-22.8
2026-09-11 23:37:59,TKJ6683,40.069094,32.811043,,,,-24.5
2026-09-11 23:38:29,ETD2,40.284851,32.486755,130.91,516.1,37000,-25.8
2026-09-11 23:38:29,THY6NH,40.220306,32.526855,304.52,423.6,38000,-26.0
2026-09-11 23:38:29,PGT50FT,40.120377,32.584656,,,,-22.8
2026-09-11 23:38:29,TKJ6683,40.069094,32.811043,,,,-24.5
2026-09-11 23:38:59,ETD2,40.284851,32.486755,130.91,516.1,37000,-25.8
2026-09-11 23:38:59,THY6NH,40.220306,32.526855,304.52,423.6,38000,-26.0
2026-09-11 23:38:59,PGT50FT,40.120377,32.584656,,,,-22.8
2026-09-11 23:38:59,TKJ6683,40.069094,32.811043,,,,-24.5
2026-09-11 23:39:29,ETD2,40.284851,32.486755,130.91,516.1,37000,-25.8
2026-09-11 23:39:29,THY6NH,40.220306,32.526855,304.52,423.6,38000,-26.0
2026-09-11 23:39:29,PGT50FT,40.120377,32.584656,,,,-22.8
2026-09-11 23:39:29,TKJ6683,40.069094,32.811043,,,,-24.5
2026-09-11 23:39:59,ETD2,40.284851,32.486755,130.91,516.1,37000,-25.8
2026-09-11 23:39:59,THY6NH,40.220306,32.526855,304.52,423.6,38000,-26.0
2026-09-11 23:39:59,PGT50FT,40.120377,32.584656,,,,-22.8
2026-09-11 23:39:59,TKJ6683,40.069094,32.811043,,,,-24.5
2026-09-11 23:40:29,ETD2,40.284851,32.486755,130.91,516.1,37000,-25.8
2026-09-11 23:40:29,THY6NH,40.220306,32.526855,304.52,423.6,38000,-26.0
2026-09-11 23:40:29,PGT50FT,40.120377,32.584656,,,,-22.8
2026-09-11 23:40:29,TKJ6683,40.069094,32.811043,,,,-24.5
2026-09-11 23:40:59,ETD2,40.284851,32.486755,130.91,516.1,37000,-25.8
2026-09-11 23:40:59,THY6NH,40.220306,32.526855,304.52,423.6,38000,-26.0
2026-09-11 23:40:59,PGT50FT,40.120377,32.584656,,,,-22.8
2026-09-11 23:40:59,TKJ6683,40.069094,32.811043,,,,-24.5
2026-09-11 23:41:29,ETD2,40.284851,32.486755,130.91,516.1,37000,-25.8
2026-09-11 23:41:29,THY6NH,40.220306,32.526855,304.52,423.6,38000,-26.0
2026-09-11 23:41:29,PGT50FT,40.120377,32.584656,,,,-22.8
2026-09-11 23:41:29,TKJ6683,40.069094,32.811043,,,,-24.5
2026-09-11 23:42:00,ETD2,40.284851,32.486755,130.91,516.1,37000,-25.8
2026-09-11 23:42:00,THY6NH,40.220306,32.526855,304.52,423.6,38000,-26.0
2026-09-11 23:42:00,PGT50FT,40.120377,32.584656,,,,-22.8
2026-09-11 23:42:00,TKJ6683,40.069094,32.811043,,,,-24.5
2026-09-11 23:42:30,ETD2,40.284851,32.486755,130.91,516.1,37000,-25.8
2026-09-11 23:42:30,THY6NH,40.220306,32.526855,304.52,423.6,38000,-26.0
2026-09-11 23:42:30,PGT50FT,40.120377,32.584656,,,,-22.8
2026-09-11 23:42:30,TKJ6683,40.069094,32.811043,,,,-24.5
2026-09-11 23:43:00,ETD2,40.284851,32.486755,130.91,516.1,37000,-25.8
2026-09-11 23:43:00,THY6NH,40.220306,32.526855,304.52,423.6,38000,-26.0
2026-09-11 23:43:00,PGT50FT,40.120377,32.584656,,,,-22.8
2026-09-11 23:43:00,TKJ6683,40.069094,32.811043,,,,-24.5
2026-09-11 23:43:30,ETD2,40.284851,32.486755,130.91,516.1,37000,-25.8
2026-09-11 23:43:30,THY6NH,40.220306,32.526855,304.52,423.6,38000,-26.0
2026-09-11 23:43:30,PGT50FT,40.120377,32.584656,,,,-22.8
2026-09-11 23:43:30,TKJ6683,40.069094,32.811043,,,,-24.5
2026-09-11 23:44:00,ETD2,40.284851,32.486755,130.91,516.1,37000,-25.8
2026-09-11 23:44:00,THY6NH,40.220306,32.526855,304.52,423.6,38000,-26.0
2026-09-11 23:44:00,PGT50FT,40.120377,32.584656,,,,-22.8
2026-09-11 23:44:00,TKJ6683,40.069094,32.811043,,,,-24.5
2026-09-11 23:44:30,ETD2,40.284851,32.486755,130.91,516.1,37000,-25.8
2026-09-11 23:44:30,THY6NH,40.220306,32.526855,304.52,423.6,38000,-26.0
2026-09-11 23:44:30,PGT50FT,40.120377,32.584656,,,,-22.8
2026-09-11 23:44:30,TKJ6683,40.069094,32.811043,,,,-24.5
2026-09-11 23:45:00,ETD2,40.284851,32.486755,130.91,516.1,37000,-25.8
2026-09-11 23:45:00,THY6NH,40.220306,32.526855,304.52,423.6,38000,-26.0
2026-09-11 23:45:00,PGT50FT,40.120377,32.584656,,,,-22.8
2026-09-11 23:45:00,TKJ6683,40.069094,32.811043,,,,-24.5
2026-09-11 23:45:30,ETD2,40.284851,32.486755,130.91,516.1,37000,-25.8
2026-09-11 23:45:30,THY6NH,40.220306,32.526855,304.52,423.6,38000,-26.0
2026-09-11 23:45:30,PGT50FT,40.120377,32.584656,,,,-22.8
2026-09-11 23:45:30,TKJ6683,40.069094,32.811043,,,,-24.5
2026-09-11 23:46:00,ETD2,40.284851,32.486755,130.91,516.1,37000,-25.8
2026-09-11 23:46:00,THY6NH,40.220306,32.526855,304.52,423.6,38000,-26.0
2026-09-11 23:46:00,PGT50FT,40.120377,32.584656,,,,-22.8
2026-09-11 23:46:00,TKJ6683,40.069094,32.811043,,,,-24.5
2026-09-11 23:46:30,ETD2,40.284851,32.486755,130.91,516.1,37000,-25.8
2026-09-11 23:46:30,THY6NH,40.220306,32.526855,304.52,423.6,38000,-26.0
2026-09-11 23:46:30,PGT50FT,40.120377,32.584656,,,,-22.8
2026-09-11 23:46:30,TKJ6683,40.069094,32.811043,,,,-24.5
2026-09-11 23:47:00,ETD2,40.284851,32.486755,130.91,516.1,37000,-25.8
2026-09-11 23:47:00,THY6NH,40.220306,32.526855,304.52,423.6,38000,-26.0
2026-09-11 23:47:00,PGT50FT,40.120377,32.584656,,,,-22.8
2026-09-11 23:47:00,TKJ6683,40.069094,32.811043,,,,-24.5
2026-09-11 23:47:30,ETD2,40.284851,32.486755,130.91,516.1,37000,-25.8
2026-09-11 23:47:30,THY6NH,40.220306,32.526855,304.52,423.6,38000,-26.0
2026-09-11 23:47:30,PGT50FT,40.120377,32.584656,,,,-22.8
2026-09-11 23:47:30,TKJ6683,40.069094,32.811043,,,,-24.5
2026-09-11 23:48:00,ETD2,40.284851,32.486755,130.91,516.1,37000,-25.8
2026-09-11 23:48:00,THY6NH,40.220306,32.526855,304.52,423.6,38000,-26.0
2026-09-11 23:48:00,PGT50FT,40.120377,32.584656,,,,-22.8
2026-09-11 23:48:00,TKJ6683,40.069094,32.811043,,,,-24.5
2026-09-11 23:48:31,ETD2,40.284851,32.486755,130.91,516.1,37000,-25.8
2026-09-11 23:48:31,THY6NH,40.220306,32.526855,304.52,423.6,38000,-26.0
2026-09-11 23:48:31,PGT50FT,40.120377,32.584656,,,,-22.8
2026-09-11 23:48:31,TKJ6683,40.069094,32.811043,,,,-24.5
2026-09-11 23:49:01,ETD2,40.284851,32.486755,130.91,516.1,37000,-25.8
2026-09-11 23:49:01,THY6NH,40.220306,32.526855,304.52,423.6,38000,-26.0
2026-09-11 23:49:01,PGT50FT,40.120377,32.584656,,,,-22.8
2026-09-11 23:49:01,TKJ6683,40.069094,32.811043,,,,-24.5
2026-09-11 23:49:31,ETD2,40.284851,32.486755,130.91,516.1,37000,-25.8
2026-09-11 23:49:31,THY6NH,40.220306,32.526855,304.52,423.6,38000,-26.0
2026-09-11 23:49:31,PGT50FT,40.120377,32.584656,,,,-22.8
2026-09-11 23:49:31,TKJ6683,40.069094,32.811043,,,,-24.5
2026-09-11 23:50:01,ETD2,40.284851,32.486755,130.91,516.1,37000,-25.8
2026-09-11 23:50:01,THY6NH,40.220306,32.526855,304.52,423.6,38000,-26.0
2026-09-11 23:50:01,PGT50FT,40.120377,32.584656,,,,-22.8
2026-09-11 23:50:01,TKJ6683,40.069094,32.811043,,,,-24.5
2026-09-11 23:50:31,ETD2,40.284851,32.486755,130.91,516.1,37000,-25.8
2026-09-11 23:50:31,THY6NH,40.220306,32.526855,304.52,423.6,38000,-26.0
2026-09-11 23:50:31,PGT50FT,40.120377,32.584656,,,,-22.8
2026-09-11 23:50:31,TKJ6683,40.069094,32.811043,,,,-24.5
2026-09-11 23:51:01,ETD2,40.284851,32.486755,130.91,516.1,37000,-25.8
2026-09-11 23:51:01,THY6NH,40.220306,32.526855,304.52,423.6,38000,-26.0
2026-09-11 23:51:01,PGT50FT,40.120377,32.584656,,,,-22.8
2026-09-11 23:51:01,TKJ6683,40.069094,32.811043,,,,-24.5
2026-09-11 23:51:31,ETD2,40.284851,32.486755,130.91,516.1,37000,-25.8
2026-09-11 23:51:31,THY6NH,40.220306,32.526855,304.52,423.6,38000,-26.0
2026-09-11 23:51:31,PGT50FT,40.120377,32.584656,,,,-22.8
2026-09-11 23:51:31,TKJ6683,40.069094,32.811043,,,,-24.5
2026-09-11 23:52:01,ETD2,40.284851,32.486755,130.91,516.1,37000,-25.8
2026-09-11 23:52:01,THY6NH,40.220306,32.526855,304.52,423.6,38000,-26.0
2026-09-11 23:52:01,PGT50FT,40.120377,32.584656,,,,-22.8
2026-09-11 23:52:01,TKJ6683,40.069094,32.811043,,,,-24.5
2026-09-11 23:52:31,ETD2,40.284851,32.486755,130.91,516.1,37000,-25.8
2026-09-11 23:52:31,THY6NH,40.220306,32.526855,304.52,423.6,38000,-26.0
2026-09-11 23:52:31,PGT50FT,40.120377,32.584656,,,,-22.8
2026-09-11 23:52:31,TKJ6683,40.069094,32.811043,,,,-24.5
2026-09-11 23:53:01,ETD2,40.284851,32.486755,130.91,516.1,37000,-25.8
2026-09-11 23:53:01,THY6NH,40.220306,32.526855,304.52,423.6,38000,-26.0
2026-09-11 23:53:01,PGT50FT,40.120377,32.584656,,,,-22.8
2026-09-11 23:53:01,TKJ6683,40.069094,32.811043,,,,-24.5
2026-09-11 23:53:31,ETD2,40.284851,32.486755,130.91,516.1,37000,-25.8
2026-09-11 23:53:31,THY6NH,40.220306,32.526855,304.52,423.6,38000,-26.0
2026-09-11 23:53:31,PGT50FT,40.120377,32.584656,,,,-22.8
2026-09-11 23:53:31,TKJ6683,40.069094,32.811043,,,,-24.5
2026-09-11 23:54:01,ETD2,40.284851,32.486755,130.91,516.1,37000,-25.8
2026-09-11 23:54:01,THY6NH,40.220306,32.526855,304.52,423.6,38000,-26.0
2026-09-11 23:54:01,PGT50FT,40.120377,32.584656,,,,-22.8
2026-09-11 23:54:01,TKJ6683,40.069094,32.811043,,,,-24.5
2026-09-11 23:54:31,ETD2,40.284851,32.486755,130.91,516.1,37000,-25.8
2026-09-11 23:54:31,THY6NH,40.220306,32.526855,304.52,423.6,38000,-26.0
2026-09-11 23:54:31,PGT50FT,40.120377,32.584656,,,,-22.8
2026-09-11 23:54:31,TKJ6683,40.069094,32.811043,,,,-24.5
2026-09-11 23:55:02,ETD2,40.284851,32.486755,130.91,516.1,37000,-25.8
2026-09-11 23:55:02,THY6NH,40.220306,32.526855,304.52,423.6,38000,-26.0
2026-09-11 23:55:02,PGT50FT,40.120377,32.584656,,,,-22.8
2026-09-11 23:55:02,TKJ6683,40.069094,32.811043,,,,-24.5
2026-09-11 23:55:32,ETD2,40.284851,32.486755,130.91,516.1,37000,-25.8
2026-09-11 23:55:32,THY6NH,40.220306,32.526855,304.52,423.6,38000,-26.0
2026-09-11 23:55:32,PGT50FT,40.120377,32.584656,,,,-22.8
2026-09-11 23:55:32,TKJ6683,40.069094,32.811043,,,,-24.5
2026-09-11 23:56:02,ETD2,40.284851,32.486755,130.91,516.1,37000,-25.8
2026-09-11 23:56:02,THY6NH,40.220306,32.526855,304.52,423.6,38000,-26.0
2026-09-11 23:56:02,PGT50FT,40.120377,32.584656,,,,-22.8
2026-09-11 23:56:02,TKJ6683,40.069094,32.811043,,,,-24.5
2026-09-11 23:56:32,ETD2,40.284851,32.486755,130.91,516.1,37000,-25.8
2026-09-11 23:56:32,THY6NH,40.220306,32.526855,304.52,423.6,38000,-26.0
2026-09-11 23:56:32,PGT50FT,40.120377,32.584656,,,,-22.8
2026-09-11 23:56:32,TKJ6683,40.069094,32.811043,,,,-24.5
2026-09-11 23:57:02,ETD2,40.284851,32.486755,130.91,516.1,37000,-25.8
2026-09-11 23:57:02,THY6NH,40.220306,32.526855,304.52,423.6,38000,-26.0
2026-09-11 23:57:02,PGT50FT,40.120377,32.584656,,,,-22.8
2026-09-11 23:57:02,TKJ6683,40.069094,32.811043,,,,-24.5
2026-09-11 23:57:32,ETD2,40.284851,32.486755,130.91,516.1,37000,-25.8
2026-09-11 23:57:32,THY6NH,40.220306,32.526855,304.52,423.6,38000,-26.0
2026-09-11 23:57:32,PGT50FT,40.120377,32.584656,,,,-22.8
2026-09-11 23:57:32,TKJ6683,40.069094,32.811043,,,,-24.5
2026-09-11 23:58:02,ETD2,40.284851,32.486755,130.91,516.1,37000,-25.8
2026-09-11 23:58:02,THY6NH,40.220306,32.526855,304.52,423.6,38000,-26.0
2026-09-11 23:58:02,PGT50FT,40.120377,32.584656,,,,-22.8
2026-09-11 23:58:02,TKJ6683,40.069094,32.811043,,,,-24.5
2026-09-11 23:58:32,ETD2,40.284851,32.486755,130.91,516.1,37000,-25.8
2026-09-11 23:58:32,THY6NH,40.220306,32.526855,304.52,423.6,38000,-26.0
2026-09-11 23:58:32,PGT50FT,40.120377,32.584656,,,,-22.8
2026-09-11 23:58:32,TKJ6683,40.069094,32.811043,,,,-24.5
2026-09-11 23:59:02,ETD2,40.284851,32.486755,130.91,516.1,37000,-25.8
2026-09-11 23:59:02,THY6NH,40.220306,32.526855,304.52,423.6,38000,-26.0
2026-09-11 23:59:02,PGT50FT,40.120377,32.584656,,,,-22.8
2026-09-11 23:59:02,TKJ6683,40.069094,32.811043,,,,-24.5
2026-09-11 23:59:32,ETD2,40.284851,32.486755,130.91,516.1,37000,-25.8
2026-09-11 23:59:32,THY6NH,40.220306,32.526855,304.52,423.6,38000,-26.0
2026-09-11 23:59:32,PGT50FT,40.120377,32.584656,,,,-22.8
2026-09-11 23:59:32,TKJ6683,40.069094,32.811043,,,,-24.5
2026-09-12 00:00:02,ETD2,40.284851,32.486755,130.91,516.1,37000,-25.8
2026-09-12 00:00:02,THY6NH,40.220306,32.526855,304.52,423.6,38000,-26.0
2026-09-12 00:00:02,PGT50FT,40.120377,32.584656,,,,-22.8
2026-09-12 00:00:02,TKJ6683,40.069094,32.811043,,,,-24.5
2026-09-12 00:00:33,ETD2,40.284851,32.486755,130.91,516.1,37000,-25.8
2026-09-12 00:00:33,THY6NH,40.220306,32.526855,304.52,423.6,38000,-26.0
2026-09-12 00:00:33,PGT50FT,40.120377,32.584656,,,,-22.8
2026-09-12 00:00:33,TKJ6683,40.069094,32.811043,,,,-24.5
2026-09-12 00:01:03,ETD2,40.284851,32.486755,130.91,516.1,37000,-25.8
2026-09-12 00:01:03,THY6NH,40.220306,32.526855,304.52,423.6,38000,-26.0
2026-09-12 00:01:03,PGT50FT,40.120377,32.584656,,,,-22.8
2026-09-12 00:01:03,TKJ6683,40.069094,32.811043,,,,-24.5
2026-09-12 00:01:33,ETD2,40.284851,32.486755,130.91,516.1,37000,-25.8
2026-09-12 00:01:33,THY6NH,40.220306,32.526855,304.52,423.6,38000,-26.0
2026-09-12 00:01:33,PGT50FT,40.120377,32.584656,,,,-22.8
2026-09-12 00:01:33,TKJ6683,40.069094,32.811043,,,,-24.5
2026-09-12 00:02:03,ETD2,40.284851,32.486755,130.91,516.1,37000,-25.8
2026-09-12 00:02:03,THY6NH,40.220306,32.526855,304.52,423.6,38000,-26.0
2026-09-12 00:02:03,PGT50FT,40.120377,32.584656,,,,-22.8
2026-09-12 00:02:03,TKJ6683,40.069094,32.811043,,,,-24.5
2026-09-12 00:02:33,ETD2,40.284851,32.486755,130.91,516.1,37000,-25.8
2026-09-12 00:02:33,THY6NH,40.220306,32.526855,304.52,423.6,38000,-26.0
2026-09-12 00:02:33,PGT50FT,40.120377,32.584656,,,,-22.8
2026-09-12 00:02:33,TKJ6683,40.069094,32.811043,,,,-24.5
2026-09-12 00:03:03,ETD2,40.284851,32.486755,130.91,516.1,37000,-25.8
2026-09-12 00:03:03,THY6NH,40.220306,32.526855,304.52,423.6,38000,-26.0
2026-09-12 00:03:03,PGT50FT,40.120377,32.584656,,,,-22.8
2026-09-12 00:03:03,TKJ6683,40.069094,32.811043,,,,-24.5
2026-09-12 00:03:33,ETD2,40.284851,32.486755,130.91,516.1,37000,-25.8
2026-09-12 00:03:33,THY6NH,40.220306,32.526855,304.52,423.6,38000,-26.0
2026-09-12 00:03:33,PGT50FT,40.120377,32.584656,,,,-22.8
2026-09-12 00:03:33,TKJ6683,40.069094,32.811043,,,,-24.5
2026-09-12 00:04:03,ETD2,40.284851,32.486755,130.91,516.1,37000,-25.8
2026-09-12 00:04:03,THY6NH,40.220306,32.526855,304.52,423.6,38000,-26.0
2026-09-12 00:04:03,PGT50FT,40.120377,32.584656,,,,-22.8
2026-09-12 00:04:03,TKJ6683,40.069094,32.811043,,,,-24.5
2026-09-12 00:04:33,ETD2,40.284851,32.486755,130.91,516.1,37000,-25.8
2026-09-12 00:04:33,THY6NH,40.220306,32.526855,304.52,423.6,38000,-26.0
2026-09-12 00:04:33,PGT50FT,40.120377,32.584656,,,,-22.8
2026-09-12 00:04:33,TKJ6683,40.069094,32.811043,,,,-24.5
2026-09-12 00:05:03,ETD2,40.284851,32.486755,130.91,516.1,37000,-25.8
2026-09-12 00:05:03,THY6NH,40.220306,32.526855,304.52,423.6,38000,-26.0
2026-09-12 00:05:03,PGT50FT,40.120377,32.584656,,,,-22.8
2026-09-12 00:05:03,TKJ6683,40.069094,32.811043,,,,-24.5
2026-09-12 00:05:33,ETD2,40.284851,32.486755,130.91,516.1,37000,-25.8
2026-09-12 00:05:33,THY6NH,40.220306,32.526855,304.52,423.6,38000,-26.0
2026-09-12 00:05:33,PGT50FT,40.120377,32.584656,,,,-22.8
2026-09-12 00:05:33,TKJ6683,40.069094,32.811043,,,,-24.5
2026-09-12 00:06:03,ETD2,40.284851,32.486755,130.91,516.1,37000,-25.8
2026-09-12 00:06:03,THY6NH,40.220306,32.526855,304.52,423.6,38000,-26.0
2026-09-12 00:06:03,PGT50FT,40.120377,32.584656,,,,-22.8
2026-09-12 00:06:03,TKJ6683,40.069094,32.811043,,,,-24.5
2026-09-12 00:06:33,ETD2,40.284851,32.486755,130.91,516.1,37000,-25.8
2026-09-12 00:06:33,THY6NH,40.220306,32.526855,304.52,423.6,38000,-26.0
2026-09-12 00:06:33,PGT50FT,40.120377,32.584656,,,,-22.8
2026-09-12 00:06:33,TKJ6683,40.069094,32.811043,,,,-24.5
2026-09-12 00:07:04,ETD2,40.284851,32.486755,130.91,516.1,37000,-25.8
2026-09-12 00:07:04,THY6NH,40.220306,32.526855,304.52,423.6,38000,-26.0
2026-09-12 00:07:04,PGT50FT,40.120377,32.584656,,,,-22.8
2026-09-12 00:07:04,TKJ6683,40.069094,32.811043,,,,-24.5
2026-09-12 00:07:34,ETD2,40.284851,32.486755,130.91,516.1,37000,-25.8
2026-09-12 00:07:34,THY6NH,40.220306,32.526855,304.52,423.6,38000,-26.0
2026-09-12 00:07:34,PGT50FT,40.120377,32.584656,,,,-22.8
2026-09-12 00:07:34,TKJ6683,40.069094,32.811043,,,,-24.5
2026-09-12 00:08:04,ETD2,40.284851,32.486755,130.91,516.1,37000,-25.8
2026-09-12 00:08:04,THY6NH,40.220306,32.526855,304.52,423.6,38000,-26.0
2026-09-12 00:08:04,PGT50FT,40.120377,32.584656,,,,-22.8
2026-09-12 00:08:04,TKJ6683,40.069094,32.811043,,,,-24.5
2026-09-12 00:08:34,ETD2,40.284851,32.486755,130.91,516.1,37000,-25.8
2026-09-12 00:08:34,THY6NH,40.220306,32.526855,304.52,423.6,38000,-26.0
2026-09-12 00:08:34,PGT50FT,40.120377,32.584656,,,,-22.8
2026-09-12 00:08:34,TKJ6683,40.069094,32.811043,,,,-24.5
2026-09-12 00:09:04,ETD2,40.284851,32.486755,130.91,516.1,37000,-25.8
2026-09-12 00:09:04,THY6NH,40.220306,32.526855,304.52,423.6,38000,-26.0
2026-09-12 00:09:04,PGT50FT,40.120377,32.584656,,,,-22.8
2026-09-12 00:09:04,TKJ6683,40.069094,32.811043,,,,-24.5
2026-09-12 00:09:34,ETD2,40.284851,32.486755,130.91,516.1,37000,-25.8
2026-09-12 00:09:34,THY6NH,40.220306,32.526855,304.52,423.6,38000,-26.0
2026-09-12 00:09:34,PGT50FT,40.120377,32.584656,,,,-22.8
2026-09-12 00:09:34,TKJ6683,40.069094,32.811043,,,,-24.5
2026-09-12 00:10:04,ETD2,40.284851,32.486755,130.91,516.1,37000,-25.8
2026-09-12 00:10:04,THY6NH,40.220306,32.526855,304.52,423.6,38000,-26.0
2026-09-12 00:10:04,PGT50FT,40.120377,32.584656,,,,-22.8
2026-09-12 00:10:04,TKJ6683,40.069094,32.811043,,,,-24.5
2026-09-12 00:10:34,ETD2,40.284851,32.486755,130.91,516.1,37000,-25.8
2026-09-12 00:10:34,THY6NH,40.220306,32.526855,304.52,423.6,38000,-26.0
2026-09-12 00:10:34,PGT50FT,40.120377,32.584656,,,,-22.8
2026-09-12 00:10:34,TKJ6683,40.069094,32.811043,,,,-24.5
2026-09-12 00:11:04,ETD2,40.284851,32.486755,130.91,516.1,37000,-25.8
2026-09-12 00:11:04,THY6NH,40.220306,32.526855,304.52,423.6,38000,-26.0
2026-09-12 00:11:04,PGT50FT,40.120377,32.584656,,,,-22.8
2026-09-12 00:11:04,TKJ6683,40.069094,32.811043,,,,-24.5
2026-09-12 00:11:34,ETD2,40.284851,32.486755,130.91,516.1,37000,-25.8
2026-09-12 00:11:34,THY6NH,40.220306,32.526855,304.52,423.6,38000,-26.0
2026-09-12 00:11:34,PGT50FT,40.120377,32.584656,,,,-22.8
2026-09-12 00:11:34,TKJ6683,40.069094,32.811043,,,,-24.5
2026-09-12 00:12:04,ETD2,40.284851,32.486755,130.91,516.1,37000,-25.8
2026-09-12 00:12:04,THY6NH,40.220306,32.526855,304.52,423.6,38000,-26.0
2026-09-12 00:12:04,PGT50FT,40.120377,32.584656,,,,-22.8
2026-09-12 00:12:04,TKJ6683,40.069094,32.811043,,,,-24.5
2026-09-12 00:12:34,ETD2,40.284851,32.486755,130.91,516.1,37000,-25.8
2026-09-12 00:12:34,THY6NH,40.220306,32.526855,304.52,423.6,38000,-26.0
2026-09-12 00:12:34,PGT50FT,40.120377,32.584656,,,,-22.8
2026-09-12 00:12:34,TKJ6683,40.069094,32.811043,,,,-24.5
2026-09-12 00:13:04,ETD2,40.284851,32.486755,130.91,516.1,37000,-25.8
2026-09-12 00:13:04,THY6NH,40.220306,32.526855,304.52,423.6,38000,-26.0
2026-09-12 00:13:04,PGT50FT,40.120377,32.584656,,,,-22.8
2026-09-12 00:13:04,TKJ6683,40.069094,32.811043,,,,-24.5
2026-09-12 00:13:35,ETD2,40.284851,32.486755,130.91,516.1,37000,-25.8
2026-09-12 00:13:35,THY6NH,40.220306,32.526855,304.52,423.6,38000,-26.0
2026-09-12 00:13:35,PGT50FT,40.120377,32.584656,,,,-22.8
2026-09-12 00:13:35,TKJ6683,40.069094,32.811043,,,,-24.5
2026-09-12 00:14:05,ETD2,40.284851,32.486755,130.91,516.1,37000,-25.8
2026-09-12 00:14:05,THY6NH,40.220306,32.526855,304.52,423.6,38000,-26.0
2026-09-12 00:14:05,PGT50FT,40.120377,32.584656,,,,-22.8
2026-09-12 00:14:05,TKJ6683,40.069094,32.811043,,,,-24.5
2026-09-12 00:14:35,ETD2,40.284851,32.486755,130.91,516.1,37000,-25.8
2026-09-12 00:14:35,THY6NH,40.220306,32.526855,304.52,423.6,38000,-26.0
2026-09-12 00:14:35,PGT50FT,40.120377,32.584656,,,,-22.8
2026-09-12 00:14:35,TKJ6683,40.069094,32.811043,,,,-24.5
2026-09-12 00:15:05,ETD2,40.284851,32.486755,130.91,516.1,37000,-25.8
2026-09-12 00:15:05,THY6NH,40.220306,32.526855,304.52,423.6,38000,-26.0
2026-09-12 00:15:05,PGT50FT,40.120377,32.584656,,,,-22.8
2026-09-12 00:15:05,TKJ6683,40.069094,32.811043,,,,-24.5
2026-09-12 00:15:35,ETD2,40.284851,32.486755,130.91,516.1,37000,-25.8
2026-09-12 00:15:35,THY6NH,40.220306,32.526855,304.52,423.6,38000,-26.0
2026-09-12 00:15:35,PGT50FT,40.120377,32.584656,,,,-22.8
2026-09-12 00:15:35,TKJ6683,40.069094,32.811043,,,,-24.5
2026-09-12 00:16:05,ETD2,40.284851,32.486755,130.91,516.1,37000,-25.8
2026-09-12 00:16:05,THY6NH,40.220306,32.526855,304.52,423.6,38000,-26.0
2026-09-12 00:16:05,PGT50FT,40.120377,32.584656,,,,-22.8
2026-09-12 00:16:05,TKJ6683,40.069094,32.811043,,,,-24.5
2026-09-12 00:16:35,ETD2,40.284851,32.486755,130.91,516.1,37000,-25.8
2026-09-12 00:16:35,THY6NH,40.220306,32.526855,304.52,423.6,38000,-26.0
2026-09-12 00:16:35,PGT50FT,40.120377,32.584656,,,,-22.8
2026-09-12 00:16:35,TKJ6683,40.069094,32.811043,,,,-24.5
2026-09-12 00:17:05,ETD2,40.284851,32.486755,130.91,516.1,37000,-25.8
2026-09-12 00:17:05,THY6NH,40.220306,32.526855,304.52,423.6,38000,-26.0
2026-09-12 00:17:05,PGT50FT,40.120377,32.584656,,,,-22.8
2026-09-12 00:17:05,TKJ6683,40.069094,32.811043,,,,-24.5
2026-09-12 00:17:35,ETD2,40.284851,32.486755,130.91,516.1,37000,-25.8
2026-09-12 00:17:35,THY6NH,40.220306,32.526855,304.52,423.6,38000,-26.0
2026-09-12 00:17:35,PGT50FT,40.120377,32.584656,,,,-22.8
2026-09-12 00:17:35,TKJ6683,40.069094,32.811043,,,,-24.5
2026-09-12 00:18:05,ETD2,40.284851,32.486755,130.91,516.1,37000,-25.8
2026-09-12 00:18:05,THY6NH,40.220306,32.526855,304.52,423.6,38000,-26.0
2026-09-12 00:18:05,PGT50FT,40.120377,32.584656,,,,-22.8
2026-09-12 00:18:05,TKJ6683,40.069094,32.811043,,,,-24.5
2026-09-12 00:18:35,ETD2,40.284851,32.486755,130.91,516.1,37000,-25.8
2026-09-12 00:18:35,THY6NH,40.220306,32.526855,304.52,423.6,38000,-26.0
2026-09-12 00:18:35,PGT50FT,40.120377,32.584656,,,,-22.8
2026-09-12 00:18:35,TKJ6683,40.069094,32.811043,,,,-24.5
2026-09-12 00:19:05,ETD2,40.284851,32.486755,130.91,516.1,37000,-25.8
2026-09-12 00:19:05,THY6NH,40.220306,32.526855,304.52,423.6,38000,-26.0
2026-09-12 00:19:05,PGT50FT,40.120377,32.584656,,,,-22.8
2026-09-12 00:19:05,TKJ6683,40.069094,32.811043,,,,-24.5
2026-09-12 00:19:36,ETD2,40.284851,32.486755,130.91,516.1,37000,-25.8
2026-09-12 00:19:36,THY6NH,40.220306,32.526855,304.52,423.6,38000,-26.0
2026-09-12 00:19:36,PGT50FT,40.120377,32.584656,,,,-22.8
2026-09-12 00:19:36,TKJ6683,40.069094,32.811043,,,,-24.5
2026-09-12 00:20:06,ETD2,40.284851,32.486755,130.91,516.1,37000,-25.8
2026-09-12 00:20:06,THY6NH,40.220306,32.526855,304.52,423.6,38000,-26.0
2026-09-12 00:20:06,PGT50FT,40.120377,32.584656,,,,-22.8
2026-09-12 00:20:06,TKJ6683,40.069094,32.811043,,,,-24.5
2026-09-12 00:20:36,ETD2,40.284851,32.486755,130.91,516.1,37000,-25.8
2026-09-12 00:20:36,THY6NH,40.220306,32.526855,304.52,423.6,38000,-26.0
2026-09-12 00:20:36,PGT50FT,40.120377,32.584656,,,,-22.8
2026-09-12 00:20:36,TKJ6683,40.069094,32.811043,,,,-24.5
2026-09-12 00:21:06,ETD2,40.284851,32.486755,130.91,516.1,37000,-25.8
2026-09-12 00:21:06,THY6NH,40.220306,32.526855,304.52,423.6,38000,-26.0
2026-09-12 00:21:06,PGT50FT,40.120377,32.584656,,,,-22.8
2026-09-12 00:21:06,TKJ6683,40.069094,32.811043,,,,-24.5
2026-09-12 00:21:36,ETD2,40.284851,32.486755,130.91,516.1,37000,-25.8
2026-09-12 00:21:36,THY6NH,40.220306,32.526855,304.52,423.6,38000,-26.0
2026-09-12 00:21:36,PGT50FT,40.120377,32.584656,,,,-22.8
2026-09-12 00:21:36,TKJ6683,40.069094,32.811043,,,,-24.5
2026-09-12 00:22:06,ETD2,40.284851,32.486755,130.91,516.1,37000,-25.8
2026-09-12 00:22:06,THY6NH,40.220306,32.526855,304.52,423.6,38000,-26.0
2026-09-12 00:22:06,PGT50FT,40.120377,32.584656,,,,-22.8
2026-09-12 00:22:06,TKJ6683,40.069094,32.811043,,,,-24.5
2026-09-12 00:22:36,ETD2,40.284851,32.486755,130.91,516.1,37000,-25.8
2026-09-12 00:22:36,THY6NH,40.220306,32.526855,304.52,423.6,38000,-26.0
2026-09-12 00:22:36,PGT50FT,40.120377,32.584656,,,,-22.8
2026-09-12 00:22:36,TKJ6683,40.069094,32.811043,,,,-24.5
2026-09-12 00:23:06,ETD2,40.284851,32.486755,130.91,516.1,37000,-25.8
2026-09-12 00:23:06,THY6NH,40.220306,32.526855,304.52,423.6,38000,-26.0
2026-09-12 00:23:06,PGT50FT,40.120377,32.584656,,,,-22.8
2026-09-12 00:23:06,TKJ6683,40.069094,32.811043,,,,-24.5
2026-09-12 00:23:36,ETD2,40.284851,32.486755,130.91,516.1,37000,-25.8
2026-09-12 00:23:36,THY6NH,40.220306,32.526855,304.52,423.6,38000,-26.0
2026-09-12 00:23:36,PGT50FT,40.120377,32.584656,,,,-22.8
2026-09-12 00:23:36,TKJ6683,40.069094,32.811043,,,,-24.5
2026-09-12 00:24:06,ETD2,40.284851,32.486755,130.91,516.1,37000,-25.8
2026-09-12 00:24:06,THY6NH,40.220306,32.526855,304.52,423.6,38000,-26.0
2026-09-12 00:24:06,PGT50FT,40.120377,32.584656,,,,-22.8
2026-09-12 00:24:06,TKJ6683,40.069094,32.811043,,,,-24.5
2026-09-12 00:24:36,ETD2,40.284851,32.486755,130.91,516.1,37000,-25.8
2026-09-12 00:24:36,THY6NH,40.220306,32.526855,304.52,423.6,38000,-26.0
2026-09-12 00:24:36,PGT50FT,40.120377,32.584656,,,,-22.8
2026-09-12 00:24:36,TKJ6683,40.069094,32.811043,,,,-24.5
2026-09-12 00:25:06,ETD2,40.284851,32.486755,130.91,516.1,37000,-25.8
2026-09-12 00:25:06,THY6NH,40.220306,32.526855,304.52,423.6,38000,-26.0
2026-09-12 00:25:06,PGT50FT,40.120377,32.584656,,,,-22.8
2026-09-12 00:25:06,TKJ6683,40.069094,32.811043,,,,-24.5
2026-09-12 00:25:37,ETD2,40.284851,32.486755,130.91,516.1,37000,-25.8
2026-09-12 00:25:37,THY6NH,40.220306,32.526855,304.52,423.6,38000,-26.0
2026-09-12 00:25:37,PGT50FT,40.120377,32.584656,,,,-22.8
2026-09-12 00:25:37,TKJ6683,40.069094,32.811043,,,,-24.5
2026-09-12 00:26:07,ETD2,40.284851,32.486755,130.91,516.1,37000,-25.8
2026-09-12 00:26:07,THY6NH,40.220306,32.526855,304.52,423.6,38000,-26.0
2026-09-12 00:26:07,PGT50FT,40.120377,32.584656,,,,-22.8
2026-09-12 00:26:07,TKJ6683,40.069094,32.811043,,,,-24.5
2026-09-12 00:26:37,ETD2,40.284851,32.486755,130.91,516.1,37000,-25.8
2026-09-12 00:26:37,THY6NH,40.220306,32.526855,304.52,423.6,38000,-26.0
2026-09-12 00:26:37,PGT50FT,40.120377,32.584656,,,,-22.8
2026-09-12 00:26:37,TKJ6683,40.069094,32.811043,,,,-24.5
2026-09-12 00:27:07,ETD2,40.284851,32.486755,130.91,516.1,37000,-25.8
2026-09-12 00:27:07,THY6NH,40.220306,32.526855,304.52,423.6,38000,-26.0
2026-09-12 00:27:07,PGT50FT,40.120377,32.584656,,,,-22.8
2026-09-12 00:27:07,TKJ6683,40.069094,32.811043,,,,-24.5
2026-09-12 00:27:37,ETD2,40.284851,32.486755,130.91,516.1,37000,-25.8
2026-09-12 00:27:37,THY6NH,40.220306,32.526855,304.52,423.6,38000,-26.0
2026-09-12 00:27:37,PGT50FT,40.120377,32.584656,,,,-22.8
2026-09-12 00:27:37,TKJ6683,40.069094,32.811043,,,,-24.5
2026-09-12 00:28:07,ETD2,40.284851,32.486755,130.91,516.1,37000,-25.8
2026-09-12 00:28:07,THY6NH,40.220306,32.526855,304.52,423.6,38000,-26.0
2026-09-12 00:28:07,PGT50FT,40.120377,32.584656,,,,-22.8
2026-09-12 00:28:07,TKJ6683,40.069094,32.811043,,,,-24.5
2026-09-12 00:28:37,ETD2,40.284851,32.486755,130.91,516.1,37000,-25.8
2026-09-12 00:28:37,THY6NH,40.220306,32.526855,304.52,423.6,38000,-26.0
2026-09-12 00:28:37,PGT50FT,40.120377,32.584656,,,,-22.8
2026-09-12 00:28:37,TKJ6683,40.069094,32.811043,,,,-24.5
2026-09-12 00:29:07,ETD2,40.284851,32.486755,130.91,516.1,37000,-25.8
2026-09-12 00:29:07,THY6NH,40.220306,32.526855,304.52,423.6,38000,-26.0
2026-09-12 00:29:07,PGT50FT,40.120377,32.584656,,,,-22.8
2026-09-12 00:29:07,TKJ6683,40.069094,32.811043,,,,-24.5
2026-09-12 00:29:37,ETD2,40.284851,32.486755,130.91,516.1,37000,-25.8
2026-09-12 00:29:37,THY6NH,40.220306,32.526855,304.52,423.6,38000,-26.0
2026-09-12 00:29:37,PGT50FT,40.120377,32.584656,,,,-22.8
2026-09-12 00:29:37,TKJ6683,40.069094,32.811043,,,,-24.5
2026-09-12 00:30:07,ETD2,40.284851,32.486755,130.91,516.1,37000,-25.8
2026-09-12 00:30:07,THY6NH,40.220306,32.526855,304.52,423.6,38000,-26.0
2026-09-12 00:30:07,PGT50FT,40.120377,32.584656,,,,-22.8
2026-09-12 00:30:07,TKJ6683,40.069094,32.811043,,,,-24.5
2026-09-12 00:30:37,ETD2,40.284851,32.486755,130.91,516.1,37000,-25.8
2026-09-12 00:30:37,THY6NH,40.220306,32.526855,304.52,423.6,38000,-26.0
2026-09-12 00:30:37,PGT50FT,40.120377,32.584656,,,,-22.8
2026-09-12 00:30:37,TKJ6683,40.069094,32.811043,,,,-24.5
2026-09-12 00:31:07,ETD2,40.284851,32.486755,130.91,516.1,37000,-25.8
2026-09-12 00:31:07,THY6NH,40.220306,32.526855,304.52,423.6,38000,-26.0
2026-09-12 00:31:07,PGT50FT,40.120377,32.584656,,,,-22.8
2026-09-12 00:31:07,TKJ6683,40.069094,32.811043,,,,-24.5
2026-09-12 00:31:38,ETD2,40.284851,32.486755,130.91,516.1,37000,-25.8
2026-09-12 00:31:38,THY6NH,40.220306,32.526855,304.52,423.6,38000,-26.0
2026-09-12 00:31:38,PGT50FT,40.120377,32.584656,,,,-22.8
2026-09-12 00:31:38,TKJ6683,40.069094,32.811043,,,,-24.5
2026-09-12 00:32:08,ETD2,40.284851,32.486755,130.91,516.1,37000,-25.8
2026-09-12 00:32:08,THY6NH,40.220306,32.526855,304.52,423.6,38000,-26.0
2026-09-12 00:32:08,PGT50FT,40.120377,32.584656,,,,-22.8
2026-09-12 00:32:08,TKJ6683,40.069094,32.811043,,,,-24.5
2026-09-12 00:32:38,ETD2,40.284851,32.486755,130.91,516.1,37000,-25.8
2026-09-12 00:32:38,THY6NH,40.220306,32.526855,304.52,423.6,38000,-26.0
2026-09-12 00:32:38,PGT50FT,40.120377,32.584656,,,,-22.8
2026-09-12 00:32:38,TKJ6683,40.069094,32.811043,,,,-24.5
2026-09-12 00:33:08,ETD2,40.284851,32.486755,130.91,516.1,37000,-25.8
2026-09-12 00:33:08,THY6NH,40.220306,32.526855,304.52,423.6,38000,-26.0
2026-09-12 00:33:08,PGT50FT,40.120377,32.584656,,,,-22.8
2026-09-12 00:33:08,TKJ6683,40.069094,32.811043,,,,-24.5
2026-09-12 00:33:38,ETD2,40.284851,32.486755,130.91,516.1,37000,-25.8
2026-09-12 00:33:38,THY6NH,40.220306,32.526855,304.52,423.6,38000,-26.0
2026-09-12 00:33:38,PGT50FT,40.120377,32.584656,,,,-22.8
2026-09-12 00:33:38,TKJ6683,40.069094,32.811043,,,,-24.5
2026-09-12 00:34:08,ETD2,40.284851,32.486755,130.91,516.1,37000,-25.8
2026-09-12 00:34:08,THY6NH,40.220306,32.526855,304.52,423.6,38000,-26.0
2026-09-12 00:34:08,PGT50FT,40.120377,32.584656,,,,-22.8
2026-09-12 00:34:08,TKJ6683,40.069094,32.811043,,,,-24.5
2026-09-12 00:34:38,ETD2,40.284851,32.486755,130.91,516.1,37000,-25.8
2026-09-12 00:34:38,THY6NH,40.220306,32.526855,304.52,423.6,38000,-26.0
2026-09-12 00:34:38,PGT50FT,40.120377,32.584656,,,,-22.8
2026-09-12 00:34:38,TKJ6683,40.069094,32.811043,,,,-24.5
2026-09-12 00:35:08,ETD2,40.284851,32.486755,130.91,516.1,37000,-25.8
2026-09-12 00:35:08,THY6NH,40.220306,32.526855,304.52,423.6,38000,-26.0
2026-09-12 00:35:08,PGT50FT,40.120377,32.584656,,,,-22.8
2026-09-12 00:35:08,TKJ6683,40.069094,32.811043,,,,-24.5
2026-09-12 00:35:38,ETD2,40.284851,32.486755,130.91,516.1,37000,-25.8
2026-09-12 00:35:38,THY6NH,40.220306,32.526855,304.52,423.6,38000,-26.0
2026-09-12 00:35:38,PGT50FT,40.120377,32.584656,,,,-22.8
2026-09-12 00:35:38,TKJ6683,40.069094,32.811043,,,,-24.5
2026-09-12 00:36:08,ETD2,40.284851,32.486755,130.91,516.1,37000,-25.8
2026-09-12 00:36:08,THY6NH,40.220306,32.526855,304.52,423.6,38000,-26.0
2026-09-12 00:36:08,PGT50FT,40.120377,32.584656,,,,-22.8
2026-09-12 00:36:08,TKJ6683,40.069094,32.811043,,,,-24.5
2026-09-12 00:36:38,ETD2,40.284851,32.486755,130.91,516.1,37000,-25.8
2026-09-12 00:36:38,THY6NH,40.220306,32.526855,304.52,423.6,38000,-26.0
2026-09-12 00:36:38,PGT50FT,40.120377,32.584656,,,,-22.8
2026-09-12 00:36:38,TKJ6683,40.069094,32.811043,,,,-24.5
2026-09-12 00:37:08,ETD2,40.284851,32.486755,130.91,516.1,37000,-25.8
2026-09-12 00:37:08,THY6NH,40.220306,32.526855,304.52,423.6,38000,-26.0
2026-09-12 00:37:08,PGT50FT,40.120377,32.584656,,,,-22.8
2026-09-12 00:37:08,TKJ6683,40.069094,32.811043,,,,-24.5
2026-09-12 00:37:38,ETD2,40.284851,32.486755,130.91,516.1,37000,-25.8
2026-09-12 00:37:38,THY6NH,40.220306,32.526855,304.52,423.6,38000,-26.0
2026-09-12 00:37:38,PGT50FT,40.120377,32.584656,,,,-22.8
2026-09-12 00:37:38,TKJ6683,40.069094,32.811043,,,,-24.5
2026-09-12 00:38:08,ETD2,40.284851,32.486755,130.91,516.1,37000,-25.8
2026-09-12 00:38:08,THY6NH,40.220306,32.526855,304.52,423.6,38000,-26.0
2026-09-12 00:38:08,PGT50FT,40.120377,32.584656,,,,-22.8
2026-09-12 00:38:08,TKJ6683,40.069094,32.811043,,,,-24.5
2026-09-12 00:38:39,ETD2,40.284851,32.486755,130.91,516.1,37000,-25.8
2026-09-12 00:38:39,THY6NH,40.220306,32.526855,304.52,423.6,38000,-26.0
2026-09-12 00:38:39,PGT50FT,40.120377,32.584656,,,,-22.8
2026-09-12 00:38:39,TKJ6683,40.069094,32.811043,,,,-24.5
2026-09-12 00:39:09,ETD2,40.284851,32.486755,130.91,516.1,37000,-25.8
2026-09-12 00:39:09,THY6NH,40.220306,32.526855,304.52,423.6,38000,-26.0
2026-09-12 00:39:09,PGT50FT,40.120377,32.584656,,,,-22.8
2026-09-12 00:39:09,TKJ6683,40.069094,32.811043,,,,-24.5
2026-09-12 00:39:39,ETD2,40.284851,32.486755,130.91,516.1,37000,-25.8
2026-09-12 00:39:39,THY6NH,40.220306,32.526855,304.52,423.6,38000,-26.0
2026-09-12 00:39:39,PGT50FT,40.120377,32.584656,,,,-22.8
2026-09-12 00:39:39,TKJ6683,40.069094,32.811043,,,,-24.5
2026-09-12 00:40:09,ETD2,40.284851,32.486755,130.91,516.1,37000,-25.8
2026-09-12 00:40:09,THY6NH,40.220306,32.526855,304.52,423.6,38000,-26.0
2026-09-12 00:40:09,PGT50FT,40.120377,32.584656,,,,-22.8
2026-09-12 00:40:09,TKJ6683,40.069094,32.811043,,,,-24.5
2026-09-12 00:40:39,ETD2,40.284851,32.486755,130.91,516.1,37000,-25.8
2026-09-12 00:40:39,THY6NH,40.220306,32.526855,304.52,423.6,38000,-26.0
2026-09-12 00:40:39,PGT50FT,40.120377,32.584656,,,,-22.8
2026-09-12 00:40:39,TKJ6683,40.069094,32.811043,,,,-24.5
2026-09-12 00:41:09,ETD2,40.284851,32.486755,130.91,516.1,37000,-25.8
2026-09-12 00:41:09,THY6NH,40.220306,32.526855,304.52,423.6,38000,-26.0
2026-09-12 00:41:09,PGT50FT,40.120377,32.584656,,,,-22.8
2026-09-12 00:41:09,TKJ6683,40.069094,32.811043,,,,-24.5
2026-09-12 00:41:39,ETD2,40.284851,32.486755,130.91,516.1,37000,-25.8
2026-09-12 00:41:39,THY6NH,40.220306,32.526855,304.52,423.6,38000,-26.0
2026-09-12 00:41:39,PGT50FT,40.120377,32.584656,,,,-22.8
2026-09-12 00:41:39,TKJ6683,40.069094,32.811043,,,,-24.5
2026-09-12 00:42:09,ETD2,40.284851,32.486755,130.91,516.1,37000,-25.8
2026-09-12 00:42:09,THY6NH,40.220306,32.526855,304.52,423.6,38000,-26.0
2026-09-12 00:42:09,PGT50FT,40.120377,32.584656,,,,-22.8
2026-09-12 00:42:09,TKJ6683,40.069094,32.811043,,,,-24.5
2026-09-12 00:42:39,ETD2,40.284851,32.486755,130.91,516.1,37000,-25.8
2026-09-12 00:42:39,THY6NH,40.220306,32.526855,304.52,423.6,38000,-26.0
2026-09-12 00:42:39,PGT50FT,40.120377,32.584656,,,,-22.8
2026-09-12 00:42:39,TKJ6683,40.069094,32.811043,,,,-24.5
2026-09-12 00:43:09,ETD2,40.284851,32.486755,130.91,516.1,37000,-25.8
2026-09-12 00:43:09,THY6NH,40.220306,32.526855,304.52,423.6,38000,-26.0
2026-09-12 00:43:09,PGT50FT,40.120377,32.584656,,,,-22.8
2026-09-12 00:43:09,TKJ6683,40.069094,32.811043,,,,-24.5
2026-09-12 00:43:39,ETD2,40.284851,32.486755,130.91,516.1,37000,-25.8
2026-09-12 00:43:39,THY6NH,40.220306,32.526855,304.52,423.6,38000,-26.0
2026-09-12 00:43:39,PGT50FT,40.120377,32.584656,,,,-22.8
2026-09-12 00:43:39,TKJ6683,40.069094,32.811043,,,,-24.5
2026-09-12 00:44:09,ETD2,40.284851,32.486755,130.91,516.1,37000,-25.8
2026-09-12 00:44:09,THY6NH,40.220306,32.526855,304.52,423.6,38000,-26.0
2026-09-12 00:44:09,PGT50FT,40.120377,32.584656,,,,-22.8
2026-09-12 00:44:09,TKJ6683,40.069094,32.811043,,,,-24.5
2026-09-12 00:44:39,ETD2,40.284851,32.486755,130.91,516.1,37000,-25.8
2026-09-12 00:44:39,THY6NH,40.220306,32.526855,304.52,423.6,38000,-26.0
2026-09-12 00:44:39,PGT50FT,40.120377,32.584656,,,,-22.8
2026-09-12 00:44:39,TKJ6683,40.069094,32.811043,,,,-24.5
2026-09-12 00:45:10,ETD2,40.284851,32.486755,130.91,516.1,37000,-25.8
2026-09-12 00:45:10,THY6NH,40.220306,32.526855,304.52,423.6,38000,-26.0
2026-09-12 00:45:10,PGT50FT,40.120377,32.584656,,,,-22.8
2026-09-12 00:45:10,TKJ6683,40.069094,32.811043,,,,-24.5
2026-09-12 00:45:40,ETD2,40.284851,32.486755,130.91,516.1,37000,-25.8
2026-09-12 00:45:40,THY6NH,40.220306,32.526855,304.52,423.6,38000,-26.0
2026-09-12 00:45:40,PGT50FT,40.120377,32.584656,,,,-22.8
2026-09-12 00:45:40,TKJ6683,40.069094,32.811043,,,,-24.5
2026-09-12 00:46:10,ETD2,40.284851,32.486755,130.91,516.1,37000,-25.8
2026-09-12 00:46:10,THY6NH,40.220306,32.526855,304.52,423.6,38000,-26.0
2026-09-12 00:46:10,PGT50FT,40.120377,32.584656,,,,-22.8
2026-09-12 00:46:10,TKJ6683,40.069094,32.811043,,,,-24.5
2026-09-12 00:46:40,ETD2,40.284851,32.486755,130.91,516.1,37000,-25.8
2026-09-12 00:46:40,THY6NH,40.220306,32.526855,304.52,423.6,38000,-26.0
2026-09-12 00:46:40,PGT50FT,40.120377,32.584656,,,,-22.8
2026-09-12 00:46:40,TKJ6683,40.069094,32.811043,,,,-24.5
2026-09-12 00:47:10,ETD2,40.284851,32.486755,130.91,516.1,37000,-25.8
2026-09-12 00:47:10,THY6NH,40.220306,32.526855,304.52,423.6,38000,-26.0
2026-09-12 00:47:10,PGT50FT,40.120377,32.584656,,,,-22.8
2026-09-12 00:47:10,TKJ6683,40.069094,32.811043,,,,-24.5
2026-09-12 00:47:40,ETD2,40.284851,32.486755,130.91,516.1,37000,-25.8
2026-09-12 00:47:40,THY6NH,40.220306,32.526855,304.52,423.6,38000,-26.0
2026-09-12 00:47:40,PGT50FT,40.120377,32.584656,,,,-22.8
2026-09-12 00:47:40,TKJ6683,40.069094,32.811043,,,,-24.5
2026-09-12 00:48:10,ETD2,40.284851,32.486755,130.91,516.1,37000,-25.8
2026-09-12 00:48:10,THY6NH,40.220306,32.526855,304.52,423.6,38000,-26.0
2026-09-12 00:48:10,PGT50FT,40.120377,32.584656,,,,-22.8
2026-09-12 00:48:10,TKJ6683,40.069094,32.811043,,,,-24.5
2026-09-12 00:48:40,ETD2,40.284851,32.486755,130.91,516.1,37000,-25.8
2026-09-12 00:48:40,THY6NH,40.220306,32.526855,304.52,423.6,38000,-26.0
2026-09-12 00:48:40,PGT50FT,40.120377,32.584656,,,,-22.8
2026-09-12 00:48:40,TKJ6683,40.069094,32.811043,,,,-24.5
2026-09-12 00:49:10,ETD2,40.284851,32.486755,130.91,516.1,37000,-25.8
2026-09-12 00:49:10,THY6NH,40.220306,32.526855,304.52,423.6,38000,-26.0
2026-09-12 00:49:10,PGT50FT,40.120377,32.584656,,,,-22.8
2026-09-12 00:49:10,TKJ6683,40.069094,32.811043,,,,-24.5
2026-09-12 00:49:40,ETD2,40.284851,32.486755,130.91,516.1,37000,-25.8
2026-09-12 00:49:40,THY6NH,40.220306,32.526855,304.52,423.6,38000,-26.0
2026-09-12 00:49:40,PGT50FT,40.120377,32.584656,,,,-22.8
2026-09-12 00:49:40,TKJ6683,40.069094,32.811043,,,,-24.5
2026-09-12 00:50:10,ETD2,40.284851,32.486755,130.91,516.1,37000,-25.8
2026-09-12 00:50:10,THY6NH,40.220306,32.526855,304.52,423.6,38000,-26.0
2026-09-12 00:50:10,PGT50FT,40.120377,32.584656,,,,-22.8
2026-09-12 00:50:10,TKJ6683,40.069094,32.811043,,,,-24.5
2026-09-12 00:50:40,ETD2,40.284851,32.486755,130.91,516.1,37000,-25.8
2026-09-12 00:50:40,THY6NH,40.220306,32.526855,304.52,423.6,38000,-26.0
2026-09-12 00:50:40,PGT50FT,40.120377,32.584656,,,,-22.8
2026-09-12 00:50:40,TKJ6683,40.069094,32.811043,,,,-24.5
2026-09-12 00:51:11,ETD2,40.284851,32.486755,130.91,516.1,37000,-25.8
2026-09-12 00:51:11,THY6NH,40.220306,32.526855,304.52,423.6,38000,-26.0
2026-09-12 00:51:11,PGT50FT,40.120377,32.584656,,,,-22.8
2026-09-12 00:51:11,TKJ6683,40.069094,32.811043,,,,-24.5
2026-09-12 00:51:41,ETD2,40.284851,32.486755,130.91,516.1,37000,-25.8
2026-09-12 00:51:41,THY6NH,40.220306,32.526855,304.52,423.6,38000,-26.0
2026-09-12 00:51:41,PGT50FT,40.120377,32.584656,,,,-22.8
2026-09-12 00:51:41,TKJ6683,40.069094,32.811043,,,,-24.5
2026-09-12 00:52:11,ETD2,40.284851,32.486755,130.91,516.1,37000,-25.8
2026-09-12 00:52:11,THY6NH,40.220306,32.526855,304.52,423.6,38000,-26.0
2026-09-12 00:52:11,PGT50FT,40.120377,32.584656,,,,-22.8
2026-09-12 00:52:11,TKJ6683,40.069094,32.811043,,,,-24.5
2026-09-12 00:52:41,ETD2,40.284851,32.486755,130.91,516.1,37000,-25.8
2026-09-12 00:52:41,THY6NH,40.220306,32.526855,304.52,423.6,38000,-26.0
2026-09-12 00:52:41,PGT50FT,40.120377,32.584656,,,,-22.8
2026-09-12 00:52:41,TKJ6683,40.069094,32.811043,,,,-24.5
2026-09-12 00:53:11,ETD2,40.284851,32.486755,130.91,516.1,37000,-25.8
2026-09-12 00:53:11,THY6NH,40.220306,32.526855,304.52,423.6,38000,-26.0
2026-09-12 00:53:11,PGT50FT,40.120377,32.584656,,,,-22.8
2026-09-12 00:53:11,TKJ6683,40.069094,32.811043,,,,-24.5
2026-09-12 00:53:41,ETD2,40.284851,32.486755,130.91,516.1,37000,-25.8
2026-09-12 00:53:41,THY6NH,40.220306,32.526855,304.52,423.6,38000,-26.0
2026-09-12 00:53:41,PGT50FT,40.120377,32.584656,,,,-22.8
2026-09-12 00:53:41,TKJ6683,40.069094,32.811043,,,,-24.5
2026-09-12 00:54:11,ETD2,40.284851,32.486755,130.91,516.1,37000,-25.8
2026-09-12 00:54:11,THY6NH,40.220306,32.526855,304.52,423.6,38000,-26.0
2026-09-12 00:54:11,PGT50FT,40.120377,32.584656,,,,-22.8
2026-09-12 00:54:11,TKJ6683,40.069094,32.811043,,,,-24.5
2026-09-12 00:54:41,ETD2,40.284851,32.486755,130.91,516.1,37000,-25.8
2026-09-12 00:54:41,THY6NH,40.220306,32.526855,304.52,423.6,38000,-26.0
2026-09-12 00:54:41,PGT50FT,40.120377,32.584656,,,,-22.8
2026-09-12 00:54:41,TKJ6683,40.069094,32.811043,,,,-24.5
2026-09-12 00:55:11,ETD2,40.284851,32.486755,130.91,516.1,37000,-25.8
2026-09-12 00:55:11,THY6NH,40.220306,32.526855,304.52,423.6,38000,-26.0
2026-09-12 00:55:11,PGT50FT,40.120377,32.584656,,,,-22.8
2026-09-12 00:55:11,TKJ6683,40.069094,32.811043,,,,-24.5
2026-09-12 00:55:41,ETD2,40.284851,32.486755,130.91,516.1,37000,-25.8
2026-09-12 00:55:41,THY6NH,40.220306,32.526855,304.52,423.6,38000,-26.0
2026-09-12 00:55:41,PGT50FT,40.120377,32.584656,,,,-22.8
2026-09-12 00:55:41,TKJ6683,40.069094,32.811043,,,,-24.5
2026-09-12 00:56:11,ETD2,40.284851,32.486755,130.91,516.1,37000,-25.8
2026-09-12 00:56:11,THY6NH,40.220306,32.526855,304.52,423.6,38000,-26.0
2026-09-12 00:56:11,PGT50FT,40.120377,32.584656,,,,-22.8
2026-09-12 00:56:11,TKJ6683,40.069094,32.811043,,,,-24.5
2026-09-12 00:56:41,ETD2,40.284851,32.486755,130.91,516.1,37000,-25.8
2026-09-12 00:56:41,THY6NH,40.220306,32.526855,304.52,423.6,38000,-26.0
2026-09-12 00:56:41,PGT50FT,40.120377,32.584656,,,,-22.8
2026-09-12 00:56:41,TKJ6683,40.069094,32.811043,,,,-24.5
2026-09-12 00:57:11,ETD2,40.284851,32.486755,130.91,516.1,37000,-25.8
2026-09-12 00:57:11,THY6NH,40.220306,32.526855,304.52,423.6,38000,-26.0
2026-09-12 00:57:11,PGT50FT,40.120377,32.584656,,,,-22.8
2026-09-12 00:57:11,TKJ6683,40.069094,32.811043,,,,-24.5
2026-09-12 00:57:41,ETD2,40.284851,32.486755,130.91,516.1,37000,-25.8
2026-09-12 00:57:41,THY6NH,40.220306,32.526855,304.52,423.6,38000,-26.0
2026-09-12 00:57:41,PGT50FT,40.120377,32.584656,,,,-22.8
2026-09-12 00:57:41,TKJ6683,40.069094,32.811043,,,,-24.5
2026-09-12 00:58:12,ETD2,40.284851,32.486755,130.91,516.1,37000,-25.8
2026-09-12 00:58:12,THY6NH,40.220306,32.526855,304.52,423.6,38000,-26.0
2026-09-12 00:58:12,PGT50FT,40.120377,32.584656,,,,-22.8
2026-09-12 00:58:12,TKJ6683,40.069094,32.811043,,,,-24.5
2026-09-12 00:58:42,ETD2,40.284851,32.486755,130.91,516.1,37000,-25.8
2026-09-12 00:58:42,THY6NH,40.220306,32.526855,304.52,423.6,38000,-26.0
2026-09-12 00:58:42,PGT50FT,40.120377,32.584656,,,,-22.8
2026-09-12 00:58:42,TKJ6683,40.069094,32.811043,,,,-24.5
2026-09-12 00:59:12,ETD2,40.284851,32.486755,130.91,516.1,37000,-25.8
2026-09-12 00:59:12,THY6NH,40.220306,32.526855,304.52,423.6,38000,-26.0
2026-09-12 00:59:12,PGT50FT,40.120377,32.584656,,,,-22.8
2026-09-12 00:59:12,TKJ6683,40.069094,32.811043,,,,-24.5
2026-09-12 00:59:42,ETD2,40.284851,32.486755,130.91,516.1,37000,-25.8
2026-09-12 00:59:42,THY6NH,40.220306,32.526855,304.52,423.6,38000,-26.0
2026-09-12 00:59:42,PGT50FT,40.120377,32.584656,,,,-22.8
2026-09-12 00:59:42,TKJ6683,40.069094,32.811043,,,,-24.5
2026-09-12 01:00:12,ETD2,40.284851,32.486755,130.91,516.1,37000,-25.8
2026-09-12 01:00:12,THY6NH,40.220306,32.526855,304.52,423.6,38000,-26.0
2026-09-12 01:00:12,PGT50FT,40.120377,32.584656,,,,-22.8
2026-09-12 01:00:12,TKJ6683,40.069094,32.811043,,,,-24.5
2026-09-12 01:00:42,ETD2,40.284851,32.486755,130.91,516.1,37000,-25.8
2026-09-12 01:00:42,THY6NH,40.220306,32.526855,304.52,423.6,38000,-26.0
2026-09-12 01:00:42,PGT50FT,40.120377,32.584656,,,,-22.8
2026-09-12 01:00:42,TKJ6683,40.069094,32.811043,,,,-24.5
2026-09-12 01:01:12,ETD2,40.284851,32.486755,130.91,516.1,37000,-25.8
2026-09-12 01:01:12,THY6NH,40.220306,32.526855,304.52,423.6,38000,-26.0
2026-09-12 01:01:12,PGT50FT,40.120377,32.584656,,,,-22.8
2026-09-12 01:01:12,TKJ6683,40.069094,32.811043,,,,-24.5
2026-09-12 01:01:42,ETD2,40.284851,32.486755,130.91,516.1,37000,-25.8
2026-09-12 01:01:42,THY6NH,40.220306,32.526855,304.52,423.6,38000,-26.0
2026-09-12 01:01:42,PGT50FT,40.120377,32.584656,,,,-22.8
2026-09-12 01:01:42,TKJ6683,40.069094,32.811043,,,,-24.5
2026-09-12 01:02:12,ETD2,40.284851,32.486755,130.91,516.1,37000,-25.8
2026-09-12 01:02:12,THY6NH,40.220306,32.526855,304.52,423.6,38000,-26.0
2026-09-12 01:02:12,PGT50FT,40.120377,32.584656,,,,-22.8
2026-09-12 01:02:12,TKJ6683,40.069094,32.811043,,,,-24.5
2026-09-12 01:02:42,ETD2,40.284851,32.486755,130.91,516.1,37000,-25.8
2026-09-12 01:02:42,THY6NH,40.220306,32.526855,304.52,423.6,38000,-26.0
2026-09-12 01:02:42,PGT50FT,40.120377,32.584656,,,,-22.8
2026-09-12 01:02:42,TKJ6683,40.069094,32.811043,,,,-24.5
2026-09-12 01:03:12,ETD2,40.284851,32.486755,130.91,516.1,37000,-25.8
2026-09-12 01:03:12,THY6NH,40.220306,32.526855,304.52,423.6,38000,-26.0
2026-09-12 01:03:12,PGT50FT,40.120377,32.584656,,,,-22.8
2026-09-12 01:03:12,TKJ6683,40.069094,32.811043,,,,-24.5
2026-09-12 01:03:42,ETD2,40.284851,32.486755,130.91,516.1,37000,-25.8
2026-09-12 01:03:42,THY6NH,40.220306,32.526855,304.52,423.6,38000,-26.0
2026-09-12 01:03:42,PGT50FT,40.120377,32.584656,,,,-22.8
2026-09-12 01:03:42,TKJ6683,40.069094,32.811043,,,,-24.5
2026-09-12 01:04:13,ETD2,40.284851,32.486755,130.91,516.1,37000,-25.8
2026-09-12 01:04:13,THY6NH,40.220306,32.526855,304.52,423.6,38000,-26.0
2026-09-12 01:04:13,PGT50FT,40.120377,32.584656,,,,-22.8
2026-09-12 01:04:13,TKJ6683,40.069094,32.811043,,,,-24.5
2026-09-12 01:04:43,ETD2,40.284851,32.486755,130.91,516.1,37000,-25.8
2026-09-12 01:04:43,THY6NH,40.220306,32.526855,304.52,423.6,38000,-26.0
2026-09-12 01:04:43,PGT50FT,40.120377,32.584656,,,,-22.8
2026-09-12 01:04:43,TKJ6683,40.069094,32.811043,,,,-24.5
2026-09-12 01:05:13,ETD2,40.284851,32.486755,130.91,516.1,37000,-25.8
2026-09-12 01:05:13,THY6NH,40.220306,32.526855,304.52,423.6,38000,-26.0
2026-09-12 01:05:13,PGT50FT,40.120377,32.584656,,,,-22.8
2026-09-12 01:05:13,TKJ6683,40.069094,32.811043,,,,-24.5
2026-09-12 01:05:43,ETD2,40.284851,32.486755,130.91,516.1,37000,-25.8
2026-09-12 01:05:43,THY6NH,40.220306,32.526855,304.52,423.6,38000,-26.0
2026-09-12 01:05:43,PGT50FT,40.120377,32.584656,,,,-22.8
2026-09-12 01:05:43,TKJ6683,40.069094,32.811043,,,,-24.5
2026-09-12 01:06:13,ETD2,40.284851,32.486755,130.91,516.1,37000,-25.8
2026-09-12 01:06:13,THY6NH,40.220306,32.526855,304.52,423.6,38000,-26.0
2026-09-12 01:06:13,PGT50FT,40.120377,32.584656,,,,-22.8
2026-09-12 01:06:13,TKJ6683,40.069094,32.811043,,,,-24.5
2026-09-12 01:06:43,ETD2,40.284851,32.486755,130.91,516.1,37000,-25.8
2026-09-12 01:06:43,THY6NH,40.220306,32.526855,304.52,423.6,38000,-26.0
2026-09-12 01:06:43,PGT50FT,40.120377,32.584656,,,,-22.8
2026-09-12 01:06:43,TKJ6683,40.069094,32.811043,,,,-24.5
2026-09-12 01:07:13,ETD2,40.284851,32.486755,130.91,516.1,37000,-25.8
2026-09-12 01:07:13,THY6NH,40.220306,32.526855,304.52,423.6,38000,-26.0
2026-09-12 01:07:13,PGT50FT,40.120377,32.584656,,,,-22.8
2026-09-12 01:07:13,TKJ6683,40.069094,32.811043,,,,-24.5
2026-09-12 01:07:43,ETD2,40.284851,32.486755,130.91,516.1,37000,-25.8
2026-09-12 01:07:43,THY6NH,40.220306,32.526855,304.52,423.6,38000,-26.0
2026-09-12 01:07:43,PGT50FT,40.120377,32.584656,,,,-22.8
2026-09-12 01:07:43,TKJ6683,40.069094,32.811043,,,,-24.5
2026-09-12 01:08:13,ETD2,40.284851,32.486755,130.91,516.1,37000,-25.8
2026-09-12 01:08:13,THY6NH,40.220306,32.526855,304.52,423.6,38000,-26.0
2026-09-12 01:08:13,PGT50FT,40.120377,32.584656,,,,-22.8
2026-09-12 01:08:13,TKJ6683,40.069094,32.811043,,,,-24.5
2026-09-12 01:08:43,ETD2,40.284851,32.486755,130.91,516.1,37000,-25.8
2026-09-12 01:08:43,THY6NH,40.220306,32.526855,304.52,423.6,38000,-26.0
2026-09-12 01:08:43,PGT50FT,40.120377,32.584656,,,,-22.8
2026-09-12 01:08:43,TKJ6683,40.069094,32.811043,,,,-24.5
2026-09-12 01:09:13,ETD2,40.284851,32.486755,130.91,516.1,37000,-25.8
2026-09-12 01:09:13,THY6NH,40.220306,32.526855,304.52,423.6,38000,-26.0
2026-09-12 01:09:13,PGT50FT,40.120377,32.584656,,,,-22.8
2026-09-12 01:09:13,TKJ6683,40.069094,32.811043,,,,-24.5
2026-09-12 01:09:43,ETD2,40.284851,32.486755,130.91,516.1,37000,-25.8
2026-09-12 01:09:43,THY6NH,40.220306,32.526855,304.52,423.6,38000,-26.0
2026-09-12 01:09:43,PGT50FT,40.120377,32.584656,,,,-22.8
2026-09-12 01:09:43,TKJ6683,40.069094,32.811043,,,,-24.5
2026-09-12 01:10:13,ETD2,40.284851,32.486755,130.91,516.1,37000,-25.8
2026-09-12 01:10:13,THY6NH,40.220306,32.526855,304.52,423.6,38000,-26.0
2026-09-12 01:10:13,PGT50FT,40.120377,32.584656,,,,-22.8
2026-09-12 01:10:13,TKJ6683,40.069094,32.811043,,,,-24.5
2026-09-12 01:10:44,ETD2,40.284851,32.486755,130.91,516.1,37000,-25.8
2026-09-12 01:10:44,THY6NH,40.220306,32.526855,304.52,423.6,38000,-26.0
2026-09-12 01:10:44,PGT50FT,40.120377,32.584656,,,,-22.8
2026-09-12 01:10:44,TKJ6683,40.069094,32.811043,,,,-24.5
2026-09-12 01:11:14,ETD2,40.284851,32.486755,130.91,516.1,37000,-25.8
2026-09-12 01:11:14,THY6NH,40.220306,32.526855,304.52,423.6,38000,-26.0
2026-09-12 01:11:14,PGT50FT,40.120377,32.584656,,,,-22.8
2026-09-12 01:11:14,TKJ6683,40.069094,32.811043,,,,-24.5
2026-09-12 01:11:44,ETD2,40.284851,32.486755,130.91,516.1,37000,-25.8
2026-09-12 01:11:44,THY6NH,40.220306,32.526855,304.52,423.6,38000,-26.0
2026-09-12 01:11:44,PGT50FT,40.120377,32.584656,,,,-22.8
2026-09-12 01:11:44,TKJ6683,40.069094,32.811043,,,,-24.5
2026-09-12 01:12:14,ETD2,40.284851,32.486755,130.91,516.1,37000,-25.8
2026-09-12 01:12:14,THY6NH,40.220306,32.526855,304.52,423.6,38000,-26.0
2026-09-12 01:12:14,PGT50FT,40.120377,32.584656,,,,-22.8
2026-09-12 01:12:14,TKJ6683,40.069094,32.811043,,,,-24.5
2026-09-12 01:12:44,ETD2,40.284851,32.486755,130.91,516.1,37000,-25.8
2026-09-12 01:12:44,THY6NH,40.220306,32.526855,304.52,423.6,38000,-26.0
2026-09-12 01:12:44,PGT50FT,40.120377,32.584656,,,,-22.8
2026-09-12 01:12:44,TKJ6683,40.069094,32.811043,,,,-24.5
2026-09-12 01:13:14,ETD2,40.284851,32.486755,130.91,516.1,37000,-25.8
2026-09-12 01:13:14,THY6NH,40.220306,32.526855,304.52,423.6,38000,-26.0
2026-09-12 01:13:14,PGT50FT,40.120377,32.584656,,,,-22.8
2026-09-12 01:13:14,TKJ6683,40.069094,32.811043,,,,-24.5
2026-09-12 01:13:44,ETD2,40.284851,32.486755,130.91,516.1,37000,-25.8
2026-09-12 01:13:44,THY6NH,40.220306,32.526855,304.52,423.6,38000,-26.0
2026-09-12 01:13:44,PGT50FT,40.120377,32.584656,,,,-22.8
2026-09-12 01:13:44,TKJ6683,40.069094,32.811043,,,,-24.5
2026-09-12 01:14:14,ETD2,40.284851,32.486755,130.91,516.1,37000,-25.8
2026-09-12 01:14:14,THY6NH,40.220306,32.526855,304.52,423.6,38000,-26.0
2026-09-12 01:14:14,PGT50FT,40.120377,32.584656,,,,-22.8
2026-09-12 01:14:14,TKJ6683,40.069094,32.811043,,,,-24.5
2026-09-12 01:14:44,ETD2,40.284851,32.486755,130.91,516.1,37000,-25.8
2026-09-12 01:14:44,THY6NH,40.220306,32.526855,304.52,423.6,38000,-26.0
2026-09-12 01:14:44,PGT50FT,40.120377,32.584656,,,,-22.8
2026-09-12 01:14:44,TKJ6683,40.069094,32.811043,,,,-24.5
2026-09-12 01:15:14,ETD2,40.284851,32.486755,130.91,516.1,37000,-25.8
2026-09-12 01:15:14,THY6NH,40.220306,32.526855,304.52,423.6,38000,-26.0
2026-09-12 01:15:14,PGT50FT,40.120377,32.584656,,,,-22.8
2026-09-12 01:15:14,TKJ6683,40.069094,32.811043,,,,-24.5
2026-09-12 01:15:44,ETD2,40.284851,32.486755,130.91,516.1,37000,-25.8
2026-09-12 01:15:44,THY6NH,40.220306,32.526855,304.52,423.6,38000,-26.0
2026-09-12 01:15:44,PGT50FT,40.120377,32.584656,,,,-22.8
2026-09-12 01:15:44,TKJ6683,40.069094,32.811043,,,,-24.5
2026-09-12 01:16:14,ETD2,40.284851,32.486755,130.91,516.1,37000,-25.8
2026-09-12 01:16:14,THY6NH,40.220306,32.526855,304.52,423.6,38000,-26.0
2026-09-12 01:16:14,PGT50FT,40.120377,32.584656,,,,-22.8
2026-09-12 01:16:14,TKJ6683,40.069094,32.811043,,,,-24.5
2026-09-12 01:16:44,ETD2,40.284851,32.486755,130.91,516.1,37000,-25.8
2026-09-12 01:16:44,THY6NH,40.220306,32.526855,304.52,423.6,38000,-26.0
2026-09-12 01:16:44,PGT50FT,40.120377,32.584656,,,,-22.8
2026-09-12 01:16:44,TKJ6683,40.069094,32.811043,,,,-24.5
2026-09-12 01:17:15,ETD2,40.284851,32.486755,130.91,516.1,37000,-25.8
2026-09-12 01:17:15,THY6NH,40.220306,32.526855,304.52,423.6,38000,-26.0
2026-09-12 01:17:15,PGT50FT,40.120377,32.584656,,,,-22.8
2026-09-12 01:17:15,TKJ6683,40.069094,32.811043,,,,-24.5
2026-09-12 01:17:45,ETD2,40.284851,32.486755,130.91,516.1,37000,-25.8
2026-09-12 01:17:45,THY6NH,40.220306,32.526855,304.52,423.6,38000,-26.0
2026-09-12 01:17:45,PGT50FT,40.120377,32.584656,,,,-22.8
2026-09-12 01:17:45,TKJ6683,40.069094,32.811043,,,,-24.5
2026-09-12 01:18:15,ETD2,40.284851,32.486755,130.91,516.1,37000,-25.8
2026-09-12 01:18:15,THY6NH,40.220306,32.526855,304.52,423.6,38000,-26.0
2026-09-12 01:18:15,PGT50FT,40.120377,32.584656,,,,-22.8
2026-09-12 01:18:15,TKJ6683,40.069094,32.811043,,,,-24.5
2026-09-12 01:18:45,ETD2,40.284851,32.486755,130.91,516.1,37000,-25.8
2026-09-12 01:18:45,THY6NH,40.220306,32.526855,304.52,423.6,38000,-26.0
2026-09-12 01:18:45,PGT50FT,40.120377,32.584656,,,,-22.8
2026-09-12 01:18:45,TKJ6683,40.069094,32.811043,,,,-24.5
2026-09-12 01:19:15,ETD2,40.284851,32.486755,130.91,516.1,37000,-25.8
2026-09-12 01:19:15,THY6NH,40.220306,32.526855,304.52,423.6,38000,-26.0
2026-09-12 01:19:15,PGT50FT,40.120377,32.584656,,,,-22.8
2026-09-12 01:19:15,TKJ6683,40.069094,32.811043,,,,-24.5
2026-09-12 01:19:45,ETD2,40.284851,32.486755,130.91,516.1,37000,-25.8
2026-09-12 01:19:45,THY6NH,40.220306,32.526855,304.52,423.6,38000,-26.0
2026-09-12 01:19:45,PGT50FT,40.120377,32.584656,,,,-22.8
2026-09-12 01:19:45,TKJ6683,40.069094,32.811043,,,,-24.5
2026-09-12 01:20:15,ETD2,40.284851,32.486755,130.91,516.1,37000,-25.8
2026-09-12 01:20:15,THY6NH,40.220306,32.526855,304.52,423.6,38000,-26.0
2026-09-12 01:20:15,PGT50FT,40.120377,32.584656,,,,-22.8
2026-09-12 01:20:15,TKJ6683,40.069094,32.811043,,,,-24.5
2026-09-12 01:20:45,ETD2,40.284851,32.486755,130.91,516.1,37000,-25.8
2026-09-12 01:20:45,THY6NH,40.220306,32.526855,304.52,423.6,38000,-26.0
2026-09-12 01:20:45,PGT50FT,40.120377,32.584656,,,,-22.8
2026-09-12 01:20:45,TKJ6683,40.069094,32.811043,,,,-24.5
2026-09-12 01:21:15,ETD2,40.284851,32.486755,130.91,516.1,37000,-25.8
2026-09-12 01:21:15,THY6NH,40.220306,32.526855,304.52,423.6,38000,-26.0
2026-09-12 01:21:15,PGT50FT,40.120377,32.584656,,,,-22.8
2026-09-12 01:21:15,TKJ6683,40.069094,32.811043,,,,-24.5
2026-09-12 01:21:45,ETD2,40.284851,32.486755,130.91,516.1,37000,-25.8
2026-09-12 01:21:45,THY6NH,40.220306,32.526855,304.52,423.6,38000,-26.0
2026-09-12 01:21:45,PGT50FT,40.120377,32.584656,,,,-22.8
2026-09-12 01:21:45,TKJ6683,40.069094,32.811043,,,,-24.5
2026-09-12 01:22:15,ETD2,40.284851,32.486755,130.91,516.1,37000,-25.8
2026-09-12 01:22:15,THY6NH,40.220306,32.526855,304.52,423.6,38000,-26.0
2026-09-12 01:22:15,PGT50FT,40.120377,32.584656,,,,-22.8
2026-09-12 01:22:15,TKJ6683,40.069094,32.811043,,,,-24.5
2026-09-12 01:22:45,ETD2,40.284851,32.486755,130.91,516.1,37000,-25.8
2026-09-12 01:22:45,THY6NH,40.220306,32.526855,304.52,423.6,38000,-26.0
2026-09-12 01:22:45,PGT50FT,40.120377,32.584656,,,,-22.8
2026-09-12 01:22:45,TKJ6683,40.069094,32.811043,,,,-24.5
2026-09-12 01:23:15,ETD2,40.284851,32.486755,130.91,516.1,37000,-25.8
2026-09-12 01:23:15,THY6NH,40.220306,32.526855,304.52,423.6,38000,-26.0
2026-09-12 01:23:15,PGT50FT,40.120377,32.584656,,,,-22.8
2026-09-12 01:23:15,TKJ6683,40.069094,32.811043,,,,-24.5
2026-09-12 01:23:46,ETD2,40.284851,32.486755,130.91,516.1,37000,-25.8
2026-09-12 01:23:46,THY6NH,40.220306,32.526855,304.52,423.6,38000,-26.0
2026-09-12 01:23:46,PGT50FT,40.120377,32.584656,,,,-22.8
2026-09-12 01:23:46,TKJ6683,40.069094,32.811043,,,,-24.5
2026-09-12 01:24:16,ETD2,40.284851,32.486755,130.91,516.1,37000,-25.8
2026-09-12 01:24:16,THY6NH,40.220306,32.526855,304.52,423.6,38000,-26.0
2026-09-12 01:24:16,PGT50FT,40.120377,32.584656,,,,-22.8
2026-09-12 01:24:16,TKJ6683,40.069094,32.811043,,,,-24.5
2026-09-12 01:24:46,ETD2,40.284851,32.486755,130.91,516.1,37000,-25.8
2026-09-12 01:24:46,THY6NH,40.220306,32.526855,304.52,423.6,38000,-26.0
2026-09-12 01:24:46,PGT50FT,40.120377,32.584656,,,,-22.8
2026-09-12 01:24:46,TKJ6683,40.069094,32.811043,,,,-24.5
2026-09-12 01:25:16,ETD2,40.284851,32.486755,130.91,516.1,37000,-25.8
2026-09-12 01:25:16,THY6NH,40.220306,32.526855,304.52,423.6,38000,-26.0
2026-09-12 01:25:16,PGT50FT,40.120377,32.584656,,,,-22.8
2026-09-12 01:25:16,TKJ6683,40.069094,32.811043,,,,-24.5
2026-09-12 01:25:46,ETD2,40.284851,32.486755,130.91,516.1,37000,-25.8
2026-09-12 01:25:46,THY6NH,40.220306,32.526855,304.52,423.6,38000,-26.0
2026-09-12 01:25:46,PGT50FT,40.120377,32.584656,,,,-22.8
2026-09-12 01:25:46,TKJ6683,40.069094,32.811043,,,,-24.5
2026-09-12 01:26:16,ETD2,40.284851,32.486755,130.91,516.1,37000,-25.8
2026-09-12 01:26:16,THY6NH,40.220306,32.526855,304.52,423.6,38000,-26.0
2026-09-12 01:26:16,PGT50FT,40.120377,32.584656,,,,-22.8
2026-09-12 01:26:16,TKJ6683,40.069094,32.811043,,,,-24.5
2026-09-12 01:26:46,ETD2,40.284851,32.486755,130.91,516.1,37000,-25.8
2026-09-12 01:26:46,THY6NH,40.220306,32.526855,304.52,423.6,38000,-26.0
2026-09-12 01:26:46,PGT50FT,40.120377,32.584656,,,,-22.8
2026-09-12 01:26:46,TKJ6683,40.069094,32.811043,,,,-24.5
2026-09-12 01:27:16,ETD2,40.284851,32.486755,130.91,516.1,37000,-25.8
2026-09-12 01:27:16,THY6NH,40.220306,32.526855,304.52,423.6,38000,-26.0
2026-09-12 01:27:16,PGT50FT,40.120377,32.584656,,,,-22.8
2026-09-12 01:27:16,TKJ6683,40.069094,32.811043,,,,-24.5
2026-09-12 01:27:46,ETD2,40.284851,32.486755,130.91,516.1,37000,-25.8
2026-09-12 01:27:46,THY6NH,40.220306,32.526855,304.52,423.6,38000,-26.0
2026-09-12 01:27:46,PGT50FT,40.120377,32.584656,,,,-22.8
2026-09-12 01:27:46,TKJ6683,40.069094,32.811043,,,,-24.5
2026-09-12 01:28:16,ETD2,40.284851,32.486755,130.91,516.1,37000,-25.8
2026-09-12 01:28:16,THY6NH,40.220306,32.526855,304.52,423.6,38000,-26.0
2026-09-12 01:28:16,PGT50FT,40.120377,32.584656,,,,-22.8
2026-09-12 01:28:16,TKJ6683,40.069094,32.811043,,,,-24.5
2026-09-12 01:28:46,ETD2,40.284851,32.486755,130.91,516.1,37000,-25.8
2026-09-12 01:28:46,THY6NH,40.220306,32.526855,304.52,423.6,38000,-26.0
2026-09-12 01:28:46,PGT50FT,40.120377,32.584656,,,,-22.8
2026-09-12 01:28:46,TKJ6683,40.069094,32.811043,,,,-24.5
2026-09-12 01:29:16,ETD2,40.284851,32.486755,130.91,516.1,37000,-25.8
2026-09-12 01:29:16,THY6NH,40.220306,32.526855,304.52,423.6,38000,-26.0
2026-09-12 01:29:16,PGT50FT,40.120377,32.584656,,,,-22.8
2026-09-12 01:29:16,TKJ6683,40.069094,32.811043,,,,-24.5
2026-09-12 01:29:46,ETD2,40.284851,32.486755,130.91,516.1,37000,-25.8
2026-09-12 01:29:46,THY6NH,40.220306,32.526855,304.52,423.6,38000,-26.0
2026-09-12 01:29:46,PGT50FT,40.120377,32.584656,,,,-22.8
2026-09-12 01:29:46,TKJ6683,40.069094,32.811043,,,,-24.5
2026-09-12 01:30:17,ETD2,40.284851,32.486755,130.91,516.1,37000,-25.8
2026-09-12 01:30:17,THY6NH,40.220306,32.526855,304.52,423.6,38000,-26.0
2026-09-12 01:30:17,PGT50FT,40.120377,32.584656,,,,-22.8
2026-09-12 01:30:17,TKJ6683,40.069094,32.811043,,,,-24.5
2026-09-12 01:30:47,ETD2,40.284851,32.486755,130.91,516.1,37000,-25.8
2026-09-12 01:30:47,THY6NH,40.220306,32.526855,304.52,423.6,38000,-26.0
2026-09-12 01:30:47,PGT50FT,40.120377,32.584656,,,,-22.8
2026-09-12 01:30:47,TKJ6683,40.069094,32.811043,,,,-24.5
2026-09-12 01:31:17,ETD2,40.284851,32.486755,130.91,516.1,37000,-25.8
2026-09-12 01:31:17,THY6NH,40.220306,32.526855,304.52,423.6,38000,-26.0
2026-09-12 01:31:17,PGT50FT,40.120377,32.584656,,,,-22.8
2026-09-12 01:31:17,TKJ6683,40.069094,32.811043,,,,-24.5
2026-09-12 01:31:47,ETD2,40.284851,32.486755,130.91,516.1,37000,-25.8
2026-09-12 01:31:47,THY6NH,40.220306,32.526855,304.52,423.6,38000,-26.0
2026-09-12 01:31:47,PGT50FT,40.120377,32.584656,,,,-22.8
2026-09-12 01:31:47,TKJ6683,40.069094,32.811043,,,,-24.5
2026-09-12 01:32:17,ETD2,40.284851,32.486755,130.91,516.1,37000,-25.8
2026-09-12 01:32:17,THY6NH,40.220306,32.526855,304.52,423.6,38000,-26.0
2026-09-12 01:32:17,PGT50FT,40.120377,32.584656,,,,-22.8
2026-09-12 01:32:17,TKJ6683,40.069094,32.811043,,,,-24.5
2026-09-12 01:32:47,ETD2,40.284851,32.486755,130.91,516.1,37000,-25.8
2026-09-12 01:32:47,THY6NH,40.220306,32.526855,304.52,423.6,38000,-26.0
2026-09-12 01:32:47,PGT50FT,40.120377,32.584656,,,,-22.8
2026-09-12 01:32:47,TKJ6683,40.069094,32.811043,,,,-24.5
2026-09-12 01:33:17,ETD2,40.284851,32.486755,130.91,516.1,37000,-25.8
2026-09-12 01:33:17,THY6NH,40.220306,32.526855,304.52,423.6,38000,-26.0
2026-09-12 01:33:17,PGT50FT,40.120377,32.584656,,,,-22.8
2026-09-12 01:33:17,TKJ6683,40.069094,32.811043,,,,-24.5
2026-09-12 01:33:47,ETD2,40.284851,32.486755,130.91,516.1,37000,-25.8
2026-09-12 01:33:47,THY6NH,40.220306,32.526855,304.52,423.6,38000,-26.0
2026-09-12 01:33:47,PGT50FT,40.120377,32.584656,,,,-22.8
2026-09-12 01:33:47,TKJ6683,40.069094,32.811043,,,,-24.5
2026-09-12 01:34:17,ETD2,40.284851,32.486755,130.91,516.1,37000,-25.8
2026-09-12 01:34:17,THY6NH,40.220306,32.526855,304.52,423.6,38000,-26.0
2026-09-12 01:34:17,PGT50FT,40.120377,32.584656,,,,-22.8
2026-09-12 01:34:17,TKJ6683,40.069094,32.811043,,,,-24.5
2026-09-12 01:34:47,ETD2,40.284851,32.486755,130.91,516.1,37000,-25.8
2026-09-12 01:34:47,THY6NH,40.220306,32.526855,304.52,423.6,38000,-26.0
2026-09-12 01:34:47,PGT50FT,40.120377,32.584656,,,,-22.8
2026-09-12 01:34:47,TKJ6683,40.069094,32.811043,,,,-24.5
2026-09-12 01:35:17,ETD2,40.284851,32.486755,130.91,516.1,37000,-25.8
2026-09-12 01:35:17,THY6NH,40.220306,32.526855,304.52,423.6,38000,-26.0
2026-09-12 01:35:17,PGT50FT,40.120377,32.584656,,,,-22.8
2026-09-12 01:35:17,TKJ6683,40.069094,32.811043,,,,-24.5
2026-09-12 01:35:47,ETD2,40.284851,32.486755,130.91,516.1,37000,-25.8
2026-09-12 01:35:47,THY6NH,40.220306,32.526855,304.52,423.6,38000,-26.0
2026-09-12 01:35:47,PGT50FT,40.120377,32.584656,,,,-22.8
2026-09-12 01:35:47,TKJ6683,40.069094,32.811043,,,,-24.5
2026-09-12 01:36:18,ETD2,40.284851,32.486755,130.91,516.1,37000,-25.8
2026-09-12 01:36:18,THY6NH,40.220306,32.526855,304.52,423.6,38000,-26.0
2026-09-12 01:36:18,PGT50FT,40.120377,32.584656,,,,-22.8
2026-09-12 01:36:18,TKJ6683,40.069094,32.811043,,,,-24.5
2026-09-12 01:36:48,ETD2,40.284851,32.486755,130.91,516.1,37000,-25.8
2026-09-12 01:36:48,THY6NH,40.220306,32.526855,304.52,423.6,38000,-26.0
2026-09-12 01:36:48,PGT50FT,40.120377,32.584656,,,,-22.8
2026-09-12 01:36:48,TKJ6683,40.069094,32.811043,,,,-24.5
2026-09-12 01:37:18,ETD2,40.284851,32.486755,130.91,516.1,37000,-25.8
2026-09-12 01:37:18,THY6NH,40.220306,32.526855,304.52,423.6,38000,-26.0
2026-09-12 01:37:18,PGT50FT,40.120377,32.584656,,,,-22.8
2026-09-12 01:37:18,TKJ6683,40.069094,32.811043,,,,-24.5
2026-09-12 01:37:48,ETD2,40.284851,32.486755,130.91,516.1,37000,-25.8
2026-09-12 01:37:48,THY6NH,40.220306,32.526855,304.52,423.6,38000,-26.0
2026-09-12 01:37:48,PGT50FT,40.120377,32.584656,,,,-22.8
2026-09-12 01:37:48,TKJ6683,40.069094,32.811043,,,,-24.5
2026-09-12 01:38:18,ETD2,40.284851,32.486755,130.91,516.1,37000,-25.8
2026-09-12 01:38:18,THY6NH,40.220306,32.526855,304.52,423.6,38000,-26.0
2026-09-12 01:38:18,PGT50FT,40.120377,32.584656,,,,-22.8
2026-09-12 01:38:18,TKJ6683,40.069094,32.811043,,,,-24.5
2026-09-12 01:38:48,ETD2,40.284851,32.486755,130.91,516.1,37000,-25.8
2026-09-12 01:38:48,THY6NH,40.220306,32.526855,304.52,423.6,38000,-26.0
2026-09-12 01:38:48,PGT50FT,40.120377,32.584656,,,,-22.8
2026-09-12 01:38:48,TKJ6683,40.069094,32.811043,,,,-24.5
2026-09-12 01:39:18,ETD2,40.284851,32.486755,130.91,516.1,37000,-25.8
2026-09-12 01:39:18,THY6NH,40.220306,32.526855,304.52,423.6,38000,-26.0
2026-09-12 01:39:18,PGT50FT,40.120377,32.584656,,,,-22.8
2026-09-12 01:39:18,TKJ6683,40.069094,32.811043,,,,-24.5
2026-09-12 01:39:48,ETD2,40.284851,32.486755,130.91,516.1,37000,-25.8
2026-09-12 01:39:48,THY6NH,40.220306,32.526855,304.52,423.6,38000,-26.0
2026-09-12 01:39:48,PGT50FT,40.120377,32.584656,,,,-22.8
2026-09-12 01:39:48,TKJ6683,40.069094,32.811043,,,,-24.5
2026-09-12 01:40:18,ETD2,40.284851,32.486755,130.91,516.1,37000,-25.8
2026-09-12 01:40:18,THY6NH,40.220306,32.526855,304.52,423.6,38000,-26.0
2026-09-12 01:40:18,PGT50FT,40.120377,32.584656,,,,-22.8
2026-09-12 01:40:18,TKJ6683,40.069094,32.811043,,,,-24.5
2026-09-12 01:40:48,ETD2,40.284851,32.486755,130.91,516.1,37000,-25.8
2026-09-12 01:40:48,THY6NH,40.220306,32.526855,304.52,423.6,38000,-26.0
2026-09-12 01:40:48,PGT50FT,40.120377,32.584656,,,,-22.8
2026-09-12 01:40:48,TKJ6683,40.069094,32.811043,,,,-24.5
2026-09-12 01:41:18,ETD2,40.284851,32.486755,130.91,516.1,37000,-25.8
2026-09-12 01:41:18,THY6NH,40.220306,32.526855,304.52,423.6,38000,-26.0
2026-09-12 01:41:18,PGT50FT,40.120377,32.584656,,,,-22.8
2026-09-12 01:41:18,TKJ6683,40.069094,32.811043,,,,-24.5
2026-09-12 01:41:49,ETD2,40.284851,32.486755,130.91,516.1,37000,-25.8
2026-09-12 01:41:49,THY6NH,40.220306,32.526855,304.52,423.6,38000,-26.0
2026-09-12 01:41:49,PGT50FT,40.120377,32.584656,,,,-22.8
2026-09-12 01:41:49,TKJ6683,40.069094,32.811043,,,,-24.5
2026-09-12 01:42:19,ETD2,40.284851,32.486755,130.91,516.1,37000,-25.8
2026-09-12 01:42:19,THY6NH,40.220306,32.526855,304.52,423.6,38000,-26.0
2026-09-12 01:42:19,PGT50FT,40.120377,32.584656,,,,-22.8
2026-09-12 01:42:19,TKJ6683,40.069094,32.811043,,,,-24.5
2026-09-12 01:42:49,ETD2,40.284851,32.486755,130.91,516.1,37000,-25.8
2026-09-12 01:42:49,THY6NH,40.220306,32.526855,304.52,423.6,38000,-26.0
2026-09-12 01:42:49,PGT50FT,40.120377,32.584656,,,,-22.8
2026-09-12 01:42:49,TKJ6683,40.069094,32.811043,,,,-24.5
2026-09-12 01:43:19,ETD2,40.284851,32.486755,130.91,516.1,37000,-25.8
2026-09-12 01:43:19,THY6NH,40.220306,32.526855,304.52,423.6,38000,-26.0
2026-09-12 01:43:19,PGT50FT,40.120377,32.584656,,,,-22.8
2026-09-12 01:43:19,TKJ6683,40.069094,32.811043,,,,-24.5
2026-09-12 01:43:49,ETD2,40.284851,32.486755,130.91,516.1,37000,-25.8
2026-09-12 01:43:49,THY6NH,40.220306,32.526855,304.52,423.6,38000,-26.0
2026-09-12 01:43:49,PGT50FT,40.120377,32.584656,,,,-22.8
2026-09-12 01:43:49,TKJ6683,40.069094,32.811043,,,,-24.5
2026-09-12 01:44:19,ETD2,40.284851,32.486755,130.91,516.1,37000,-25.8
2026-09-12 01:44:19,THY6NH,40.220306,32.526855,304.52,423.6,38000,-26.0
2026-09-12 01:44:19,PGT50FT,40.120377,32.584656,,,,-22.8
2026-09-12 01:44:19,TKJ6683,40.069094,32.811043,,,,-24.5
2026-09-12 01:44:49,ETD2,40.284851,32.486755,130.91,516.1,37000,-25.8
2026-09-12 01:44:49,THY6NH,40.220306,32.526855,304.52,423.6,38000,-26.0
2026-09-12 01:44:49,PGT50FT,40.120377,32.584656,,,,-22.8
2026-09-12 01:44:49,TKJ6683,40.069094,32.811043,,,,-24.5
2026-09-12 01:45:19,ETD2,40.284851,32.486755,130.91,516.1,37000,-25.8
2026-09-12 01:45:19,THY6NH,40.220306,32.526855,304.52,423.6,38000,-26.0
2026-09-12 01:45:19,PGT50FT,40.120377,32.584656,,,,-22.8
2026-09-12 01:45:19,TKJ6683,40.069094,32.811043,,,,-24.5
2026-09-12 01:45:49,ETD2,40.284851,32.486755,130.91,516.1,37000,-25.8
2026-09-12 01:45:49,THY6NH,40.220306,32.526855,304.52,423.6,38000,-26.0
2026-09-12 01:45:49,PGT50FT,40.120377,32.584656,,,,-22.8
2026-09-12 01:45:49,TKJ6683,40.069094,32.811043,,,,-24.5
2026-09-12 01:46:19,ETD2,40.284851,32.486755,130.91,516.1,37000,-25.8
2026-09-12 01:46:19,THY6NH,40.220306,32.526855,304.52,423.6,38000,-26.0
2026-09-12 01:46:19,PGT50FT,40.120377,32.584656,,,,-22.8
2026-09-12 01:46:19,TKJ6683,40.069094,32.811043,,,,-24.5
2026-09-12 01:46:49,ETD2,40.284851,32.486755,130.91,516.1,37000,-25.8
2026-09-12 01:46:49,THY6NH,40.220306,32.526855,304.52,423.6,38000,-26.0
2026-09-12 01:46:49,PGT50FT,40.120377,32.584656,,,,-22.8
2026-09-12 01:46:49,TKJ6683,40.069094,32.811043,,,,-24.5
2026-09-12 01:47:19,ETD2,40.284851,32.486755,130.91,516.1,37000,-25.8
2026-09-12 01:47:19,THY6NH,40.220306,32.526855,304.52,423.6,38000,-26.0
2026-09-12 01:47:19,PGT50FT,40.120377,32.584656,,,,-22.8
2026-09-12 01:47:19,TKJ6683,40.069094,32.811043,,,,-24.5
2026-09-12 01:47:49,ETD2,40.284851,32.486755,130.91,516.1,37000,-25.8
2026-09-12 01:47:49,THY6NH,40.220306,32.526855,304.52,423.6,38000,-26.0
2026-09-12 01:47:49,PGT50FT,40.120377,32.584656,,,,-22.8
2026-09-12 01:47:49,TKJ6683,40.069094,32.811043,,,,-24.5
2026-09-12 01:48:20,ETD2,40.284851,32.486755,130.91,516.1,37000,-25.8
2026-09-12 01:48:20,THY6NH,40.220306,32.526855,304.52,423.6,38000,-26.0
2026-09-12 01:48:20,PGT50FT,40.120377,32.584656,,,,-22.8
2026-09-12 01:48:20,TKJ6683,40.069094,32.811043,,,,-24.5
2026-09-12 01:48:50,ETD2,40.284851,32.486755,130.91,516.1,37000,-25.8
2026-09-12 01:48:50,THY6NH,40.220306,32.526855,304.52,423.6,38000,-26.0
2026-09-12 01:48:50,PGT50FT,40.120377,32.584656,,,,-22.8
2026-09-12 01:48:50,TKJ6683,40.069094,32.811043,,,,-24.5
2026-09-12 01:49:20,ETD2,40.284851,32.486755,130.91,516.1,37000,-25.8
2026-09-12 01:49:20,THY6NH,40.220306,32.526855,304.52,423.6,38000,-26.0
2026-09-12 01:49:20,PGT50FT,40.120377,32.584656,,,,-22.8
2026-09-12 01:49:20,TKJ6683,40.069094,32.811043,,,,-24.5
2026-09-12 01:49:50,ETD2,40.284851,32.486755,130.91,516.1,37000,-25.8
2026-09-12 01:49:50,THY6NH,40.220306,32.526855,304.52,423.6,38000,-26.0
2026-09-12 01:49:50,PGT50FT,40.120377,32.584656,,,,-22.8
2026-09-12 01:49:50,TKJ6683,40.069094,32.811043,,,,-24.5
2026-09-12 01:50:20,ETD2,40.284851,32.486755,130.91,516.1,37000,-25.8
2026-09-12 01:50:20,THY6NH,40.220306,32.526855,304.52,423.6,38000,-26.0
2026-09-12 01:50:20,PGT50FT,40.120377,32.584656,,,,-22.8
2026-09-12 01:50:20,TKJ6683,40.069094,32.811043,,,,-24.5
2026-09-12 01:50:50,ETD2,40.284851,32.486755,130.91,516.1,37000,-25.8
2026-09-12 01:50:50,THY6NH,40.220306,32.526855,304.52,423.6,38000,-26.0
2026-09-12 01:50:50,PGT50FT,40.120377,32.584656,,,,-22.8
2026-09-12 01:50:50,TKJ6683,40.069094,32.811043,,,,-24.5
2026-09-12 01:51:20,ETD2,40.284851,32.486755,130.91,516.1,37000,-25.8
2026-09-12 01:51:20,THY6NH,40.220306,32.526855,304.52,423.6,38000,-26.0
2026-09-12 01:51:20,PGT50FT,40.120377,32.584656,,,,-22.8
2026-09-12 01:51:20,TKJ6683,40.069094,32.811043,,,,-24.5
2026-09-12 01:51:50,ETD2,40.284851,32.486755,130.91,516.1,37000,-25.8
2026-09-12 01:51:50,THY6NH,40.220306,32.526855,304.52,423.6,38000,-26.0
2026-09-12 01:51:50,PGT50FT,40.120377,32.584656,,,,-22.8
2026-09-12 01:51:50,TKJ6683,40.069094,32.811043,,,,-24.5
2026-09-12 01:52:20,ETD2,40.284851,32.486755,130.91,516.1,37000,-25.8
2026-09-12 01:52:20,THY6NH,40.220306,32.526855,304.52,423.6,38000,-26.0
2026-09-12 01:52:20,PGT50FT,40.120377,32.584656,,,,-22.8
2026-09-12 01:52:20,TKJ6683,40.069094,32.811043,,,,-24.5
2026-09-12 01:52:50,ETD2,40.284851,32.486755,130.91,516.1,37000,-25.8
2026-09-12 01:52:50,THY6NH,40.220306,32.526855,304.52,423.6,38000,-26.0
2026-09-12 01:52:50,PGT50FT,40.120377,32.584656,,,,-22.8
2026-09-12 01:52:50,TKJ6683,40.069094,32.811043,,,,-24.5
2026-09-12 01:53:20,ETD2,40.284851,32.486755,130.91,516.1,37000,-25.8
2026-09-12 01:53:20,THY6NH,40.220306,32.526855,304.52,423.6,38000,-26.0
2026-09-12 01:53:20,PGT50FT,40.120377,32.584656,,,,-22.8
2026-09-12 01:53:20,TKJ6683,40.069094,32.811043,,,,-24.5
2026-09-12 01:53:50,ETD2,40.284851,32.486755,130.91,516.1,37000,-25.8
2026-09-12 01:53:50,THY6NH,40.220306,32.526855,304.52,423.6,38000,-26.0
2026-09-12 01:53:50,PGT50FT,40.120377,32.584656,,,,-22.8
2026-09-12 01:53:50,TKJ6683,40.069094,32.811043,,,,-24.5
2026-09-12 01:54:21,ETD2,40.284851,32.486755,130.91,516.1,37000,-25.8
2026-09-12 01:54:21,THY6NH,40.220306,32.526855,304.52,423.6,38000,-26.0
2026-09-12 01:54:21,PGT50FT,40.120377,32.584656,,,,-22.8
2026-09-12 01:54:21,TKJ6683,40.069094,32.811043,,,,-24.5
2026-09-12 01:54:51,ETD2,40.284851,32.486755,130.91,516.1,37000,-25.8
2026-09-12 01:54:51,THY6NH,40.220306,32.526855,304.52,423.6,38000,-26.0
2026-09-12 01:54:51,PGT50FT,40.120377,32.584656,,,,-22.8
2026-09-12 01:54:51,TKJ6683,40.069094,32.811043,,,,-24.5
2026-09-12 01:55:21,ETD2,40.284851,32.486755,130.91,516.1,37000,-25.8
2026-09-12 01:55:21,THY6NH,40.220306,32.526855,304.52,423.6,38000,-26.0
2026-09-12 01:55:21,PGT50FT,40.120377,32.584656,,,,-22.8
2026-09-12 01:55:21,TKJ6683,40.069094,32.811043,,,,-24.5
2026-09-12 01:55:51,ETD2,40.284851,32.486755,130.91,516.1,37000,-25.8
2026-09-12 01:55:51,THY6NH,40.220306,32.526855,304.52,423.6,38000,-26.0
2026-09-12 01:55:51,PGT50FT,40.120377,32.584656,,,,-22.8
2026-09-12 01:55:51,TKJ6683,40.069094,32.811043,,,,-24.5
2026-09-12 01:56:21,ETD2,40.284851,32.486755,130.91,516.1,37000,-25.8
2026-09-12 01:56:21,THY6NH,40.220306,32.526855,304.52,423.6,38000,-26.0
2026-09-12 01:56:21,PGT50FT,40.120377,32.584656,,,,-22.8
2026-09-12 01:56:21,TKJ6683,40.069094,32.811043,,,,-24.5
2026-09-12 01:56:51,ETD2,40.284851,32.486755,130.91,516.1,37000,-25.8
2026-09-12 01:56:51,THY6NH,40.220306,32.526855,304.52,423.6,38000,-26.0
2026-09-12 01:56:51,PGT50FT,40.120377,32.584656,,,,-22.8
2026-09-12 01:56:51,TKJ6683,40.069094,32.811043,,,,-24.5
2026-09-12 01:57:21,ETD2,40.284851,32.486755,130.91,516.1,37000,-25.8
2026-09-12 01:57:21,THY6NH,40.220306,32.526855,304.52,423.6,38000,-26.0
2026-09-12 01:57:21,PGT50FT,40.120377,32.584656,,,,-22.8
2026-09-12 01:57:21,TKJ6683,40.069094,32.811043,,,,-24.5
2026-09-12 01:57:51,ETD2,40.284851,32.486755,130.91,516.1,37000,-25.8
2026-09-12 01:57:51,THY6NH,40.220306,32.526855,304.52,423.6,38000,-26.0
2026-09-12 01:57:51,PGT50FT,40.120377,32.584656,,,,-22.8
2026-09-12 01:57:51,TKJ6683,40.069094,32.811043,,,,-24.5
2026-09-12 01:58:21,ETD2,40.284851,32.486755,130.91,516.1,37000,-25.8
2026-09-12 01:58:21,THY6NH,40.220306,32.526855,304.52,423.6,38000,-26.0
2026-09-12 01:58:21,PGT50FT,40.120377,32.584656,,,,-22.8
2026-09-12 01:58:21,TKJ6683,40.069094,32.811043,,,,-24.5
2026-09-12 01:58:51,ETD2,40.284851,32.486755,130.91,516.1,37000,-25.8
2026-09-12 01:58:51,THY6NH,40.220306,32.526855,304.52,423.6,38000,-26.0
2026-09-12 01:58:51,PGT50FT,40.120377,32.584656,,,,-22.8
2026-09-12 01:58:51,TKJ6683,40.069094,32.811043,,,,-24.5
2026-09-12 01:59:21,ETD2,40.284851,32.486755,130.91,516.1,37000,-25.8
2026-09-12 01:59:21,THY6NH,40.220306,32.526855,304.52,423.6,38000,-26.0
2026-09-12 01:59:21,PGT50FT,40.120377,32.584656,,,,-22.8
2026-09-12 01:59:21,TKJ6683,40.069094,32.811043,,,,-24.5
2026-09-12 01:59:51,ETD2,40.284851,32.486755,130.91,516.1,37000,-25.8
2026-09-12 01:59:51,THY6NH,40.220306,32.526855,304.52,423.6,38000,-26.0
2026-09-12 01:59:51,PGT50FT,40.120377,32.584656,,,,-22.8
2026-09-12 01:59:51,TKJ6683,40.069094,32.811043,,,,-24.5
2026-09-12 02:00:22,ETD2,40.284851,32.486755,130.91,516.1,37000,-25.8
2026-09-12 02:00:22,THY6NH,40.220306,32.526855,304.52,423.6,38000,-26.0
2026-09-12 02:00:22,PGT50FT,40.120377,32.584656,,,,-22.8
2026-09-12 02:00:22,TKJ6683,40.069094,32.811043,,,,-24.5
2026-09-12 02:00:52,ETD2,40.284851,32.486755,130.91,516.1,37000,-25.8
2026-09-12 02:00:52,THY6NH,40.220306,32.526855,304.52,423.6,38000,-26.0
2026-09-12 02:00:52,PGT50FT,40.120377,32.584656,,,,-22.8
2026-09-12 02:00:52,TKJ6683,40.069094,32.811043,,,,-24.5
2026-09-12 02:01:22,ETD2,40.284851,32.486755,130.91,516.1,37000,-25.8
2026-09-12 02:01:22,THY6NH,40.220306,32.526855,304.52,423.6,38000,-26.0
2026-09-12 02:01:22,PGT50FT,40.120377,32.584656,,,,-22.8
2026-09-12 02:01:22,TKJ6683,40.069094,32.811043,,,,-24.5
2026-09-12 02:01:52,ETD2,40.284851,32.486755,130.91,516.1,37000,-25.8
2026-09-12 02:01:52,THY6NH,40.220306,32.526855,304.52,423.6,38000,-26.0
2026-09-12 02:01:52,PGT50FT,40.120377,32.584656,,,,-22.8
2026-09-12 02:01:52,TKJ6683,40.069094,32.811043,,,,-24.5
2026-09-12 02:02:22,ETD2,40.284851,32.486755,130.91,516.1,37000,-25.8
2026-09-12 02:02:22,THY6NH,40.220306,32.526855,304.52,423.6,38000,-26.0
2026-09-12 02:02:22,PGT50FT,40.120377,32.584656,,,,-22.8
2026-09-12 02:02:22,TKJ6683,40.069094,32.811043,,,,-24.5
2026-09-12 02:02:52,ETD2,40.284851,32.486755,130.91,516.1,37000,-25.8
2026-09-12 02:02:52,THY6NH,40.220306,32.526855,304.52,423.6,38000,-26.0
2026-09-12 02:02:52,PGT50FT,40.120377,32.584656,,,,-22.8
2026-09-12 02:02:52,TKJ6683,40.069094,32.811043,,,,-24.5
2026-09-12 02:03:22,ETD2,40.284851,32.486755,130.91,516.1,37000,-25.8
2026-09-12 02:03:22,THY6NH,40.220306,32.526855,304.52,423.6,38000,-26.0
2026-09-12 02:03:22,PGT50FT,40.120377,32.584656,,,,-22.8
2026-09-12 02:03:22,TKJ6683,40.069094,32.811043,,,,-24.5
2026-09-12 02:03:52,ETD2,40.284851,32.486755,130.91,516.1,37000,-25.8
2026-09-12 02:03:52,THY6NH,40.220306,32.526855,304.52,423.6,38000,-26.0
2026-09-12 02:03:52,PGT50FT,40.120377,32.584656,,,,-22.8
2026-09-12 02:03:52,TKJ6683,40.069094,32.811043,,,,-24.5
2026-09-12 02:04:22,ETD2,40.284851,32.486755,130.91,516.1,37000,-25.8
2026-09-12 02:04:22,THY6NH,40.220306,32.526855,304.52,423.6,38000,-26.0
2026-09-12 02:04:22,PGT50FT,40.120377,32.584656,,,,-22.8
2026-09-12 02:04:22,TKJ6683,40.069094,32.811043,,,,-24.5
2026-09-12 02:04:52,ETD2,40.284851,32.486755,130.91,516.1,37000,-25.8
2026-09-12 02:04:52,THY6NH,40.220306,32.526855,304.52,423.6,38000,-26.0
2026-09-12 02:04:52,PGT50FT,40.120377,32.584656,,,,-22.8
2026-09-12 02:04:52,TKJ6683,40.069094,32.811043,,,,-24.5
2026-09-12 02:05:22,ETD2,40.284851,32.486755,130.91,516.1,37000,-25.8
2026-09-12 02:05:22,THY6NH,40.220306,32.526855,304.52,423.6,38000,-26.0
2026-09-12 02:05:22,PGT50FT,40.120377,32.584656,,,,-22.8
2026-09-12 02:05:22,TKJ6683,40.069094,32.811043,,,,-24.5
2026-09-12 02:05:52,ETD2,40.284851,32.486755,130.91,516.1,37000,-25.8
2026-09-12 02:05:52,THY6NH,40.220306,32.526855,304.52,423.6,38000,-26.0
2026-09-12 02:05:52,PGT50FT,40.120377,32.584656,,,,-22.8
2026-09-12 02:05:52,TKJ6683,40.069094,32.811043,,,,-24.5
2026-09-12 02:06:23,ETD2,40.284851,32.486755,130.91,516.1,37000,-25.8
2026-09-12 02:06:23,THY6NH,40.220306,32.526855,304.52,423.6,38000,-26.0
2026-09-12 02:06:23,PGT50FT,40.120377,32.584656,,,,-22.8
2026-09-12 02:06:23,TKJ6683,40.069094,32.811043,,,,-24.5
2026-09-12 02:06:53,ETD2,40.284851,32.486755,130.91,516.1,37000,-25.8
2026-09-12 02:06:53,THY6NH,40.220306,32.526855,304.52,423.6,38000,-26.0
2026-09-12 02:06:53,PGT50FT,40.120377,32.584656,,,,-22.8
2026-09-12 02:06:53,TKJ6683,40.069094,32.811043,,,,-24.5
2026-09-12 02:07:23,ETD2,40.284851,32.486755,130.91,516.1,37000,-25.8
2026-09-12 02:07:23,THY6NH,40.220306,32.526855,304.52,423.6,38000,-26.0
2026-09-12 02:07:23,PGT50FT,40.120377,32.584656,,,,-22.8
2026-09-12 02:07:23,TKJ6683,40.069094,32.811043,,,,-24.5
2026-09-12 02:07:53,ETD2,40.284851,32.486755,130.91,516.1,37000,-25.8
2026-09-12 02:07:53,THY6NH,40.220306,32.526855,304.52,423.6,38000,-26.0
2026-09-12 02:07:53,PGT50FT,40.120377,32.584656,,,,-22.8
2026-09-12 02:07:53,TKJ6683,40.069094,32.811043,,,,-24.5
2026-09-12 02:08:23,ETD2,40.284851,32.486755,130.91,516.1,37000,-25.8
2026-09-12 02:08:23,THY6NH,40.220306,32.526855,304.52,423.6,38000,-26.0
2026-09-12 02:08:23,PGT50FT,40.120377,32.584656,,,,-22.8
2026-09-12 02:08:23,TKJ6683,40.069094,32.811043,,,,-24.5
2026-09-12 02:08:53,ETD2,40.284851,32.486755,130.91,516.1,37000,-25.8
2026-09-12 02:08:53,THY6NH,40.220306,32.526855,304.52,423.6,38000,-26.0
2026-09-12 02:08:53,PGT50FT,40.120377,32.584656,,,,-22.8
2026-09-12 02:08:53,TKJ6683,40.069094,32.811043,,,,-24.5
2026-09-12 02:09:23,ETD2,40.284851,32.486755,130.91,516.1,37000,-25.8
2026-09-12 02:09:23,THY6NH,40.220306,32.526855,304.52,423.6,38000,-26.0
2026-09-12 02:09:23,PGT50FT,40.120377,32.584656,,,,-22.8
2026-09-12 02:09:23,TKJ6683,40.069094,32.811043,,,,-24.5
2026-09-12 02:09:53,ETD2,40.284851,32.486755,130.91,516.1,37000,-25.8
2026-09-12 02:09:53,THY6NH,40.220306,32.526855,304.52,423.6,38000,-26.0
2026-09-12 02:09:53,PGT50FT,40.120377,32.584656,,,,-22.8
2026-09-12 02:09:53,TKJ6683,40.069094,32.811043,,,,-24.5
2026-09-12 02:10:23,ETD2,40.284851,32.486755,130.91,516.1,37000,-25.8
2026-09-12 02:10:23,THY6NH,40.220306,32.526855,304.52,423.6,38000,-26.0
2026-09-12 02:10:23,PGT50FT,40.120377,32.584656,,,,-22.8
2026-09-12 02:10:23,TKJ6683,40.069094,32.811043,,,,-24.5
2026-09-12 02:10:53,ETD2,40.284851,32.486755,130.91,516.1,37000,-25.8
2026-09-12 02:10:53,THY6NH,40.220306,32.526855,304.52,423.6,38000,-26.0
2026-09-12 02:10:53,PGT50FT,40.120377,32.584656,,,,-22.8
2026-09-12 02:10:53,TKJ6683,40.069094,32.811043,,,,-24.5
2026-09-12 02:11:23,ETD2,40.284851,32.486755,130.91,516.1,37000,-25.8
2026-09-12 02:11:23,THY6NH,40.220306,32.526855,304.52,423.6,38000,-26.0
2026-09-12 02:11:23,PGT50FT,40.120377,32.584656,,,,-22.8
2026-09-12 02:11:23,TKJ6683,40.069094,32.811043,,,,-24.5
2026-09-12 02:11:54,ETD2,40.284851,32.486755,130.91,516.1,37000,-25.8
2026-09-12 02:11:54,THY6NH,40.220306,32.526855,304.52,423.6,38000,-26.0
2026-09-12 02:11:54,PGT50FT,40.120377,32.584656,,,,-22.8
2026-09-12 02:11:54,TKJ6683,40.069094,32.811043,,,,-24.5
2026-09-12 02:12:24,ETD2,40.284851,32.486755,130.91,516.1,37000,-25.8
2026-09-12 02:12:24,THY6NH,40.220306,32.526855,304.52,423.6,38000,-26.0
2026-09-12 02:12:24,PGT50FT,40.120377,32.584656,,,,-22.8
2026-09-12 02:12:24,TKJ6683,40.069094,32.811043,,,,-24.5
2026-09-12 02:12:54,ETD2,40.284851,32.486755,130.91,516.1,37000,-25.8
2026-09-12 02:12:54,THY6NH,40.220306,32.526855,304.52,423.6,38000,-26.0
2026-09-12 02:12:54,PGT50FT,40.120377,32.584656,,,,-22.8
2026-09-12 02:12:54,TKJ6683,40.069094,32.811043,,,,-24.5
2026-09-12 02:13:24,ETD2,40.284851,32.486755,130.91,516.1,37000,-25.8
2026-09-12 02:13:24,THY6NH,40.220306,32.526855,304.52,423.6,38000,-26.0
2026-09-12 02:13:24,PGT50FT,40.120377,32.584656,,,,-22.8
2026-09-12 02:13:24,TKJ6683,40.069094,32.811043,,,,-24.5
2026-09-12 02:13:54,ETD2,40.284851,32.486755,130.91,516.1,37000,-25.8
2026-09-12 02:13:54,THY6NH,40.220306,32.526855,304.52,423.6,38000,-26.0
2026-09-12 02:13:54,PGT50FT,40.120377,32.584656,,,,-22.8
2026-09-12 02:13:54,TKJ6683,40.069094,32.811043,,,,-24.5
2026-09-12 02:14:24,ETD2,40.284851,32.486755,130.91,516.1,37000,-25.8
2026-09-12 02:14:24,THY6NH,40.220306,32.526855,304.52,423.6,38000,-26.0
2026-09-12 02:14:24,PGT50FT,40.120377,32.584656,,,,-22.8
2026-09-12 02:14:24,TKJ6683,40.069094,32.811043,,,,-24.5
2026-09-12 02:14:54,ETD2,40.284851,32.486755,130.91,516.1,37000,-25.8
2026-09-12 02:14:54,THY6NH,40.220306,32.526855,304.52,423.6,38000,-26.0
2026-09-12 02:14:54,PGT50FT,40.120377,32.584656,,,,-22.8
2026-09-12 02:14:54,TKJ6683,40.069094,32.811043,,,,-24.5
2026-09-12 02:15:24,ETD2,40.284851,32.486755,130.91,516.1,37000,-25.8
2026-09-12 02:15:24,THY6NH,40.220306,32.526855,304.52,423.6,38000,-26.0
2026-09-12 02:15:24,PGT50FT,40.120377,32.584656,,,,-22.8
2026-09-12 02:15:24,TKJ6683,40.069094,32.811043,,,,-24.5
2026-09-12 02:15:54,ETD2,40.284851,32.486755,130.91,516.1,37000,-25.8
2026-09-12 02:15:54,THY6NH,40.220306,32.526855,304.52,423.6,38000,-26.0
2026-09-12 02:15:54,PGT50FT,40.120377,32.584656,,,,-22.8
2026-09-12 02:15:54,TKJ6683,40.069094,32.811043,,,,-24.5
2026-09-12 02:16:24,ETD2,40.284851,32.486755,130.91,516.1,37000,-25.8
2026-09-12 02:16:24,THY6NH,40.220306,32.526855,304.52,423.6,38000,-26.0
2026-09-12 02:16:24,PGT50FT,40.120377,32.584656,,,,-22.8
2026-09-12 02:16:24,TKJ6683,40.069094,32.811043,,,,-24.5
2026-09-12 02:16:54,ETD2,40.284851,32.486755,130.91,516.1,37000,-25.8
2026-09-12 02:16:54,THY6NH,40.220306,32.526855,304.52,423.6,38000,-26.0
2026-09-12 02:16:54,PGT50FT,40.120377,32.584656,,,,-22.8
2026-09-12 02:16:54,TKJ6683,40.069094,32.811043,,,,-24.5
2026-09-12 02:17:24,ETD2,40.284851,32.486755,130.91,516.1,37000,-25.8
2026-09-12 02:17:24,THY6NH,40.220306,32.526855,304.52,423.6,38000,-26.0
2026-09-12 02:17:24,PGT50FT,40.120377,32.584656,,,,-22.8
2026-09-12 02:17:24,TKJ6683,40.069094,32.811043,,,,-24.5
2026-09-12 02:17:55,ETD2,40.284851,32.486755,130.91,516.1,37000,-25.8
2026-09-12 02:17:55,THY6NH,40.220306,32.526855,304.52,423.6,38000,-26.0
2026-09-12 02:17:55,PGT50FT,40.120377,32.584656,,,,-22.8
2026-09-12 02:17:55,TKJ6683,40.069094,32.811043,,,,-24.5
2026-09-12 02:18:25,ETD2,40.284851,32.486755,130.91,516.1,37000,-25.8
2026-09-12 02:18:25,THY6NH,40.220306,32.526855,304.52,423.6,38000,-26.0
2026-09-12 02:18:25,PGT50FT,40.120377,32.584656,,,,-22.8
2026-09-12 02:18:25,TKJ6683,40.069094,32.811043,,,,-24.5
2026-09-12 02:18:55,ETD2,40.284851,32.486755,130.91,516.1,37000,-25.8
2026-09-12 02:18:55,THY6NH,40.220306,32.526855,304.52,423.6,38000,-26.0
2026-09-12 02:18:55,PGT50FT,40.120377,32.584656,,,,-22.8
2026-09-12 02:18:55,TKJ6683,40.069094,32.811043,,,,-24.5
2026-09-12 02:19:25,ETD2,40.284851,32.486755,130.91,516.1,37000,-25.8
2026-09-12 02:19:25,THY6NH,40.220306,32.526855,304.52,423.6,38000,-26.0
2026-09-12 02:19:25,PGT50FT,40.120377,32.584656,,,,-22.8
2026-09-12 02:19:25,TKJ6683,40.069094,32.811043,,,,-24.5
2026-09-12 02:19:55,ETD2,40.284851,32.486755,130.91,516.1,37000,-25.8
2026-09-12 02:19:55,THY6NH,40.220306,32.526855,304.52,423.6,38000,-26.0
2026-09-12 02:19:55,PGT50FT,40.120377,32.584656,,,,-22.8
2026-09-12 02:19:55,TKJ6683,40.069094,32.811043,,,,-24.5
2026-09-12 02:20:25,ETD2,40.284851,32.486755,130.91,516.1,37000,-25.8
2026-09-12 02:20:25,THY6NH,40.220306,32.526855,304.52,423.6,38000,-26.0
2026-09-12 02:20:25,PGT50FT,40.120377,32.584656,,,,-22.8
2026-09-12 02:20:25,TKJ6683,40.069094,32.811043,,,,-24.5
2026-09-12 02:20:55,ETD2,40.284851,32.486755,130.91,516.1,37000,-25.8
2026-09-12 02:20:55,THY6NH,40.220306,32.526855,304.52,423.6,38000,-26.0
2026-09-12 02:20:55,PGT50FT,40.120377,32.584656,,,,-22.8
2026-09-12 02:20:55,TKJ6683,40.069094,32.811043,,,,-24.5
2026-09-12 02:21:25,ETD2,40.284851,32.486755,130.91,516.1,37000,-25.8
2026-09-12 02:21:25,THY6NH,40.220306,32.526855,304.52,423.6,38000,-26.0
2026-09-12 02:21:25,PGT50FT,40.120377,32.584656,,,,-22.8
2026-09-12 02:21:25,TKJ6683,40.069094,32.811043,,,,-24.5
2026-09-12 02:21:55,ETD2,40.284851,32.486755,130.91,516.1,37000,-25.8
2026-09-12 02:21:55,THY6NH,40.220306,32.526855,304.52,423.6,38000,-26.0
2026-09-12 02:21:55,PGT50FT,40.120377,32.584656,,,,-22.8
2026-09-12 02:21:55,TKJ6683,40.069094,32.811043,,,,-24.5
2026-09-12 02:22:25,ETD2,40.284851,32.486755,130.91,516.1,37000,-25.8
2026-09-12 02:22:25,THY6NH,40.220306,32.526855,304.52,423.6,38000,-26.0
2026-09-12 02:22:25,PGT50FT,40.120377,32.584656,,,,-22.8
2026-09-12 02:22:25,TKJ6683,40.069094,32.811043,,,,-24.5
2026-09-12 02:22:55,ETD2,40.284851,32.486755,130.91,516.1,37000,-25.8
2026-09-12 02:22:55,THY6NH,40.220306,32.526855,304.52,423.6,38000,-26.0
2026-09-12 02:22:55,PGT50FT,40.120377,32.584656,,,,-22.8
2026-09-12 02:22:55,TKJ6683,40.069094,32.811043,,,,-24.5
2026-09-12 02:23:25,ETD2,40.284851,32.486755,130.91,516.1,37000,-25.8
2026-09-12 02:23:25,THY6NH,40.220306,32.526855,304.52,423.6,38000,-26.0
2026-09-12 02:23:25,PGT50FT,40.120377,32.584656,,,,-22.8
2026-09-12 02:23:25,TKJ6683,40.069094,32.811043,,,,-24.5
2026-09-12 02:23:55,ETD2,40.284851,32.486755,130.91,516.1,37000,-25.8
2026-09-12 02:23:55,THY6NH,40.220306,32.526855,304.52,423.6,38000,-26.0
2026-09-12 02:23:55,PGT50FT,40.120377,32.584656,,,,-22.8
2026-09-12 02:23:55,TKJ6683,40.069094,32.811043,,,,-24.5
2026-09-12 02:24:26,ETD2,40.284851,32.486755,130.91,516.1,37000,-25.8
2026-09-12 02:24:26,THY6NH,40.220306,32.526855,304.52,423.6,38000,-26.0
2026-09-12 02:24:26,PGT50FT,40.120377,32.584656,,,,-22.8
2026-09-12 02:24:26,TKJ6683,40.069094,32.811043,,,,-24.5
2026-09-12 02:24:56,ETD2,40.284851,32.486755,130.91,516.1,37000,-25.8
2026-09-12 02:24:56,THY6NH,40.220306,32.526855,304.52,423.6,38000,-26.0
2026-09-12 02:24:56,PGT50FT,40.120377,32.584656,,,,-22.8
2026-09-12 02:24:56,TKJ6683,40.069094,32.811043,,,,-24.5
2026-09-12 02:25:26,ETD2,40.284851,32.486755,130.91,516.1,37000,-25.8
2026-09-12 02:25:26,THY6NH,40.220306,32.526855,304.52,423.6,38000,-26.0
2026-09-12 02:25:26,PGT50FT,40.120377,32.584656,,,,-22.8
2026-09-12 02:25:26,TKJ6683,40.069094,32.811043,,,,-24.5
2026-09-12 02:25:56,ETD2,40.284851,32.486755,130.91,516.1,37000,-25.8
2026-09-12 02:25:56,THY6NH,40.220306,32.526855,304.52,423.6,38000,-26.0
2026-09-12 02:25:56,PGT50FT,40.120377,32.584656,,,,-22.8
2026-09-12 02:25:56,TKJ6683,40.069094,32.811043,,,,-24.5
2026-09-12 02:26:26,ETD2,40.284851,32.486755,130.91,516.1,37000,-25.8
2026-09-12 02:26:26,THY6NH,40.220306,32.526855,304.52,423.6,38000,-26.0
2026-09-12 02:26:26,PGT50FT,40.120377,32.584656,,,,-22.8
2026-09-12 02:26:26,TKJ6683,40.069094,32.811043,,,,-24.5
2026-09-12 02:26:56,ETD2,40.284851,32.486755,130.91,516.1,37000,-25.8
2026-09-12 02:26:56,THY6NH,40.220306,32.526855,304.52,423.6,38000,-26.0
2026-09-12 02:26:56,PGT50FT,40.120377,32.584656,,,,-22.8
2026-09-12 02:26:56,TKJ6683,40.069094,32.811043,,,,-24.5
2026-09-12 02:27:26,ETD2,40.284851,32.486755,130.91,516.1,37000,-25.8
2026-09-12 02:27:26,THY6NH,40.220306,32.526855,304.52,423.6,38000,-26.0
2026-09-12 02:27:26,PGT50FT,40.120377,32.584656,,,,-22.8
2026-09-12 02:27:26,TKJ6683,40.069094,32.811043,,,,-24.5
2026-09-12 02:27:56,ETD2,40.284851,32.486755,130.91,516.1,37000,-25.8
2026-09-12 02:27:56,THY6NH,40.220306,32.526855,304.52,423.6,38000,-26.0
2026-09-12 02:27:56,PGT50FT,40.120377,32.584656,,,,-22.8
2026-09-12 02:27:56,TKJ6683,40.069094,32.811043,,,,-24.5
2026-09-12 02:28:26,ETD2,40.284851,32.486755,130.91,516.1,37000,-25.8
2026-09-12 02:28:26,THY6NH,40.220306,32.526855,304.52,423.6,38000,-26.0
2026-09-12 02:28:26,PGT50FT,40.120377,32.584656,,,,-22.8
2026-09-12 02:28:26,TKJ6683,40.069094,32.811043,,,,-24.5
2026-09-12 02:28:56,ETD2,40.284851,32.486755,130.91,516.1,37000,-25.8
2026-09-12 02:28:56,THY6NH,40.220306,32.526855,304.52,423.6,38000,-26.0
2026-09-12 02:28:56,PGT50FT,40.120377,32.584656,,,,-22.8
2026-09-12 02:28:56,TKJ6683,40.069094,32.811043,,,,-24.5
2026-09-12 02:29:26,ETD2,40.284851,32.486755,130.91,516.1,37000,-25.8
2026-09-12 02:29:26,THY6NH,40.220306,32.526855,304.52,423.6,38000,-26.0
2026-09-12 02:29:26,PGT50FT,40.120377,32.584656,,,,-22.8
2026-09-12 02:29:26,TKJ6683,40.069094,32.811043,,,,-24.5
2026-09-12 02:29:56,ETD2,40.284851,32.486755,130.91,516.1,37000,-25.8
2026-09-12 02:29:56,THY6NH,40.220306,32.526855,304.52,423.6,38000,-26.0
2026-09-12 02:29:56,PGT50FT,40.120377,32.584656,,,,-22.8
2026-09-12 02:29:56,TKJ6683,40.069094,32.811043,,,,-24.5
2026-09-12 02:30:27,ETD2,40.284851,32.486755,130.91,516.1,37000,-25.8
2026-09-12 02:30:27,THY6NH,40.220306,32.526855,304.52,423.6,38000,-26.0
2026-09-12 02:30:27,PGT50FT,40.120377,32.584656,,,,-22.8
2026-09-12 02:30:27,TKJ6683,40.069094,32.811043,,,,-24.5
2026-09-12 02:30:57,ETD2,40.284851,32.486755,130.91,516.1,37000,-25.8
2026-09-12 02:30:57,THY6NH,40.220306,32.526855,304.52,423.6,38000,-26.0
2026-09-12 02:30:57,PGT50FT,40.120377,32.584656,,,,-22.8
2026-09-12 02:30:57,TKJ6683,40.069094,32.811043,,,,-24.5
2026-09-12 02:31:27,ETD2,40.284851,32.486755,130.91,516.1,37000,-25.8
2026-09-12 02:31:27,THY6NH,40.220306,32.526855,304.52,423.6,38000,-26.0
2026-09-12 02:31:27,PGT50FT,40.120377,32.584656,,,,-22.8
2026-09-12 02:31:27,TKJ6683,40.069094,32.811043,,,,-24.5
2026-09-12 02:31:57,ETD2,40.284851,32.486755,130.91,516.1,37000,-25.8
2026-09-12 02:31:57,THY6NH,40.220306,32.526855,304.52,423.6,38000,-26.0
2026-09-12 02:31:57,PGT50FT,40.120377,32.584656,,,,-22.8
2026-09-12 02:31:57,TKJ6683,40.069094,32.811043,,,,-24.5
2026-09-12 02:32:27,ETD2,40.284851,32.486755,130.91,516.1,37000,-25.8
2026-09-12 02:32:27,THY6NH,40.220306,32.526855,304.52,423.6,38000,-26.0
2026-09-12 02:32:27,PGT50FT,40.120377,32.584656,,,,-22.8
2026-09-12 02:32:27,TKJ6683,40.069094,32.811043,,,,-24.5
2026-09-12 02:32:57,ETD2,40.284851,32.486755,130.91,516.1,37000,-25.8
2026-09-12 02:32:57,THY6NH,40.220306,32.526855,304.52,423.6,38000,-26.0
2026-09-12 02:32:57,PGT50FT,40.120377,32.584656,,,,-22.8
2026-09-12 02:32:57,TKJ6683,40.069094,32.811043,,,,-24.5
2026-09-12 02:33:27,ETD2,40.284851,32.486755,130.91,516.1,37000,-25.8
2026-09-12 02:33:27,THY6NH,40.220306,32.526855,304.52,423.6,38000,-26.0
2026-09-12 02:33:27,PGT50FT,40.120377,32.584656,,,,-22.8
2026-09-12 02:33:27,TKJ6683,40.069094,32.811043,,,,-24.5
2026-09-12 02:33:57,ETD2,40.284851,32.486755,130.91,516.1,37000,-25.8
2026-09-12 02:33:57,THY6NH,40.220306,32.526855,304.52,423.6,38000,-26.0
2026-09-12 02:33:57,PGT50FT,40.120377,32.584656,,,,-22.8
2026-09-12 02:33:57,TKJ6683,40.069094,32.811043,,,,-24.5
2026-09-12 02:34:27,ETD2,40.284851,32.486755,130.91,516.1,37000,-25.8
2026-09-12 02:34:27,THY6NH,40.220306,32.526855,304.52,423.6,38000,-26.0
2026-09-12 02:34:27,PGT50FT,40.120377,32.584656,,,,-22.8
2026-09-12 02:34:27,TKJ6683,40.069094,32.811043,,,,-24.5
2026-09-12 02:34:57,ETD2,40.284851,32.486755,130.91,516.1,37000,-25.8
2026-09-12 02:34:57,THY6NH,40.220306,32.526855,304.52,423.6,38000,-26.0
2026-09-12 02:34:57,PGT50FT,40.120377,32.584656,,,,-22.8
2026-09-12 02:34:57,TKJ6683,40.069094,32.811043,,,,-24.5
2026-09-12 02:35:27,ETD2,40.284851,32.486755,130.91,516.1,37000,-25.8
2026-09-12 02:35:27,THY6NH,40.220306,32.526855,304.52,423.6,38000,-26.0
2026-09-12 02:35:27,PGT50FT,40.120377,32.584656,,,,-22.8
2026-09-12 02:35:27,TKJ6683,40.069094,32.811043,,,,-24.5
2026-09-12 02:35:57,ETD2,40.284851,32.486755,130.91,516.1,37000,-25.8
2026-09-12 02:35:57,THY6NH,40.220306,32.526855,304.52,423.6,38000,-26.0
2026-09-12 02:35:57,PGT50FT,40.120377,32.584656,,,,-22.8
2026-09-12 02:35:57,TKJ6683,40.069094,32.811043,,,,-24.5
2026-09-12 02:36:27,ETD2,40.284851,32.486755,130.91,516.1,37000,-25.8
2026-09-12 02:36:27,THY6NH,40.220306,32.526855,304.52,423.6,38000,-26.0
2026-09-12 02:36:27,PGT50FT,40.120377,32.584656,,,,-22.8
2026-09-12 02:36:27,TKJ6683,40.069094,32.811043,,,,-24.5
2026-09-12 02:36:58,ETD2,40.284851,32.486755,130.91,516.1,37000,-25.8
2026-09-12 02:36:58,THY6NH,40.220306,32.526855,304.52,423.6,38000,-26.0
2026-09-12 02:36:58,PGT50FT,40.120377,32.584656,,,,-22.8
2026-09-12 02:36:58,TKJ6683,40.069094,32.811043,,,,-24.5
2026-09-12 02:37:28,ETD2,40.284851,32.486755,130.91,516.1,37000,-25.8
2026-09-12 02:37:28,THY6NH,40.220306,32.526855,304.52,423.6,38000,-26.0
2026-09-12 02:37:28,PGT50FT,40.120377,32.584656,,,,-22.8
2026-09-12 02:37:28,TKJ6683,40.069094,32.811043,,,,-24.5
2026-09-12 02:37:58,ETD2,40.284851,32.486755,130.91,516.1,37000,-25.8
2026-09-12 02:37:58,THY6NH,40.220306,32.526855,304.52,423.6,38000,-26.0
2026-09-12 02:37:58,PGT50FT,40.120377,32.584656,,,,-22.8
2026-09-12 02:37:58,TKJ6683,40.069094,32.811043,,,,-24.5
2026-09-12 02:38:28,ETD2,40.284851,32.486755,130.91,516.1,37000,-25.8
2026-09-12 02:38:28,THY6NH,40.220306,32.526855,304.52,423.6,38000,-26.0
2026-09-12 02:38:28,PGT50FT,40.120377,32.584656,,,,-22.8
2026-09-12 02:38:28,TKJ6683,40.069094,32.811043,,,,-24.5
2026-09-12 02:38:58,ETD2,40.284851,32.486755,130.91,516.1,37000,-25.8
2026-09-12 02:38:58,THY6NH,40.220306,32.526855,304.52,423.6,38000,-26.0
2026-09-12 02:38:58,PGT50FT,40.120377,32.584656,,,,-22.8
2026-09-12 02:38:58,TKJ6683,40.069094,32.811043,,,,-24.5
2026-09-12 02:39:28,ETD2,40.284851,32.486755,130.91,516.1,37000,-25.8
2026-09-12 02:39:28,THY6NH,40.220306,32.526855,304.52,423.6,38000,-26.0
2026-09-12 02:39:28,PGT50FT,40.120377,32.584656,,,,-22.8
2026-09-12 02:39:28,TKJ6683,40.069094,32.811043,,,,-24.5
2026-09-12 02:39:58,ETD2,40.284851,32.486755,130.91,516.1,37000,-25.8
2026-09-12 02:39:58,THY6NH,40.220306,32.526855,304.52,423.6,38000,-26.0
2026-09-12 02:39:58,PGT50FT,40.120377,32.584656,,,,-22.8
2026-09-12 02:39:58,TKJ6683,40.069094,32.811043,,,,-24.5
2026-09-12 02:40:28,ETD2,40.284851,32.486755,130.91,516.1,37000,-25.8
2026-09-12 02:40:28,THY6NH,40.220306,32.526855,304.52,423.6,38000,-26.0
2026-09-12 02:40:28,PGT50FT,40.120377,32.584656,,,,-22.8
2026-09-12 02:40:28,TKJ6683,40.069094,32.811043,,,,-24.5
2026-09-12 02:40:58,ETD2,40.284851,32.486755,130.91,516.1,37000,-25.8
2026-09-12 02:40:58,THY6NH,40.220306,32.526855,304.52,423.6,38000,-26.0
2026-09-12 02:40:58,PGT50FT,40.120377,32.584656,,,,-22.8
2026-09-12 02:40:58,TKJ6683,40.069094,32.811043,,,,-24.5
2026-09-12 02:41:28,ETD2,40.284851,32.486755,130.91,516.1,37000,-25.8
2026-09-12 02:41:28,THY6NH,40.220306,32.526855,304.52,423.6,38000,-26.0
2026-09-12 02:41:28,PGT50FT,40.120377,32.584656,,,,-22.8
2026-09-12 02:41:28,TKJ6683,40.069094,32.811043,,,,-24.5
2026-09-12 02:41:58,ETD2,40.284851,32.486755,130.91,516.1,37000,-25.8
2026-09-12 02:41:58,THY6NH,40.220306,32.526855,304.52,423.6,38000,-26.0
2026-09-12 02:41:58,PGT50FT,40.120377,32.584656,,,,-22.8
2026-09-12 02:41:58,TKJ6683,40.069094,32.811043,,,,-24.5
2026-09-12 02:42:28,ETD2,40.284851,32.486755,130.91,516.1,37000,-25.8
2026-09-12 02:42:28,THY6NH,40.220306,32.526855,304.52,423.6,38000,-26.0
2026-09-12 02:42:28,PGT50FT,40.120377,32.584656,,,,-22.8
2026-09-12 02:42:28,TKJ6683,40.069094,32.811043,,,,-24.5
2026-09-12 02:42:59,ETD2,40.284851,32.486755,130.91,516.1,37000,-25.8
2026-09-12 02:42:59,THY6NH,40.220306,32.526855,304.52,423.6,38000,-26.0
2026-09-12 02:42:59,PGT50FT,40.120377,32.584656,,,,-22.8
2026-09-12 02:42:59,TKJ6683,40.069094,32.811043,,,,-24.5
2026-09-12 02:43:29,ETD2,40.284851,32.486755,130.91,516.1,37000,-25.8
2026-09-12 02:43:29,THY6NH,40.220306,32.526855,304.52,423.6,38000,-26.0
2026-09-12 02:43:29,PGT50FT,40.120377,32.584656,,,,-22.8
2026-09-12 02:43:29,TKJ6683,40.069094,32.811043,,,,-24.5
2026-09-12 02:43:59,ETD2,40.284851,32.486755,130.91,516.1,37000,-25.8
2026-09-12 02:43:59,THY6NH,40.220306,32.526855,304.52,423.6,38000,-26.0
2026-09-12 02:43:59,PGT50FT,40.120377,32.584656,,,,-22.8
2026-09-12 02:43:59,TKJ6683,40.069094,32.811043,,,,-24.5
2026-09-12 02:44:29,ETD2,40.284851,32.486755,130.91,516.1,37000,-25.8
2026-09-12 02:44:29,THY6NH,40.220306,32.526855,304.52,423.6,38000,-26.0
2026-09-12 02:44:29,PGT50FT,40.120377,32.584656,,,,-22.8
2026-09-12 02:44:29,TKJ6683,40.069094,32.811043,,,,-24.5
2026-09-12 02:44:59,ETD2,40.284851,32.486755,130.91,516.1,37000,-25.8
2026-09-12 02:44:59,THY6NH,40.220306,32.526855,304.52,423.6,38000,-26.0
2026-09-12 02:44:59,PGT50FT,40.120377,32.584656,,,,-22.8
2026-09-12 02:44:59,TKJ6683,40.069094,32.811043,,,,-24.5
2026-09-12 02:45:29,ETD2,40.284851,32.486755,130.91,516.1,37000,-25.8
2026-09-12 02:45:29,THY6NH,40.220306,32.526855,304.52,423.6,38000,-26.0
2026-09-12 02:45:29,PGT50FT,40.120377,32.584656,,,,-22.8
2026-09-12 02:45:29,TKJ6683,40.069094,32.811043,,,,-24.5
2026-09-12 02:45:59,ETD2,40.284851,32.486755,130.91,516.1,37000,-25.8
2026-09-12 02:45:59,THY6NH,40.220306,32.526855,304.52,423.6,38000,-26.0
2026-09-12 02:45:59,PGT50FT,40.120377,32.584656,,,,-22.8
2026-09-12 02:45:59,TKJ6683,40.069094,32.811043,,,,-24.5
2026-09-12 02:46:29,ETD2,40.284851,32.486755,130.91,516.1,37000,-25.8
2026-09-12 02:46:29,THY6NH,40.220306,32.526855,304.52,423.6,38000,-26.0
2026-09-12 02:46:29,PGT50FT,40.120377,32.584656,,,,-22.8
2026-09-12 02:46:29,TKJ6683,40.069094,32.811043,,,,-24.5
2026-09-12 02:46:59,ETD2,40.284851,32.486755,130.91,516.1,37000,-25.8
2026-09-12 02:46:59,THY6NH,40.220306,32.526855,304.52,423.6,38000,-26.0
2026-09-12 02:46:59,PGT50FT,40.120377,32.584656,,,,-22.8
2026-09-12 02:46:59,TKJ6683,40.069094,32.811043,,,,-24.5
2026-09-12 02:47:29,ETD2,40.284851,32.486755,130.91,516.1,37000,-25.8
2026-09-12 02:47:29,THY6NH,40.220306,32.526855,304.52,423.6,38000,-26.0
2026-09-12 02:47:29,PGT50FT,40.120377,32.584656,,,,-22.8
2026-09-12 02:47:29,TKJ6683,40.069094,32.811043,,,,-24.5
2026-09-12 02:47:59,ETD2,40.284851,32.486755,130.91,516.1,37000,-25.8
2026-09-12 02:47:59,THY6NH,40.220306,32.526855,304.52,423.6,38000,-26.0
2026-09-12 02:47:59,PGT50FT,40.120377,32.584656,,,,-22.8
2026-09-12 02:47:59,TKJ6683,40.069094,32.811043,,,,-24.5
2026-09-12 02:48:29,ETD2,40.284851,32.486755,130.91,516.1,37000,-25.8
2026-09-12 02:48:29,THY6NH,40.220306,32.526855,304.52,423.6,38000,-26.0
2026-09-12 02:48:29,PGT50FT,40.120377,32.584656,,,,-22.8
2026-09-12 02:48:29,TKJ6683,40.069094,32.811043,,,,-24.5
2026-09-12 02:49:00,ETD2,40.284851,32.486755,130.91,516.1,37000,-25.8
2026-09-12 02:49:00,THY6NH,40.220306,32.526855,304.52,423.6,38000,-26.0
2026-09-12 02:49:00,PGT50FT,40.120377,32.584656,,,,-22.8
2026-09-12 02:49:00,TKJ6683,40.069094,32.811043,,,,-24.5
2026-09-12 02:49:30,ETD2,40.284851,32.486755,130.91,516.1,37000,-25.8
2026-09-12 02:49:30,THY6NH,40.220306,32.526855,304.52,423.6,38000,-26.0
2026-09-12 02:49:30,PGT50FT,40.120377,32.584656,,,,-22.8
2026-09-12 02:49:30,TKJ6683,40.069094,32.811043,,,,-24.5
2026-09-12 02:50:00,ETD2,40.284851,32.486755,130.91,516.1,37000,-25.8
2026-09-12 02:50:00,THY6NH,40.220306,32.526855,304.52,423.6,38000,-26.0
2026-09-12 02:50:00,PGT50FT,40.120377,32.584656,,,,-22.8
2026-09-12 02:50:00,TKJ6683,40.069094,32.811043,,,,-24.5
2026-09-12 02:50:30,ETD2,40.284851,32.486755,130.91,516.1,37000,-25.8
2026-09-12 02:50:30,THY6NH,40.220306,32.526855,304.52,423.6,38000,-26.0
2026-09-12 02:50:30,PGT50FT,40.120377,32.584656,,,,-22.8
2026-09-12 02:50:30,TKJ6683,40.069094,32.811043,,,,-24.5
2026-09-12 02:51:00,ETD2,40.284851,32.486755,130.91,516.1,37000,-25.8
2026-09-12 02:51:00,THY6NH,40.220306,32.526855,304.52,423.6,38000,-26.0
2026-09-12 02:51:00,PGT50FT,40.120377,32.584656,,,,-22.8
2026-09-12 02:51:00,TKJ6683,40.069094,32.811043,,,,-24.5
2026-09-12 02:51:30,ETD2,40.284851,32.486755,130.91,516.1,37000,-25.8
2026-09-12 02:51:30,THY6NH,40.220306,32.526855,304.52,423.6,38000,-26.0
2026-09-12 02:51:30,PGT50FT,40.120377,32.584656,,,,-22.8
2026-09-12 02:51:30,TKJ6683,40.069094,32.811043,,,,-24.5
2026-09-12 02:52:00,ETD2,40.284851,32.486755,130.91,516.1,37000,-25.8
2026-09-12 02:52:00,THY6NH,40.220306,32.526855,304.52,423.6,38000,-26.0
2026-09-12 02:52:00,PGT50FT,40.120377,32.584656,,,,-22.8
2026-09-12 02:52:00,TKJ6683,40.069094,32.811043,,,,-24.5
2026-09-12 02:52:30,ETD2,40.284851,32.486755,130.91,516.1,37000,-25.8
2026-09-12 02:52:30,THY6NH,40.220306,32.526855,304.52,423.6,38000,-26.0
2026-09-12 02:52:30,PGT50FT,40.120377,32.584656,,,,-22.8
2026-09-12 02:52:30,TKJ6683,40.069094,32.811043,,,,-24.5
2026-09-12 02:53:00,ETD2,40.284851,32.486755,130.91,516.1,37000,-25.8
2026-09-12 02:53:00,THY6NH,40.220306,32.526855,304.52,423.6,38000,-26.0
2026-09-12 02:53:00,PGT50FT,40.120377,32.584656,,,,-22.8
2026-09-12 02:53:00,TKJ6683,40.069094,32.811043,,,,-24.5
2026-09-12 02:53:30,ETD2,40.284851,32.486755,130.91,516.1,37000,-25.8
2026-09-12 02:53:30,THY6NH,40.220306,32.526855,304.52,423.6,38000,-26.0
2026-09-12 02:53:30,PGT50FT,40.120377,32.584656,,,,-22.8
2026-09-12 02:53:30,TKJ6683,40.069094,32.811043,,,,-24.5
2026-09-12 02:54:00,ETD2,40.284851,32.486755,130.91,516.1,37000,-25.8
2026-09-12 02:54:00,THY6NH,40.220306,32.526855,304.52,423.6,38000,-26.0
2026-09-12 02:54:00,PGT50FT,40.120377,32.584656,,,,-22.8
2026-09-12 02:54:00,TKJ6683,40.069094,32.811043,,,,-24.5
2026-09-12 02:54:30,ETD2,40.284851,32.486755,130.91,516.1,37000,-25.8
2026-09-12 02:54:30,THY6NH,40.220306,32.526855,304.52,423.6,38000,-26.0
2026-09-12 02:54:30,PGT50FT,40.120377,32.584656,,,,-22.8
2026-09-12 02:54:30,TKJ6683,40.069094,32.811043,,,,-24.5
2026-09-12 02:55:01,ETD2,40.284851,32.486755,130.91,516.1,37000,-25.8
2026-09-12 02:55:01,THY6NH,40.220306,32.526855,304.52,423.6,38000,-26.0
2026-09-12 02:55:01,PGT50FT,40.120377,32.584656,,,,-22.8
2026-09-12 02:55:01,TKJ6683,40.069094,32.811043,,,,-24.5
2026-09-12 02:55:31,ETD2,40.284851,32.486755,130.91,516.1,37000,-25.8
2026-09-12 02:55:31,THY6NH,40.220306,32.526855,304.52,423.6,38000,-26.0
2026-09-12 02:55:31,PGT50FT,40.120377,32.584656,,,,-22.8
2026-09-12 02:55:31,TKJ6683,40.069094,32.811043,,,,-24.5
2026-09-12 02:56:01,ETD2,40.284851,32.486755,130.91,516.1,37000,-25.8
2026-09-12 02:56:01,THY6NH,40.220306,32.526855,304.52,423.6,38000,-26.0
2026-09-12 02:56:01,PGT50FT,40.120377,32.584656,,,,-22.8
2026-09-12 02:56:01,TKJ6683,40.069094,32.811043,,,,-24.5
2026-09-12 02:56:31,ETD2,40.284851,32.486755,130.91,516.1,37000,-25.8
2026-09-12 02:56:31,THY6NH,40.220306,32.526855,304.52,423.6,38000,-26.0
2026-09-12 02:56:31,PGT50FT,40.120377,32.584656,,,,-22.8
2026-09-12 02:56:31,TKJ6683,40.069094,32.811043,,,,-24.5
2026-09-12 02:57:01,ETD2,40.284851,32.486755,130.91,516.1,37000,-25.8
2026-09-12 02:57:01,THY6NH,40.220306,32.526855,304.52,423.6,38000,-26.0
2026-09-12 02:57:01,PGT50FT,40.120377,32.584656,,,,-22.8
2026-09-12 02:57:01,TKJ6683,40.069094,32.811043,,,,-24.5
2026-09-12 02:57:31,ETD2,40.284851,32.486755,130.91,516.1,37000,-25.8
2026-09-12 02:57:31,THY6NH,40.220306,32.526855,304.52,423.6,38000,-26.0
2026-09-12 02:57:31,PGT50FT,40.120377,32.584656,,,,-22.8
2026-09-12 02:57:31,TKJ6683,40.069094,32.811043,,,,-24.5
2026-09-12 02:58:01,ETD2,40.284851,32.486755,130.91,516.1,37000,-25.8
2026-09-12 02:58:01,THY6NH,40.220306,32.526855,304.52,423.6,38000,-26.0
2026-09-12 02:58:01,PGT50FT,40.120377,32.584656,,,,-22.8
2026-09-12 02:58:01,TKJ6683,40.069094,32.811043,,,,-24.5
2026-09-12 02:58:31,ETD2,40.284851,32.486755,130.91,516.1,37000,-25.8
2026-09-12 02:58:31,THY6NH,40.220306,32.526855,304.52,423.6,38000,-26.0
2026-09-12 02:58:31,PGT50FT,40.120377,32.584656,,,,-22.8
2026-09-12 02:58:31,TKJ6683,40.069094,32.811043,,,,-24.5
2026-09-12 02:59:01,ETD2,40.284851,32.486755,130.91,516.1,37000,-25.8
2026-09-12 02:59:01,THY6NH,40.220306,32.526855,304.52,423.6,38000,-26.0
2026-09-12 02:59:01,PGT50FT,40.120377,32.584656,,,,-22.8
2026-09-12 02:59:01,TKJ6683,40.069094,32.811043,,,,-24.5
2026-09-12 02:59:31,ETD2,40.284851,32.486755,130.91,516.1,37000,-25.8
2026-09-12 02:59:31,THY6NH,40.220306,32.526855,304.52,423.6,38000,-26.0
2026-09-12 02:59:31,PGT50FT,40.120377,32.584656,,,,-22.8
2026-09-12 02:59:31,TKJ6683,40.069094,32.811043,,,,-24.5
2026-09-12 03:00:01,ETD2,40.284851,32.486755,130.91,516.1,37000,-25.8
2026-09-12 03:00:01,THY6NH,40.220306,32.526855,304.52,423.6,38000,-26.0
2026-09-12 03:00:01,PGT50FT,40.120377,32.584656,,,,-22.8
2026-09-12 03:00:01,TKJ6683,40.069094,32.811043,,,,-24.5
2026-09-12 03:00:31,ETD2,40.284851,32.486755,130.91,516.1,37000,-25.8
2026-09-12 03:00:31,THY6NH,40.220306,32.526855,304.52,423.6,38000,-26.0
2026-09-12 03:00:31,PGT50FT,40.120377,32.584656,,,,-22.8
2026-09-12 03:00:31,TKJ6683,40.069094,32.811043,,,,-24.5
2026-09-12 03:01:02,ETD2,40.284851,32.486755,130.91,516.1,37000,-25.8
2026-09-12 03:01:02,THY6NH,40.220306,32.526855,304.52,423.6,38000,-26.0
2026-09-12 03:01:02,PGT50FT,40.120377,32.584656,,,,-22.8
2026-09-12 03:01:02,TKJ6683,40.069094,32.811043,,,,-24.5
2026-09-12 03:01:32,ETD2,40.284851,32.486755,130.91,516.1,37000,-25.8
2026-09-12 03:01:32,THY6NH,40.220306,32.526855,304.52,423.6,38000,-26.0
2026-09-12 03:01:32,PGT50FT,40.120377,32.584656,,,,-22.8
2026-09-12 03:01:32,TKJ6683,40.069094,32.811043,,,,-24.5
2026-09-12 03:02:02,ETD2,40.284851,32.486755,130.91,516.1,37000,-25.8
2026-09-12 03:02:02,THY6NH,40.220306,32.526855,304.52,423.6,38000,-26.0
2026-09-12 03:02:02,PGT50FT,40.120377,32.584656,,,,-22.8
2026-09-12 03:02:02,TKJ6683,40.069094,32.811043,,,,-24.5
2026-09-12 03:02:32,ETD2,40.284851,32.486755,130.91,516.1,37000,-25.8
2026-09-12 03:02:32,THY6NH,40.220306,32.526855,304.52,423.6,38000,-26.0
2026-09-12 03:02:32,PGT50FT,40.120377,32.584656,,,,-22.8
2026-09-12 03:02:32,TKJ6683,40.069094,32.811043,,,,-24.5
2026-09-12 03:03:02,ETD2,40.284851,32.486755,130.91,516.1,37000,-25.8
2026-09-12 03:03:02,THY6NH,40.220306,32.526855,304.52,423.6,38000,-26.0
2026-09-12 03:03:02,PGT50FT,40.120377,32.584656,,,,-22.8
2026-09-12 03:03:02,TKJ6683,40.069094,32.811043,,,,-24.5
2026-09-12 03:03:32,ETD2,40.284851,32.486755,130.91,516.1,37000,-25.8
2026-09-12 03:03:32,THY6NH,40.220306,32.526855,304.52,423.6,38000,-26.0
2026-09-12 03:03:32,PGT50FT,40.120377,32.584656,,,,-22.8
2026-09-12 03:03:32,TKJ6683,40.069094,32.811043,,,,-24.5
2026-09-12 03:04:02,ETD2,40.284851,32.486755,130.91,516.1,37000,-25.8
2026-09-12 03:04:02,THY6NH,40.220306,32.526855,304.52,423.6,38000,-26.0
2026-09-12 03:04:02,PGT50FT,40.120377,32.584656,,,,-22.8
2026-09-12 03:04:02,TKJ6683,40.069094,32.811043,,,,-24.5
2026-09-12 03:04:32,ETD2,40.284851,32.486755,130.91,516.1,37000,-25.8
2026-09-12 03:04:32,THY6NH,40.220306,32.526855,304.52,423.6,38000,-26.0
2026-09-12 03:04:32,PGT50FT,40.120377,32.584656,,,,-22.8
2026-09-12 03:04:32,TKJ6683,40.069094,32.811043,,,,-24.5
2026-09-12 03:05:02,ETD2,40.284851,32.486755,130.91,516.1,37000,-25.8
2026-09-12 03:05:02,THY6NH,40.220306,32.526855,304.52,423.6,38000,-26.0
2026-09-12 03:05:02,PGT50FT,40.120377,32.584656,,,,-22.8
2026-09-12 03:05:02,TKJ6683,40.069094,32.811043,,,,-24.5
2026-09-12 03:05:32,ETD2,40.284851,32.486755,130.91,516.1,37000,-25.8
2026-09-12 03:05:32,THY6NH,40.220306,32.526855,304.52,423.6,38000,-26.0
2026-09-12 03:05:32,PGT50FT,40.120377,32.584656,,,,-22.8
2026-09-12 03:05:32,TKJ6683,40.069094,32.811043,,,,-24.5
2026-09-12 03:06:02,ETD2,40.284851,32.486755,130.91,516.1,37000,-25.8
2026-09-12 03:06:02,THY6NH,40.220306,32.526855,304.52,423.6,38000,-26.0
2026-09-12 03:06:02,PGT50FT,40.120377,32.584656,,,,-22.8
2026-09-12 03:06:02,TKJ6683,40.069094,32.811043,,,,-24.5
2026-09-12 03:06:32,ETD2,40.284851,32.486755,130.91,516.1,37000,-25.8
2026-09-12 03:06:32,THY6NH,40.220306,32.526855,304.52,423.6,38000,-26.0
2026-09-12 03:06:32,PGT50FT,40.120377,32.584656,,,,-22.8
2026-09-12 03:06:32,TKJ6683,40.069094,32.811043,,,,-24.5
2026-09-12 03:07:03,ETD2,40.284851,32.486755,130.91,516.1,37000,-25.8
2026-09-12 03:07:03,THY6NH,40.220306,32.526855,304.52,423.6,38000,-26.0
2026-09-12 03:07:03,PGT50FT,40.120377,32.584656,,,,-22.8
2026-09-12 03:07:03,TKJ6683,40.069094,32.811043,,,,-24.5
2026-09-12 03:07:33,ETD2,40.284851,32.486755,130.91,516.1,37000,-25.8
2026-09-12 03:07:33,THY6NH,40.220306,32.526855,304.52,423.6,38000,-26.0
2026-09-12 03:07:33,PGT50FT,40.120377,32.584656,,,,-22.8
2026-09-12 03:07:33,TKJ6683,40.069094,32.811043,,,,-24.5
2026-09-12 03:08:03,ETD2,40.284851,32.486755,130.91,516.1,37000,-25.8
2026-09-12 03:08:03,THY6NH,40.220306,32.526855,304.52,423.6,38000,-26.0
2026-09-12 03:08:03,PGT50FT,40.120377,32.584656,,,,-22.8
2026-09-12 03:08:03,TKJ6683,40.069094,32.811043,,,,-24.5
2026-09-12 03:08:33,ETD2,40.284851,32.486755,130.91,516.1,37000,-25.8
2026-09-12 03:08:33,THY6NH,40.220306,32.526855,304.52,423.6,38000,-26.0
2026-09-12 03:08:33,PGT50FT,40.120377,32.584656,,,,-22.8
2026-09-12 03:08:33,TKJ6683,40.069094,32.811043,,,,-24.5
2026-09-12 03:09:03,ETD2,40.284851,32.486755,130.91,516.1,37000,-25.8
2026-09-12 03:09:03,THY6NH,40.220306,32.526855,304.52,423.6,38000,-26.0
2026-09-12 03:09:03,PGT50FT,40.120377,32.584656,,,,-22.8
2026-09-12 03:09:03,TKJ6683,40.069094,32.811043,,,,-24.5
2026-09-12 03:09:33,ETD2,40.284851,32.486755,130.91,516.1,37000,-25.8
2026-09-12 03:09:33,THY6NH,40.220306,32.526855,304.52,423.6,38000,-26.0
2026-09-12 03:09:33,PGT50FT,40.120377,32.584656,,,,-22.8
2026-09-12 03:09:33,TKJ6683,40.069094,32.811043,,,,-24.5
2026-09-12 03:10:03,ETD2,40.284851,32.486755,130.91,516.1,37000,-25.8
2026-09-12 03:10:03,THY6NH,40.220306,32.526855,304.52,423.6,38000,-26.0
2026-09-12 03:10:03,PGT50FT,40.120377,32.584656,,,,-22.8
2026-09-12 03:10:03,TKJ6683,40.069094,32.811043,,,,-24.5
2026-09-12 03:10:33,ETD2,40.284851,32.486755,130.91,516.1,37000,-25.8
2026-09-12 03:10:33,THY6NH,40.220306,32.526855,304.52,423.6,38000,-26.0
2026-09-12 03:10:33,PGT50FT,40.120377,32.584656,,,,-22.8
2026-09-12 03:10:33,TKJ6683,40.069094,32.811043,,,,-24.5
2026-09-12 03:11:03,ETD2,40.284851,32.486755,130.91,516.1,37000,-25.8
2026-09-12 03:11:03,THY6NH,40.220306,32.526855,304.52,423.6,38000,-26.0
2026-09-12 03:11:03,PGT50FT,40.120377,32.584656,,,,-22.8
2026-09-12 03:11:03,TKJ6683,40.069094,32.811043,,,,-24.5
2026-09-12 03:11:33,ETD2,40.284851,32.486755,130.91,516.1,37000,-25.8
2026-09-12 03:11:33,THY6NH,40.220306,32.526855,304.52,423.6,38000,-26.0
2026-09-12 03:11:33,PGT50FT,40.120377,32.584656,,,,-22.8
2026-09-12 03:11:33,TKJ6683,40.069094,32.811043,,,,-24.5
2026-09-12 03:12:03,ETD2,40.284851,32.486755,130.91,516.1,37000,-25.8
2026-09-12 03:12:03,THY6NH,40.220306,32.526855,304.52,423.6,38000,-26.0
2026-09-12 03:12:03,PGT50FT,40.120377,32.584656,,,,-22.8
2026-09-12 03:12:03,TKJ6683,40.069094,32.811043,,,,-24.5
2026-09-12 03:12:33,ETD2,40.284851,32.486755,130.91,516.1,37000,-25.8
2026-09-12 03:12:33,THY6NH,40.220306,32.526855,304.52,423.6,38000,-26.0
2026-09-12 03:12:33,PGT50FT,40.120377,32.584656,,,,-22.8
2026-09-12 03:12:33,TKJ6683,40.069094,32.811043,,,,-24.5
2026-09-12 03:13:03,ETD2,40.284851,32.486755,130.91,516.1,37000,-25.8
2026-09-12 03:13:03,THY6NH,40.220306,32.526855,304.52,423.6,38000,-26.0
2026-09-12 03:13:03,PGT50FT,40.120377,32.584656,,,,-22.8
2026-09-12 03:13:03,TKJ6683,40.069094,32.811043,,,,-24.5
2026-09-12 03:13:34,ETD2,40.284851,32.486755,130.91,516.1,37000,-25.8
2026-09-12 03:13:34,THY6NH,40.220306,32.526855,304.52,423.6,38000,-26.0
2026-09-12 03:13:34,PGT50FT,40.120377,32.584656,,,,-22.8
2026-09-12 03:13:34,TKJ6683,40.069094,32.811043,,,,-24.5
2026-09-12 03:14:04,ETD2,40.284851,32.486755,130.91,516.1,37000,-25.8
2026-09-12 03:14:04,THY6NH,40.220306,32.526855,304.52,423.6,38000,-26.0
2026-09-12 03:14:04,PGT50FT,40.120377,32.584656,,,,-22.8
2026-09-12 03:14:04,TKJ6683,40.069094,32.811043,,,,-24.5
2026-09-12 03:14:34,ETD2,40.284851,32.486755,130.91,516.1,37000,-25.8
2026-09-12 03:14:34,THY6NH,40.220306,32.526855,304.52,423.6,38000,-26.0
2026-09-12 03:14:34,PGT50FT,40.120377,32.584656,,,,-22.8
2026-09-12 03:14:34,TKJ6683,40.069094,32.811043,,,,-24.5
2026-09-12 03:15:04,ETD2,40.284851,32.486755,130.91,516.1,37000,-25.8
2026-09-12 03:15:04,THY6NH,40.220306,32.526855,304.52,423.6,38000,-26.0
2026-09-12 03:15:04,PGT50FT,40.120377,32.584656,,,,-22.8
2026-09-12 03:15:04,TKJ6683,40.069094,32.811043,,,,-24.5
2026-09-12 03:15:34,ETD2,40.284851,32.486755,130.91,516.1,37000,-25.8
2026-09-12 03:15:34,THY6NH,40.220306,32.526855,304.52,423.6,38000,-26.0
2026-09-12 03:15:34,PGT50FT,40.120377,32.584656,,,,-22.8
2026-09-12 03:15:34,TKJ6683,40.069094,32.811043,,,,-24.5
2026-09-12 03:16:04,ETD2,40.284851,32.486755,130.91,516.1,37000,-25.8
2026-09-12 03:16:04,THY6NH,40.220306,32.526855,304.52,423.6,38000,-26.0
2026-09-12 03:16:04,PGT50FT,40.120377,32.584656,,,,-22.8
2026-09-12 03:16:04,TKJ6683,40.069094,32.811043,,,,-24.5
2026-09-12 03:16:34,ETD2,40.284851,32.486755,130.91,516.1,37000,-25.8
2026-09-12 03:16:34,THY6NH,40.220306,32.526855,304.52,423.6,38000,-26.0
2026-09-12 03:16:34,PGT50FT,40.120377,32.584656,,,,-22.8
2026-09-12 03:16:34,TKJ6683,40.069094,32.811043,,,,-24.5
2026-09-12 03:17:04,ETD2,40.284851,32.486755,130.91,516.1,37000,-25.8
2026-09-12 03:17:04,THY6NH,40.220306,32.526855,304.52,423.6,38000,-26.0
2026-09-12 03:17:04,PGT50FT,40.120377,32.584656,,,,-22.8
2026-09-12 03:17:04,TKJ6683,40.069094,32.811043,,,,-24.5
2026-09-12 03:17:34,ETD2,40.284851,32.486755,130.91,516.1,37000,-25.8
2026-09-12 03:17:34,THY6NH,40.220306,32.526855,304.52,423.6,38000,-26.0
2026-09-12 03:17:34,PGT50FT,40.120377,32.584656,,,,-22.8
2026-09-12 03:17:34,TKJ6683,40.069094,32.811043,,,,-24.5
2026-09-12 03:18:04,ETD2,40.284851,32.486755,130.91,516.1,37000,-25.8
2026-09-12 03:18:04,THY6NH,40.220306,32.526855,304.52,423.6,38000,-26.0
2026-09-12 03:18:04,PGT50FT,40.120377,32.584656,,,,-22.8
2026-09-12 03:18:04,TKJ6683,40.069094,32.811043,,,,-24.5
2026-09-12 03:18:34,ETD2,40.284851,32.486755,130.91,516.1,37000,-25.8
2026-09-12 03:18:34,THY6NH,40.220306,32.526855,304.52,423.6,38000,-26.0
2026-09-12 03:18:34,PGT50FT,40.120377,32.584656,,,,-22.8
2026-09-12 03:18:34,TKJ6683,40.069094,32.811043,,,,-24.5
2026-09-12 03:19:04,ETD2,40.284851,32.486755,130.91,516.1,37000,-25.8
2026-09-12 03:19:04,THY6NH,40.220306,32.526855,304.52,423.6,38000,-26.0
2026-09-12 03:19:04,PGT50FT,40.120377,32.584656,,,,-22.8
2026-09-12 03:19:04,TKJ6683,40.069094,32.811043,,,,-24.5
2026-09-12 03:19:34,ETD2,40.284851,32.486755,130.91,516.1,37000,-25.8
2026-09-12 03:19:34,THY6NH,40.220306,32.526855,304.52,423.6,38000,-26.0
2026-09-12 03:19:34,PGT50FT,40.120377,32.584656,,,,-22.8
2026-09-12 03:19:34,TKJ6683,40.069094,32.811043,,,,-24.5
2026-09-12 03:20:05,ETD2,40.284851,32.486755,130.91,516.1,37000,-25.8
2026-09-12 03:20:05,THY6NH,40.220306,32.526855,304.52,423.6,38000,-26.0
2026-09-12 03:20:05,PGT50FT,40.120377,32.584656,,,,-22.8
2026-09-12 03:20:05,TKJ6683,40.069094,32.811043,,,,-24.5
2026-09-12 03:20:35,ETD2,40.284851,32.486755,130.91,516.1,37000,-25.8
2026-09-12 03:20:35,THY6NH,40.220306,32.526855,304.52,423.6,38000,-26.0
2026-09-12 03:20:35,PGT50FT,40.120377,32.584656,,,,-22.8
2026-09-12 03:20:35,TKJ6683,40.069094,32.811043,,,,-24.5
2026-09-12 03:21:05,ETD2,40.284851,32.486755,130.91,516.1,37000,-25.8
2026-09-12 03:21:05,THY6NH,40.220306,32.526855,304.52,423.6,38000,-26.0
2026-09-12 03:21:05,PGT50FT,40.120377,32.584656,,,,-22.8
2026-09-12 03:21:05,TKJ6683,40.069094,32.811043,,,,-24.5
2026-09-12 03:21:35,ETD2,40.284851,32.486755,130.91,516.1,37000,-25.8
2026-09-12 03:21:35,THY6NH,40.220306,32.526855,304.52,423.6,38000,-26.0
2026-09-12 03:21:35,PGT50FT,40.120377,32.584656,,,,-22.8
2026-09-12 03:21:35,TKJ6683,40.069094,32.811043,,,,-24.5
2026-09-12 03:22:05,ETD2,40.284851,32.486755,130.91,516.1,37000,-25.8
2026-09-12 03:22:05,THY6NH,40.220306,32.526855,304.52,423.6,38000,-26.0
2026-09-12 03:22:05,PGT50FT,40.120377,32.584656,,,,-22.8
2026-09-12 03:22:05,TKJ6683,40.069094,32.811043,,,,-24.5
2026-09-12 03:22:35,ETD2,40.284851,32.486755,130.91,516.1,37000,-25.8
2026-09-12 03:22:35,THY6NH,40.220306,32.526855,304.52,423.6,38000,-26.0
2026-09-12 03:22:35,PGT50FT,40.120377,32.584656,,,,-22.8
2026-09-12 03:22:35,TKJ6683,40.069094,32.811043,,,,-24.5
2026-09-12 03:23:05,ETD2,40.284851,32.486755,130.91,516.1,37000,-25.8
2026-09-12 03:23:05,THY6NH,40.220306,32.526855,304.52,423.6,38000,-26.0
2026-09-12 03:23:05,PGT50FT,40.120377,32.584656,,,,-22.8
2026-09-12 03:23:05,TKJ6683,40.069094,32.811043,,,,-24.5
2026-09-12 03:23:35,ETD2,40.284851,32.486755,130.91,516.1,37000,-25.8
2026-09-12 03:23:35,THY6NH,40.220306,32.526855,304.52,423.6,38000,-26.0
2026-09-12 03:23:35,PGT50FT,40.120377,32.584656,,,,-22.8
2026-09-12 03:23:35,TKJ6683,40.069094,32.811043,,,,-24.5
2026-09-12 03:24:05,ETD2,40.284851,32.486755,130.91,516.1,37000,-25.8
2026-09-12 03:24:05,THY6NH,40.220306,32.526855,304.52,423.6,38000,-26.0
2026-09-12 03:24:05,PGT50FT,40.120377,32.584656,,,,-22.8
2026-09-12 03:24:05,TKJ6683,40.069094,32.811043,,,,-24.5
2026-09-12 03:24:35,ETD2,40.284851,32.486755,130.91,516.1,37000,-25.8
2026-09-12 03:24:35,THY6NH,40.220306,32.526855,304.52,423.6,38000,-26.0
2026-09-12 03:24:35,PGT50FT,40.120377,32.584656,,,,-22.8
2026-09-12 03:24:35,TKJ6683,40.069094,32.811043,,,,-24.5
2026-09-12 03:25:05,ETD2,40.284851,32.486755,130.91,516.1,37000,-25.8
2026-09-12 03:25:05,THY6NH,40.220306,32.526855,304.52,423.6,38000,-26.0
2026-09-12 03:25:05,PGT50FT,40.120377,32.584656,,,,-22.8
2026-09-12 03:25:05,TKJ6683,40.069094,32.811043,,,,-24.5
2026-09-12 03:25:35,ETD2,40.284851,32.486755,130.91,516.1,37000,-25.8
2026-09-12 03:25:35,THY6NH,40.220306,32.526855,304.52,423.6,38000,-26.0
2026-09-12 03:25:35,PGT50FT,40.120377,32.584656,,,,-22.8
2026-09-12 03:25:35,TKJ6683,40.069094,32.811043,,,,-24.5
2026-09-12 03:26:05,ETD2,40.284851,32.486755,130.91,516.1,37000,-25.8
2026-09-12 03:26:05,THY6NH,40.220306,32.526855,304.52,423.6,38000,-26.0
2026-09-12 03:26:05,PGT50FT,40.120377,32.584656,,,,-22.8
2026-09-12 03:26:05,TKJ6683,40.069094,32.811043,,,,-24.5
2026-09-12 03:26:36,ETD2,40.284851,32.486755,130.91,516.1,37000,-25.8
2026-09-12 03:26:36,THY6NH,40.220306,32.526855,304.52,423.6,38000,-26.0
2026-09-12 03:26:36,PGT50FT,40.120377,32.584656,,,,-22.8
2026-09-12 03:26:36,TKJ6683,40.069094,32.811043,,,,-24.5
2026-09-12 03:27:06,ETD2,40.284851,32.486755,130.91,516.1,37000,-25.8
2026-09-12 03:27:06,THY6NH,40.220306,32.526855,304.52,423.6,38000,-26.0
2026-09-12 03:27:06,PGT50FT,40.120377,32.584656,,,,-22.8
2026-09-12 03:27:06,TKJ6683,40.069094,32.811043,,,,-24.5
2026-09-12 03:27:36,ETD2,40.284851,32.486755,130.91,516.1,37000,-25.8
2026-09-12 03:27:36,THY6NH,40.220306,32.526855,304.52,423.6,38000,-26.0
2026-09-12 03:27:36,PGT50FT,40.120377,32.584656,,,,-22.8
2026-09-12 03:27:36,TKJ6683,40.069094,32.811043,,,,-24.5
2026-09-12 03:28:06,ETD2,40.284851,32.486755,130.91,516.1,37000,-25.8
2026-09-12 03:28:06,THY6NH,40.220306,32.526855,304.52,423.6,38000,-26.0
2026-09-12 03:28:06,PGT50FT,40.120377,32.584656,,,,-22.8
2026-09-12 03:28:06,TKJ6683,40.069094,32.811043,,,,-24.5
2026-09-12 03:28:36,ETD2,40.284851,32.486755,130.91,516.1,37000,-25.8
2026-09-12 03:28:36,THY6NH,40.220306,32.526855,304.52,423.6,38000,-26.0
2026-09-12 03:28:36,PGT50FT,40.120377,32.584656,,,,-22.8
2026-09-12 03:28:36,TKJ6683,40.069094,32.811043,,,,-24.5
2026-09-12 03:29:06,ETD2,40.284851,32.486755,130.91,516.1,37000,-25.8
2026-09-12 03:29:06,THY6NH,40.220306,32.526855,304.52,423.6,38000,-26.0
2026-09-12 03:29:06,PGT50FT,40.120377,32.584656,,,,-22.8
2026-09-12 03:29:06,TKJ6683,40.069094,32.811043,,,,-24.5
2026-09-12 03:29:36,ETD2,40.284851,32.486755,130.91,516.1,37000,-25.8
2026-09-12 03:29:36,THY6NH,40.220306,32.526855,304.52,423.6,38000,-26.0
2026-09-12 03:29:36,PGT50FT,40.120377,32.584656,,,,-22.8
2026-09-12 03:29:36,TKJ6683,40.069094,32.811043,,,,-24.5
2026-09-12 03:30:06,ETD2,40.284851,32.486755,130.91,516.1,37000,-25.8
2026-09-12 03:30:06,THY6NH,40.220306,32.526855,304.52,423.6,38000,-26.0
2026-09-12 03:30:06,PGT50FT,40.120377,32.584656,,,,-22.8
2026-09-12 03:30:06,TKJ6683,40.069094,32.811043,,,,-24.5
2026-09-12 03:30:36,ETD2,40.284851,32.486755,130.91,516.1,37000,-25.8
2026-09-12 03:30:36,THY6NH,40.220306,32.526855,304.52,423.6,38000,-26.0
2026-09-12 03:30:36,PGT50FT,40.120377,32.584656,,,,-22.8
2026-09-12 03:30:36,TKJ6683,40.069094,32.811043,,,,-24.5
2026-09-12 03:31:06,ETD2,40.284851,32.486755,130.91,516.1,37000,-25.8
2026-09-12 03:31:06,THY6NH,40.220306,32.526855,304.52,423.6,38000,-26.0
2026-09-12 03:31:06,PGT50FT,40.120377,32.584656,,,,-22.8
2026-09-12 03:31:06,TKJ6683,40.069094,32.811043,,,,-24.5
2026-09-12 03:31:36,ETD2,40.284851,32.486755,130.91,516.1,37000,-25.8
2026-09-12 03:31:36,THY6NH,40.220306,32.526855,304.52,423.6,38000,-26.0
2026-09-12 03:31:36,PGT50FT,40.120377,32.584656,,,,-22.8
2026-09-12 03:31:36,TKJ6683,40.069094,32.811043,,,,-24.5
2026-09-12 03:32:06,ETD2,40.284851,32.486755,130.91,516.1,37000,-25.8
2026-09-12 03:32:06,THY6NH,40.220306,32.526855,304.52,423.6,38000,-26.0
2026-09-12 03:32:06,PGT50FT,40.120377,32.584656,,,,-22.8
2026-09-12 03:32:06,TKJ6683,40.069094,32.811043,,,,-24.5
2026-09-12 03:32:37,ETD2,40.284851,32.486755,130.91,516.1,37000,-25.8
2026-09-12 03:32:37,THY6NH,40.220306,32.526855,304.52,423.6,38000,-26.0
2026-09-12 03:32:37,PGT50FT,40.120377,32.584656,,,,-22.8
2026-09-12 03:32:37,TKJ6683,40.069094,32.811043,,,,-24.5
2026-09-12 03:33:07,ETD2,40.284851,32.486755,130.91,516.1,37000,-25.8
2026-09-12 03:33:07,THY6NH,40.220306,32.526855,304.52,423.6,38000,-26.0
2026-09-12 03:33:07,PGT50FT,40.120377,32.584656,,,,-22.8
2026-09-12 03:33:07,TKJ6683,40.069094,32.811043,,,,-24.5
2026-09-12 03:33:37,ETD2,40.284851,32.486755,130.91,516.1,37000,-25.8
2026-09-12 03:33:37,THY6NH,40.220306,32.526855,304.52,423.6,38000,-26.0
2026-09-12 03:33:37,PGT50FT,40.120377,32.584656,,,,-22.8
2026-09-12 03:33:37,TKJ6683,40.069094,32.811043,,,,-24.5
2026-09-12 03:34:07,ETD2,40.284851,32.486755,130.91,516.1,37000,-25.8
2026-09-12 03:34:07,THY6NH,40.220306,32.526855,304.52,423.6,38000,-26.0
2026-09-12 03:34:07,PGT50FT,40.120377,32.584656,,,,-22.8
2026-09-12 03:34:07,TKJ6683,40.069094,32.811043,,,,-24.5
2026-09-12 03:34:37,ETD2,40.284851,32.486755,130.91,516.1,37000,-25.8
2026-09-12 03:34:37,THY6NH,40.220306,32.526855,304.52,423.6,38000,-26.0
2026-09-12 03:34:37,PGT50FT,40.120377,32.584656,,,,-22.8
2026-09-12 03:34:37,TKJ6683,40.069094,32.811043,,,,-24.5
2026-09-12 03:35:07,ETD2,40.284851,32.486755,130.91,516.1,37000,-25.8
2026-09-12 03:35:07,THY6NH,40.220306,32.526855,304.52,423.6,38000,-26.0
2026-09-12 03:35:07,PGT50FT,40.120377,32.584656,,,,-22.8
2026-09-12 03:35:07,TKJ6683,40.069094,32.811043,,,,-24.5
2026-09-12 03:35:37,ETD2,40.284851,32.486755,130.91,516.1,37000,-25.8
2026-09-12 03:35:37,THY6NH,40.220306,32.526855,304.52,423.6,38000,-26.0
2026-09-12 03:35:37,PGT50FT,40.120377,32.584656,,,,-22.8
2026-09-12 03:35:37,TKJ6683,40.069094,32.811043,,,,-24.5
2026-09-12 03:36:07,ETD2,40.284851,32.486755,130.91,516.1,37000,-25.8
2026-09-12 03:36:07,THY6NH,40.220306,32.526855,304.52,423.6,38000,-26.0
2026-09-12 03:36:07,PGT50FT,40.120377,32.584656,,,,-22.8
2026-09-12 03:36:07,TKJ6683,40.069094,32.811043,,,,-24.5
2026-09-12 03:36:37,ETD2,40.284851,32.486755,130.91,516.1,37000,-25.8
2026-09-12 03:36:37,THY6NH,40.220306,32.526855,304.52,423.6,38000,-26.0
2026-09-12 03:36:37,PGT50FT,40.120377,32.584656,,,,-22.8
2026-09-12 03:36:37,TKJ6683,40.069094,32.811043,,,,-24.5
2026-09-12 03:37:07,ETD2,40.284851,32.486755,130.91,516.1,37000,-25.8
2026-09-12 03:37:07,THY6NH,40.220306,32.526855,304.52,423.6,38000,-26.0
2026-09-12 03:37:07,PGT50FT,40.120377,32.584656,,,,-22.8
2026-09-12 03:37:07,TKJ6683,40.069094,32.811043,,,,-24.5
2026-09-12 03:37:37,ETD2,40.284851,32.486755,130.91,516.1,37000,-25.8
2026-09-12 03:37:37,THY6NH,40.220306,32.526855,304.52,423.6,38000,-26.0
2026-09-12 03:37:37,PGT50FT,40.120377,32.584656,,,,-22.8
2026-09-12 03:37:37,TKJ6683,40.069094,32.811043,,,,-24.5
2026-09-12 03:38:07,ETD2,40.284851,32.486755,130.91,516.1,37000,-25.8
2026-09-12 03:38:07,THY6NH,40.220306,32.526855,304.52,423.6,38000,-26.0
2026-09-12 03:38:07,PGT50FT,40.120377,32.584656,,,,-22.8
2026-09-12 03:38:07,TKJ6683,40.069094,32.811043,,,,-24.5
2026-09-12 03:38:38,ETD2,40.284851,32.486755,130.91,516.1,37000,-25.8
2026-09-12 03:38:38,THY6NH,40.220306,32.526855,304.52,423.6,38000,-26.0
2026-09-12 03:38:38,PGT50FT,40.120377,32.584656,,,,-22.8
2026-09-12 03:38:38,TKJ6683,40.069094,32.811043,,,,-24.5
2026-09-12 03:39:08,ETD2,40.284851,32.486755,130.91,516.1,37000,-25.8
2026-09-12 03:39:08,THY6NH,40.220306,32.526855,304.52,423.6,38000,-26.0
2026-09-12 03:39:08,PGT50FT,40.120377,32.584656,,,,-22.8
2026-09-12 03:39:08,TKJ6683,40.069094,32.811043,,,,-24.5
2026-09-12 03:39:38,ETD2,40.284851,32.486755,130.91,516.1,37000,-25.8
2026-09-12 03:39:38,THY6NH,40.220306,32.526855,304.52,423.6,38000,-26.0
2026-09-12 03:39:38,PGT50FT,40.120377,32.584656,,,,-22.8
2026-09-12 03:39:38,TKJ6683,40.069094,32.811043,,,,-24.5
2026-09-12 03:40:08,ETD2,40.284851,32.486755,130.91,516.1,37000,-25.8
2026-09-12 03:40:08,THY6NH,40.220306,32.526855,304.52,423.6,38000,-26.0
2026-09-12 03:40:08,PGT50FT,40.120377,32.584656,,,,-22.8
2026-09-12 03:40:08,TKJ6683,40.069094,32.811043,,,,-24.5
2026-09-12 03:40:38,ETD2,40.284851,32.486755,130.91,516.1,37000,-25.8
2026-09-12 03:40:38,THY6NH,40.220306,32.526855,304.52,423.6,38000,-26.0
2026-09-12 03:40:38,PGT50FT,40.120377,32.584656,,,,-22.8
2026-09-12 03:40:38,TKJ6683,40.069094,32.811043,,,,-24.5
2026-09-12 03:41:08,ETD2,40.284851,32.486755,130.91,516.1,37000,-25.8
2026-09-12 03:41:08,THY6NH,40.220306,32.526855,304.52,423.6,38000,-26.0
2026-09-12 03:41:08,PGT50FT,40.120377,32.584656,,,,-22.8
2026-09-12 03:41:08,TKJ6683,40.069094,32.811043,,,,-24.5
2026-09-12 03:41:38,ETD2,40.284851,32.486755,130.91,516.1,37000,-25.8
2026-09-12 03:41:38,THY6NH,40.220306,32.526855,304.52,423.6,38000,-26.0
2026-09-12 03:41:38,PGT50FT,40.120377,32.584656,,,,-22.8
2026-09-12 03:41:38,TKJ6683,40.069094,32.811043,,,,-24.5
2026-09-12 03:42:08,ETD2,40.284851,32.486755,130.91,516.1,37000,-25.8
2026-09-12 03:42:08,THY6NH,40.220306,32.526855,304.52,423.6,38000,-26.0
2026-09-12 03:42:08,PGT50FT,40.120377,32.584656,,,,-22.8
2026-09-12 03:42:08,TKJ6683,40.069094,32.811043,,,,-24.5
2026-09-12 03:42:38,ETD2,40.284851,32.486755,130.91,516.1,37000,-25.8
2026-09-12 03:42:38,THY6NH,40.220306,32.526855,304.52,423.6,38000,-26.0
2026-09-12 03:42:38,PGT50FT,40.120377,32.584656,,,,-22.8
2026-09-12 03:42:38,TKJ6683,40.069094,32.811043,,,,-24.5
2026-09-12 03:43:08,ETD2,40.284851,32.486755,130.91,516.1,37000,-25.8
2026-09-12 03:43:08,THY6NH,40.220306,32.526855,304.52,423.6,38000,-26.0
2026-09-12 03:43:08,PGT50FT,40.120377,32.584656,,,,-22.8
2026-09-12 03:43:08,TKJ6683,40.069094,32.811043,,,,-24.5
2026-09-12 03:43:38,ETD2,40.284851,32.486755,130.91,516.1,37000,-25.8
2026-09-12 03:43:38,THY6NH,40.220306,32.526855,304.52,423.6,38000,-26.0
2026-09-12 03:43:38,PGT50FT,40.120377,32.584656,,,,-22.8
2026-09-12 03:43:38,TKJ6683,40.069094,32.811043,,,,-24.5
2026-09-12 03:44:08,ETD2,40.284851,32.486755,130.91,516.1,37000,-25.8
2026-09-12 03:44:08,THY6NH,40.220306,32.526855,304.52,423.6,38000,-26.0
2026-09-12 03:44:08,PGT50FT,40.120377,32.584656,,,,-22.8
2026-09-12 03:44:08,TKJ6683,40.069094,32.811043,,,,-24.5
2026-09-12 03:44:38,ETD2,40.284851,32.486755,130.91,516.1,37000,-25.8
2026-09-12 03:44:38,THY6NH,40.220306,32.526855,304.52,423.6,38000,-26.0
2026-09-12 03:44:38,PGT50FT,40.120377,32.584656,,,,-22.8
2026-09-12 03:44:38,TKJ6683,40.069094,32.811043,,,,-24.5
2026-09-12 03:45:09,ETD2,40.284851,32.486755,130.91,516.1,37000,-25.8
2026-09-12 03:45:09,THY6NH,40.220306,32.526855,304.52,423.6,38000,-26.0
2026-09-12 03:45:09,PGT50FT,40.120377,32.584656,,,,-22.8
2026-09-12 03:45:09,TKJ6683,40.069094,32.811043,,,,-24.5
2026-09-12 03:45:39,ETD2,40.284851,32.486755,130.91,516.1,37000,-25.8
2026-09-12 03:45:39,THY6NH,40.220306,32.526855,304.52,423.6,38000,-26.0
2026-09-12 03:45:39,PGT50FT,40.120377,32.584656,,,,-22.8
2026-09-12 03:45:39,TKJ6683,40.069094,32.811043,,,,-24.5
2026-09-12 03:46:09,ETD2,40.284851,32.486755,130.91,516.1,37000,-25.8
2026-09-12 03:46:09,THY6NH,40.220306,32.526855,304.52,423.6,38000,-26.0
2026-09-12 03:46:09,PGT50FT,40.120377,32.584656,,,,-22.8
2026-09-12 03:46:09,TKJ6683,40.069094,32.811043,,,,-24.5
2026-09-12 03:46:39,ETD2,40.284851,32.486755,130.91,516.1,37000,-25.8
2026-09-12 03:46:39,THY6NH,40.220306,32.526855,304.52,423.6,38000,-26.0
2026-09-12 03:46:39,PGT50FT,40.120377,32.584656,,,,-22.8
2026-09-12 03:46:39,TKJ6683,40.069094,32.811043,,,,-24.5
2026-09-12 03:47:09,ETD2,40.284851,32.486755,130.91,516.1,37000,-25.8
2026-09-12 03:47:09,THY6NH,40.220306,32.526855,304.52,423.6,38000,-26.0
2026-09-12 03:47:09,PGT50FT,40.120377,32.584656,,,,-22.8
2026-09-12 03:47:09,TKJ6683,40.069094,32.811043,,,,-24.5
2026-09-12 03:47:39,ETD2,40.284851,32.486755,130.91,516.1,37000,-25.8
2026-09-12 03:47:39,THY6NH,40.220306,32.526855,304.52,423.6,38000,-26.0
2026-09-12 03:47:39,PGT50FT,40.120377,32.584656,,,,-22.8
2026-09-12 03:47:39,TKJ6683,40.069094,32.811043,,,,-24.5
2026-09-12 03:48:09,ETD2,40.284851,32.486755,130.91,516.1,37000,-25.8
2026-09-12 03:48:09,THY6NH,40.220306,32.526855,304.52,423.6,38000,-26.0
2026-09-12 03:48:09,PGT50FT,40.120377,32.584656,,,,-22.8
2026-09-12 03:48:09,TKJ6683,40.069094,32.811043,,,,-24.5
2026-09-12 03:48:39,ETD2,40.284851,32.486755,130.91,516.1,37000,-25.8
2026-09-12 03:48:39,THY6NH,40.220306,32.526855,304.52,423.6,38000,-26.0
2026-09-12 03:48:39,PGT50FT,40.120377,32.584656,,,,-22.8
2026-09-12 03:48:39,TKJ6683,40.069094,32.811043,,,,-24.5
2026-09-12 03:49:09,ETD2,40.284851,32.486755,130.91,516.1,37000,-25.8
2026-09-12 03:49:09,THY6NH,40.220306,32.526855,304.52,423.6,38000,-26.0
2026-09-12 03:49:09,PGT50FT,40.120377,32.584656,,,,-22.8
2026-09-12 03:49:09,TKJ6683,40.069094,32.811043,,,,-24.5
2026-09-12 03:49:39,ETD2,40.284851,32.486755,130.91,516.1,37000,-25.8
2026-09-12 03:49:39,THY6NH,40.220306,32.526855,304.52,423.6,38000,-26.0
2026-09-12 03:49:39,PGT50FT,40.120377,32.584656,,,,-22.8
2026-09-12 03:49:39,TKJ6683,40.069094,32.811043,,,,-24.5
2026-09-12 03:50:09,ETD2,40.284851,32.486755,130.91,516.1,37000,-25.8
2026-09-12 03:50:09,THY6NH,40.220306,32.526855,304.52,423.6,38000,-26.0
2026-09-12 03:50:09,PGT50FT,40.120377,32.584656,,,,-22.8
2026-09-12 03:50:09,TKJ6683,40.069094,32.811043,,,,-24.5
2026-09-12 03:50:39,ETD2,40.284851,32.486755,130.91,516.1,37000,-25.8
2026-09-12 03:50:39,THY6NH,40.220306,32.526855,304.52,423.6,38000,-26.0
2026-09-12 03:50:39,PGT50FT,40.120377,32.584656,,,,-22.8
2026-09-12 03:50:39,TKJ6683,40.069094,32.811043,,,,-24.5
2026-09-12 03:51:10,ETD2,40.284851,32.486755,130.91,516.1,37000,-25.8
2026-09-12 03:51:10,THY6NH,40.220306,32.526855,304.52,423.6,38000,-26.0
2026-09-12 03:51:10,PGT50FT,40.120377,32.584656,,,,-22.8
2026-09-12 03:51:10,TKJ6683,40.069094,32.811043,,,,-24.5
2026-09-12 03:51:40,ETD2,40.284851,32.486755,130.91,516.1,37000,-25.8
2026-09-12 03:51:40,THY6NH,40.220306,32.526855,304.52,423.6,38000,-26.0
2026-09-12 03:51:40,PGT50FT,40.120377,32.584656,,,,-22.8
2026-09-12 03:51:40,TKJ6683,40.069094,32.811043,,,,-24.5
2026-09-12 03:52:10,ETD2,40.284851,32.486755,130.91,516.1,37000,-25.8
2026-09-12 03:52:10,THY6NH,40.220306,32.526855,304.52,423.6,38000,-26.0
2026-09-12 03:52:10,PGT50FT,40.120377,32.584656,,,,-22.8
2026-09-12 03:52:10,TKJ6683,40.069094,32.811043,,,,-24.5
2026-09-12 03:52:40,ETD2,40.284851,32.486755,130.91,516.1,37000,-25.8
2026-09-12 03:52:40,THY6NH,40.220306,32.526855,304.52,423.6,38000,-26.0
2026-09-12 03:52:40,PGT50FT,40.120377,32.584656,,,,-22.8
2026-09-12 03:52:40,TKJ6683,40.069094,32.811043,,,,-24.5
2026-09-12 03:53:10,ETD2,40.284851,32.486755,130.91,516.1,37000,-25.8
2026-09-12 03:53:10,THY6NH,40.220306,32.526855,304.52,423.6,38000,-26.0
2026-09-12 03:53:10,PGT50FT,40.120377,32.584656,,,,-22.8
2026-09-12 03:53:10,TKJ6683,40.069094,32.811043,,,,-24.5
2026-09-12 03:53:40,ETD2,40.284851,32.486755,130.91,516.1,37000,-25.8
2026-09-12 03:53:40,THY6NH,40.220306,32.526855,304.52,423.6,38000,-26.0
2026-09-12 03:53:40,PGT50FT,40.120377,32.584656,,,,-22.8
2026-09-12 03:53:40,TKJ6683,40.069094,32.811043,,,,-24.5
2026-09-12 03:54:10,ETD2,40.284851,32.486755,130.91,516.1,37000,-25.8
2026-09-12 03:54:10,THY6NH,40.220306,32.526855,304.52,423.6,38000,-26.0
2026-09-12 03:54:10,PGT50FT,40.120377,32.584656,,,,-22.8
2026-09-12 03:54:10,TKJ6683,40.069094,32.811043,,,,-24.5
2026-09-12 03:54:40,ETD2,40.284851,32.486755,130.91,516.1,37000,-25.8
2026-09-12 03:54:40,THY6NH,40.220306,32.526855,304.52,423.6,38000,-26.0
2026-09-12 03:54:40,PGT50FT,40.120377,32.584656,,,,-22.8
2026-09-12 03:54:40,TKJ6683,40.069094,32.811043,,,,-24.5
2026-09-12 03:55:10,ETD2,40.284851,32.486755,130.91,516.1,37000,-25.8
2026-09-12 03:55:10,THY6NH,40.220306,32.526855,304.52,423.6,38000,-26.0
2026-09-12 03:55:10,PGT50FT,40.120377,32.584656,,,,-22.8
2026-09-12 03:55:10,TKJ6683,40.069094,32.811043,,,,-24.5
2026-09-12 03:55:40,ETD2,40.284851,32.486755,130.91,516.1,37000,-25.8
2026-09-12 03:55:40,THY6NH,40.220306,32.526855,304.52,423.6,38000,-26.0
2026-09-12 03:55:40,PGT50FT,40.120377,32.584656,,,,-22.8
2026-09-12 03:55:40,TKJ6683,40.069094,32.811043,,,,-24.5
2026-09-12 03:56:10,ETD2,40.284851,32.486755,130.91,516.1,37000,-25.8
2026-09-12 03:56:10,THY6NH,40.220306,32.526855,304.52,423.6,38000,-26.0
2026-09-12 03:56:10,PGT50FT,40.120377,32.584656,,,,-22.8
2026-09-12 03:56:10,TKJ6683,40.069094,32.811043,,,,-24.5
2026-09-12 03:56:40,ETD2,40.284851,32.486755,130.91,516.1,37000,-25.8
2026-09-12 03:56:40,THY6NH,40.220306,32.526855,304.52,423.6,38000,-26.0
2026-09-12 03:56:40,PGT50FT,40.120377,32.584656,,,,-22.8
2026-09-12 03:56:40,TKJ6683,40.069094,32.811043,,,,-24.5
2026-09-12 03:57:11,ETD2,40.284851,32.486755,130.91,516.1,37000,-25.8
2026-09-12 03:57:11,THY6NH,40.220306,32.526855,304.52,423.6,38000,-26.0
2026-09-12 03:57:11,PGT50FT,40.120377,32.584656,,,,-22.8
2026-09-12 03:57:11,TKJ6683,40.069094,32.811043,,,,-24.5
2026-09-12 03:57:41,ETD2,40.284851,32.486755,130.91,516.1,37000,-25.8
2026-09-12 03:57:41,THY6NH,40.220306,32.526855,304.52,423.6,38000,-26.0
2026-09-12 03:57:41,PGT50FT,40.120377,32.584656,,,,-22.8
2026-09-12 03:57:41,TKJ6683,40.069094,32.811043,,,,-24.5
2026-09-12 03:58:11,ETD2,40.284851,32.486755,130.91,516.1,37000,-25.8
2026-09-12 03:58:11,THY6NH,40.220306,32.526855,304.52,423.6,38000,-26.0
2026-09-12 03:58:11,PGT50FT,40.120377,32.584656,,,,-22.8
2026-09-12 03:58:11,TKJ6683,40.069094,32.811043,,,,-24.5
2026-09-12 03:58:41,ETD2,40.284851,32.486755,130.91,516.1,37000,-25.8
2026-09-12 03:58:41,THY6NH,40.220306,32.526855,304.52,423.6,38000,-26.0
2026-09-12 03:58:41,PGT50FT,40.120377,32.584656,,,,-22.8
2026-09-12 03:58:41,TKJ6683,40.069094,32.811043,,,,-24.5
2026-09-12 03:59:11,ETD2,40.284851,32.486755,130.91,516.1,37000,-25.8
2026-09-12 03:59:11,THY6NH,40.220306,32.526855,304.52,423.6,38000,-26.0
2026-09-12 03:59:11,PGT50FT,40.120377,32.584656,,,,-22.8
2026-09-12 03:59:11,TKJ6683,40.069094,32.811043,,,,-24.5
2026-09-12 03:59:41,ETD2,40.284851,32.486755,130.91,516.1,37000,-25.8
2026-09-12 03:59:41,THY6NH,40.220306,32.526855,304.52,423.6,38000,-26.0
2026-09-12 03:59:41,PGT50FT,40.120377,32.584656,,,,-22.8
2026-09-12 03:59:41,TKJ6683,40.069094,32.811043,,,,-24.5
2026-09-12 04:00:11,ETD2,40.284851,32.486755,130.91,516.1,37000,-25.8
2026-09-12 04:00:11,THY6NH,40.220306,32.526855,304.52,423.6,38000,-26.0
2026-09-12 04:00:11,PGT50FT,40.120377,32.584656,,,,-22.8
2026-09-12 04:00:11,TKJ6683,40.069094,32.811043,,,,-24.5
2026-09-12 04:00:41,ETD2,40.284851,32.486755,130.91,516.1,37000,-25.8
2026-09-12 04:00:41,THY6NH,40.220306,32.526855,304.52,423.6,38000,-26.0
2026-09-12 04:00:41,PGT50FT,40.120377,32.584656,,,,-22.8
2026-09-12 04:00:41,TKJ6683,40.069094,32.811043,,,,-24.5
2026-09-12 04:01:11,ETD2,40.284851,32.486755,130.91,516.1,37000,-25.8
2026-09-12 04:01:11,THY6NH,40.220306,32.526855,304.52,423.6,38000,-26.0
2026-09-12 04:01:11,PGT50FT,40.120377,32.584656,,,,-22.8
2026-09-12 04:01:11,TKJ6683,40.069094,32.811043,,,,-24.5
2026-09-12 04:01:41,ETD2,40.284851,32.486755,130.91,516.1,37000,-25.8
2026-09-12 04:01:41,THY6NH,40.220306,32.526855,304.52,423.6,38000,-26.0
2026-09-12 04:01:41,PGT50FT,40.120377,32.584656,,,,-22.8
2026-09-12 04:01:41,TKJ6683,40.069094,32.811043,,,,-24.5
2026-09-12 04:02:11,ETD2,40.284851,32.486755,130.91,516.1,37000,-25.8
2026-09-12 04:02:11,THY6NH,40.220306,32.526855,304.52,423.6,38000,-26.0
2026-09-12 04:02:11,PGT50FT,40.120377,32.584656,,,,-22.8
2026-09-12 04:02:11,TKJ6683,40.069094,32.811043,,,,-24.5
2026-09-12 04:02:41,ETD2,40.284851,32.486755,130.91,516.1,37000,-25.8
2026-09-12 04:02:41,THY6NH,40.220306,32.526855,304.52,423.6,38000,-26.0
2026-09-12 04:02:41,PGT50FT,40.120377,32.584656,,,,-22.8
2026-09-12 04:02:41,TKJ6683,40.069094,32.811043,,,,-24.5
2026-09-12 04:03:12,ETD2,40.284851,32.486755,130.91,516.1,37000,-25.8
2026-09-12 04:03:12,THY6NH,40.220306,32.526855,304.52,423.6,38000,-26.0
2026-09-12 04:03:12,PGT50FT,40.120377,32.584656,,,,-22.8
2026-09-12 04:03:12,TKJ6683,40.069094,32.811043,,,,-24.5
2026-09-12 04:03:42,ETD2,40.284851,32.486755,130.91,516.1,37000,-25.8
2026-09-12 04:03:42,THY6NH,40.220306,32.526855,304.52,423.6,38000,-26.0
2026-09-12 04:03:42,PGT50FT,40.120377,32.584656,,,,-22.8
2026-09-12 04:03:42,TKJ6683,40.069094,32.811043,,,,-24.5
2026-09-12 04:04:12,ETD2,40.284851,32.486755,130.91,516.1,37000,-25.8
2026-09-12 04:04:12,THY6NH,40.220306,32.526855,304.52,423.6,38000,-26.0
2026-09-12 04:04:12,PGT50FT,40.120377,32.584656,,,,-22.8
2026-09-12 04:04:12,TKJ6683,40.069094,32.811043,,,,-24.5
2026-09-12 04:04:42,ETD2,40.284851,32.486755,130.91,516.1,37000,-25.8
2026-09-12 04:04:42,THY6NH,40.220306,32.526855,304.52,423.6,38000,-26.0
2026-09-12 04:04:42,PGT50FT,40.120377,32.584656,,,,-22.8
2026-09-12 04:04:42,TKJ6683,40.069094,32.811043,,,,-24.5
2026-09-12 04:05:12,ETD2,40.284851,32.486755,130.91,516.1,37000,-25.8
2026-09-12 04:05:12,THY6NH,40.220306,32.526855,304.52,423.6,38000,-26.0
2026-09-12 04:05:12,PGT50FT,40.120377,32.584656,,,,-22.8
2026-09-12 04:05:12,TKJ6683,40.069094,32.811043,,,,-24.5
2026-09-12 04:05:42,ETD2,40.284851,32.486755,130.91,516.1,37000,-25.8
2026-09-12 04:05:42,THY6NH,40.220306,32.526855,304.52,423.6,38000,-26.0
2026-09-12 04:05:42,PGT50FT,40.120377,32.584656,,,,-22.8
2026-09-12 04:05:42,TKJ6683,40.069094,32.811043,,,,-24.5
2026-09-12 04:06:12,ETD2,40.284851,32.486755,130.91,516.1,37000,-25.8
2026-09-12 04:06:12,THY6NH,40.220306,32.526855,304.52,423.6,38000,-26.0
2026-09-12 04:06:12,PGT50FT,40.120377,32.584656,,,,-22.8
2026-09-12 04:06:12,TKJ6683,40.069094,32.811043,,,,-24.5
2026-09-12 04:06:42,ETD2,40.284851,32.486755,130.91,516.1,37000,-25.8
2026-09-12 04:06:42,THY6NH,40.220306,32.526855,304.52,423.6,38000,-26.0
2026-09-12 04:06:42,PGT50FT,40.120377,32.584656,,,,-22.8
2026-09-12 04:06:42,TKJ6683,40.069094,32.811043,,,,-24.5
2026-09-12 04:07:12,ETD2,40.284851,32.486755,130.91,516.1,37000,-25.8
2026-09-12 04:07:12,THY6NH,40.220306,32.526855,304.52,423.6,38000,-26.0
2026-09-12 04:07:12,PGT50FT,40.120377,32.584656,,,,-22.8
2026-09-12 04:07:12,TKJ6683,40.069094,32.811043,,,,-24.5
2026-09-12 04:07:42,ETD2,40.284851,32.486755,130.91,516.1,37000,-25.8
2026-09-12 04:07:42,THY6NH,40.220306,32.526855,304.52,423.6,38000,-26.0
2026-09-12 04:07:42,PGT50FT,40.120377,32.584656,,,,-22.8
2026-09-12 04:07:42,TKJ6683,40.069094,32.811043,,,,-24.5
2026-09-12 04:08:12,ETD2,40.284851,32.486755,130.91,516.1,37000,-25.8
2026-09-12 04:08:12,THY6NH,40.220306,32.526855,304.52,423.6,38000,-26.0
2026-09-12 04:08:12,PGT50FT,40.120377,32.584656,,,,-22.8
2026-09-12 04:08:12,TKJ6683,40.069094,32.811043,,,,-24.5
2026-09-12 04:08:42,ETD2,40.284851,32.486755,130.91,516.1,37000,-25.8
2026-09-12 04:08:42,THY6NH,40.220306,32.526855,304.52,423.6,38000,-26.0
2026-09-12 04:08:42,PGT50FT,40.120377,32.584656,,,,-22.8
2026-09-12 04:08:42,TKJ6683,40.069094,32.811043,,,,-24.5
2026-09-12 04:09:13,ETD2,40.284851,32.486755,130.91,516.1,37000,-25.8
2026-09-12 04:09:13,THY6NH,40.220306,32.526855,304.52,423.6,38000,-26.0
2026-09-12 04:09:13,PGT50FT,40.120377,32.584656,,,,-22.8
2026-09-12 04:09:13,TKJ6683,40.069094,32.811043,,,,-24.5
2026-09-12 04:09:43,ETD2,40.284851,32.486755,130.91,516.1,37000,-25.8
2026-09-12 04:09:43,THY6NH,40.220306,32.526855,304.52,423.6,38000,-26.0
2026-09-12 04:09:43,PGT50FT,40.120377,32.584656,,,,-22.8
2026-09-12 04:09:43,TKJ6683,40.069094,32.811043,,,,-24.5
2026-09-12 04:10:13,ETD2,40.284851,32.486755,130.91,516.1,37000,-25.8
2026-09-12 04:10:13,THY6NH,40.220306,32.526855,304.52,423.6,38000,-26.0
2026-09-12 04:10:13,PGT50FT,40.120377,32.584656,,,,-22.8
2026-09-12 04:10:13,TKJ6683,40.069094,32.811043,,,,-24.5
2026-09-12 04:10:43,ETD2,40.284851,32.486755,130.91,516.1,37000,-25.8
2026-09-12 04:10:43,THY6NH,40.220306,32.526855,304.52,423.6,38000,-26.0
2026-09-12 04:10:43,PGT50FT,40.120377,32.584656,,,,-22.8
2026-09-12 04:10:43,TKJ6683,40.069094,32.811043,,,,-24.5
2026-09-12 04:11:13,ETD2,40.284851,32.486755,130.91,516.1,37000,-25.8
2026-09-12 04:11:13,THY6NH,40.220306,32.526855,304.52,423.6,38000,-26.0
2026-09-12 04:11:13,PGT50FT,40.120377,32.584656,,,,-22.8
2026-09-12 04:11:13,TKJ6683,40.069094,32.811043,,,,-24.5
2026-09-12 04:11:43,ETD2,40.284851,32.486755,130.91,516.1,37000,-25.8
2026-09-12 04:11:43,THY6NH,40.220306,32.526855,304.52,423.6,38000,-26.0
2026-09-12 04:11:43,PGT50FT,40.120377,32.584656,,,,-22.8
2026-09-12 04:11:43,TKJ6683,40.069094,32.811043,,,,-24.5
2026-09-12 04:12:13,ETD2,40.284851,32.486755,130.91,516.1,37000,-25.8
2026-09-12 04:12:13,THY6NH,40.220306,32.526855,304.52,423.6,38000,-26.0
2026-09-12 04:12:13,PGT50FT,40.120377,32.584656,,,,-22.8
2026-09-12 04:12:13,TKJ6683,40.069094,32.811043,,,,-24.5
2026-09-12 04:12:43,ETD2,40.284851,32.486755,130.91,516.1,37000,-25.8
2026-09-12 04:12:43,THY6NH,40.220306,32.526855,304.52,423.6,38000,-26.0
2026-09-12 04:12:43,PGT50FT,40.120377,32.584656,,,,-22.8
2026-09-12 04:12:43,TKJ6683,40.069094,32.811043,,,,-24.5
2026-09-12 04:13:13,ETD2,40.284851,32.486755,130.91,516.1,37000,-25.8
2026-09-12 04:13:13,THY6NH,40.220306,32.526855,304.52,423.6,38000,-26.0
2026-09-12 04:13:13,PGT50FT,40.120377,32.584656,,,,-22.8
2026-09-12 04:13:13,TKJ6683,40.069094,32.811043,,,,-24.5
2026-09-12 04:13:43,ETD2,40.284851,32.486755,130.91,516.1,37000,-25.8
2026-09-12 04:13:43,THY6NH,40.220306,32.526855,304.52,423.6,38000,-26.0
2026-09-12 04:13:43,PGT50FT,40.120377,32.584656,,,,-22.8
2026-09-12 04:13:43,TKJ6683,40.069094,32.811043,,,,-24.5
2026-09-12 04:14:13,ETD2,40.284851,32.486755,130.91,516.1,37000,-25.8
2026-09-12 04:14:13,THY6NH,40.220306,32.526855,304.52,423.6,38000,-26.0
2026-09-12 04:14:13,PGT50FT,40.120377,32.584656,,,,-22.8
2026-09-12 04:14:13,TKJ6683,40.069094,32.811043,,,,-24.5
2026-09-12 04:14:43,ETD2,40.284851,32.486755,130.91,516.1,37000,-25.8
2026-09-12 04:14:43,THY6NH,40.220306,32.526855,304.52,423.6,38000,-26.0
2026-09-12 04:14:43,PGT50FT,40.120377,32.584656,,,,-22.8
2026-09-12 04:14:43,TKJ6683,40.069094,32.811043,,,,-24.5
2026-09-12 04:15:13,ETD2,40.284851,32.486755,130.91,516.1,37000,-25.8
2026-09-12 04:15:13,THY6NH,40.220306,32.526855,304.52,423.6,38000,-26.0
2026-09-12 04:15:13,PGT50FT,40.120377,32.584656,,,,-22.8
2026-09-12 04:15:13,TKJ6683,40.069094,32.811043,,,,-24.5
2026-09-12 04:15:44,ETD2,40.284851,32.486755,130.91,516.1,37000,-25.8
2026-09-12 04:15:44,THY6NH,40.220306,32.526855,304.52,423.6,38000,-26.0
2026-09-12 04:15:44,PGT50FT,40.120377,32.584656,,,,-22.8
2026-09-12 04:15:44,TKJ6683,40.069094,32.811043,,,,-24.5
2026-09-12 04:16:14,ETD2,40.284851,32.486755,130.91,516.1,37000,-25.8
2026-09-12 04:16:14,THY6NH,40.220306,32.526855,304.52,423.6,38000,-26.0
2026-09-12 04:16:14,PGT50FT,40.120377,32.584656,,,,-22.8
2026-09-12 04:16:14,TKJ6683,40.069094,32.811043,,,,-24.5
2026-09-12 04:16:44,ETD2,40.284851,32.486755,130.91,516.1,37000,-25.8
2026-09-12 04:16:44,THY6NH,40.220306,32.526855,304.52,423.6,38000,-26.0
2026-09-12 04:16:44,PGT50FT,40.120377,32.584656,,,,-22.8
2026-09-12 04:16:44,TKJ6683,40.069094,32.811043,,,,-24.5
2026-09-12 04:17:14,ETD2,40.284851,32.486755,130.91,516.1,37000,-25.8
2026-09-12 04:17:14,THY6NH,40.220306,32.526855,304.52,423.6,38000,-26.0
2026-09-12 04:17:14,PGT50FT,40.120377,32.584656,,,,-22.8
2026-09-12 04:17:14,TKJ6683,40.069094,32.811043,,,,-24.5
2026-09-12 04:17:44,ETD2,40.284851,32.486755,130.91,516.1,37000,-25.8
2026-09-12 04:17:44,THY6NH,40.220306,32.526855,304.52,423.6,38000,-26.0
2026-09-12 04:17:44,PGT50FT,40.120377,32.584656,,,,-22.8
2026-09-12 04:17:44,TKJ6683,40.069094,32.811043,,,,-24.5
2026-09-12 04:18:14,ETD2,40.284851,32.486755,130.91,516.1,37000,-25.8
2026-09-12 04:18:14,THY6NH,40.220306,32.526855,304.52,423.6,38000,-26.0
2026-09-12 04:18:14,PGT50FT,40.120377,32.584656,,,,-22.8
2026-09-12 04:18:14,TKJ6683,40.069094,32.811043,,,,-24.5
2026-09-12 04:18:44,ETD2,40.284851,32.486755,130.91,516.1,37000,-25.8
2026-09-12 04:18:44,THY6NH,40.220306,32.526855,304.52,423.6,38000,-26.0
2026-09-12 04:18:44,PGT50FT,40.120377,32.584656,,,,-22.8
2026-09-12 04:18:44,TKJ6683,40.069094,32.811043,,,,-24.5
2026-09-12 04:19:14,ETD2,40.284851,32.486755,130.91,516.1,37000,-25.8
2026-09-12 04:19:14,THY6NH,40.220306,32.526855,304.52,423.6,38000,-26.0
2026-09-12 04:19:14,PGT50FT,40.120377,32.584656,,,,-22.8
2026-09-12 04:19:14,TKJ6683,40.069094,32.811043,,,,-24.5
2026-09-12 04:19:44,ETD2,40.284851,32.486755,130.91,516.1,37000,-25.8
2026-09-12 04:19:44,THY6NH,40.220306,32.526855,304.52,423.6,38000,-26.0
2026-09-12 04:19:44,PGT50FT,40.120377,32.584656,,,,-22.8
2026-09-12 04:19:44,TKJ6683,40.069094,32.811043,,,,-24.5
2026-09-12 04:20:14,ETD2,40.284851,32.486755,130.91,516.1,37000,-25.8
2026-09-12 04:20:14,THY6NH,40.220306,32.526855,304.52,423.6,38000,-26.0
2026-09-12 04:20:14,PGT50FT,40.120377,32.584656,,,,-22.8
2026-09-12 04:20:14,TKJ6683,40.069094,32.811043,,,,-24.5
2026-09-12 04:20:44,ETD2,40.284851,32.486755,130.91,516.1,37000,-25.8
2026-09-12 04:20:44,THY6NH,40.220306,32.526855,304.52,423.6,38000,-26.0
2026-09-12 04:20:44,PGT50FT,40.120377,32.584656,,,,-22.8
2026-09-12 04:20:44,TKJ6683,40.069094,32.811043,,,,-24.5
2026-09-12 04:21:14,ETD2,40.284851,32.486755,130.91,516.1,37000,-25.8
2026-09-12 04:21:14,THY6NH,40.220306,32.526855,304.52,423.6,38000,-26.0
2026-09-12 04:21:14,PGT50FT,40.120377,32.584656,,,,-22.8
2026-09-12 04:21:14,TKJ6683,40.069094,32.811043,,,,-24.5
2026-09-12 04:21:44,ETD2,40.284851,32.486755,130.91,516.1,37000,-25.8
2026-09-12 04:21:44,THY6NH,40.220306,32.526855,304.52,423.6,38000,-26.0
2026-09-12 04:21:44,PGT50FT,40.120377,32.584656,,,,-22.8
2026-09-12 04:21:44,TKJ6683,40.069094,32.811043,,,,-24.5
2026-09-12 04:22:15,ETD2,40.284851,32.486755,130.91,516.1,37000,-25.8
2026-09-12 04:22:15,THY6NH,40.220306,32.526855,304.52,423.6,38000,-26.0
2026-09-12 04:22:15,PGT50FT,40.120377,32.584656,,,,-22.8
2026-09-12 04:22:15,TKJ6683,40.069094,32.811043,,,,-24.5
2026-09-12 04:22:45,ETD2,40.284851,32.486755,130.91,516.1,37000,-25.8
2026-09-12 04:22:45,THY6NH,40.220306,32.526855,304.52,423.6,38000,-26.0
2026-09-12 04:22:45,PGT50FT,40.120377,32.584656,,,,-22.8
2026-09-12 04:22:45,TKJ6683,40.069094,32.811043,,,,-24.5
2026-09-12 04:23:15,ETD2,40.284851,32.486755,130.91,516.1,37000,-25.8
2026-09-12 04:23:15,THY6NH,40.220306,32.526855,304.52,423.6,38000,-26.0
2026-09-12 04:23:15,PGT50FT,40.120377,32.584656,,,,-22.8
2026-09-12 04:23:15,TKJ6683,40.069094,32.811043,,,,-24.5
2026-09-12 04:23:45,ETD2,40.284851,32.486755,130.91,516.1,37000,-25.8
2026-09-12 04:23:45,THY6NH,40.220306,32.526855,304.52,423.6,38000,-26.0
2026-09-12 04:23:45,PGT50FT,40.120377,32.584656,,,,-22.8
2026-09-12 04:23:45,TKJ6683,40.069094,32.811043,,,,-24.5
2026-09-12 04:24:15,ETD2,40.284851,32.486755,130.91,516.1,37000,-25.8
2026-09-12 04:24:15,THY6NH,40.220306,32.526855,304.52,423.6,38000,-26.0
2026-09-12 04:24:15,PGT50FT,40.120377,32.584656,,,,-22.8
2026-09-12 04:24:15,TKJ6683,40.069094,32.811043,,,,-24.5
2026-09-12 04:24:45,ETD2,40.284851,32.486755,130.91,516.1,37000,-25.8
2026-09-12 04:24:45,THY6NH,40.220306,32.526855,304.52,423.6,38000,-26.0
2026-09-12 04:24:45,PGT50FT,40.120377,32.584656,,,,-22.8
2026-09-12 04:24:45,TKJ6683,40.069094,32.811043,,,,-24.5
2026-09-12 04:25:15,ETD2,40.284851,32.486755,130.91,516.1,37000,-25.8
2026-09-12 04:25:15,THY6NH,40.220306,32.526855,304.52,423.6,38000,-26.0
2026-09-12 04:25:15,PGT50FT,40.120377,32.584656,,,,-22.8
2026-09-12 04:25:15,TKJ6683,40.069094,32.811043,,,,-24.5
2026-09-12 04:25:45,ETD2,40.284851,32.486755,130.91,516.1,37000,-25.8
2026-09-12 04:25:45,THY6NH,40.220306,32.526855,304.52,423.6,38000,-26.0
2026-09-12 04:25:45,PGT50FT,40.120377,32.584656,,,,-22.8
2026-09-12 04:25:45,TKJ6683,40.069094,32.811043,,,,-24.5
2026-09-12 04:26:15,ETD2,40.284851,32.486755,130.91,516.1,37000,-25.8
2026-09-12 04:26:15,THY6NH,40.220306,32.526855,304.52,423.6,38000,-26.0
2026-09-12 04:26:15,PGT50FT,40.120377,32.584656,,,,-22.8
2026-09-12 04:26:15,TKJ6683,40.069094,32.811043,,,,-24.5
2026-09-12 04:26:45,ETD2,40.284851,32.486755,130.91,516.1,37000,-25.8
2026-09-12 04:26:45,THY6NH,40.220306,32.526855,304.52,423.6,38000,-26.0
2026-09-12 04:26:45,PGT50FT,40.120377,32.584656,,,,-22.8
2026-09-12 04:26:45,TKJ6683,40.069094,32.811043,,,,-24.5
2026-09-12 04:27:15,ETD2,40.284851,32.486755,130.91,516.1,37000,-25.8
2026-09-12 04:27:15,THY6NH,40.220306,32.526855,304.52,423.6,38000,-26.0
2026-09-12 04:27:15,PGT50FT,40.120377,32.584656,,,,-22.8
2026-09-12 04:27:15,TKJ6683,40.069094,32.811043,,,,-24.5
2026-09-12 04:27:45,ETD2,40.284851,32.486755,130.91,516.1,37000,-25.8
2026-09-12 04:27:45,THY6NH,40.220306,32.526855,304.52,423.6,38000,-26.0
2026-09-12 04:27:45,PGT50FT,40.120377,32.584656,,,,-22.8
2026-09-12 04:27:45,TKJ6683,40.069094,32.811043,,,,-24.5
2026-09-12 04:28:15,ETD2,40.284851,32.486755,130.91,516.1,37000,-25.8
2026-09-12 04:28:15,THY6NH,40.220306,32.526855,304.52,423.6,38000,-26.0
2026-09-12 04:28:15,PGT50FT,40.120377,32.584656,,,,-22.8
2026-09-12 04:28:15,TKJ6683,40.069094,32.811043,,,,-24.5
2026-09-12 04:28:46,ETD2,40.284851,32.486755,130.91,516.1,37000,-25.8
2026-09-12 04:28:46,THY6NH,40.220306,32.526855,304.52,423.6,38000,-26.0
2026-09-12 04:28:46,PGT50FT,40.120377,32.584656,,,,-22.8
2026-09-12 04:28:46,TKJ6683,40.069094,32.811043,,,,-24.5
2026-09-12 04:29:16,ETD2,40.284851,32.486755,130.91,516.1,37000,-25.8
2026-09-12 04:29:16,THY6NH,40.220306,32.526855,304.52,423.6,38000,-26.0
2026-09-12 04:29:16,PGT50FT,40.120377,32.584656,,,,-22.8
2026-09-12 04:29:16,TKJ6683,40.069094,32.811043,,,,-24.5
2026-09-12 04:29:46,ETD2,40.284851,32.486755,130.91,516.1,37000,-25.8
2026-09-12 04:29:46,THY6NH,40.220306,32.526855,304.52,423.6,38000,-26.0
2026-09-12 04:29:46,PGT50FT,40.120377,32.584656,,,,-22.8
2026-09-12 04:29:46,TKJ6683,40.069094,32.811043,,,,-24.5
2026-09-12 04:30:16,ETD2,40.284851,32.486755,130.91,516.1,37000,-25.8
2026-09-12 04:30:16,THY6NH,40.220306,32.526855,304.52,423.6,38000,-26.0
2026-09-12 04:30:16,PGT50FT,40.120377,32.584656,,,,-22.8
2026-09-12 04:30:16,TKJ6683,40.069094,32.811043,,,,-24.5
2026-09-12 04:30:46,ETD2,40.284851,32.486755,130.91,516.1,37000,-25.8
2026-09-12 04:30:46,THY6NH,40.220306,32.526855,304.52,423.6,38000,-26.0
2026-09-12 04:30:46,PGT50FT,40.120377,32.584656,,,,-22.8
2026-09-12 04:30:46,TKJ6683,40.069094,32.811043,,,,-24.5
2026-09-12 04:31:16,ETD2,40.284851,32.486755,130.91,516.1,37000,-25.8
2026-09-12 04:31:16,THY6NH,40.220306,32.526855,304.52,423.6,38000,-26.0
2026-09-12 04:31:16,PGT50FT,40.120377,32.584656,,,,-22.8
2026-09-12 04:31:16,TKJ6683,40.069094,32.811043,,,,-24.5
2026-09-12 04:31:46,ETD2,40.284851,32.486755,130.91,516.1,37000,-25.8
2026-09-12 04:31:46,THY6NH,40.220306,32.526855,304.52,423.6,38000,-26.0
2026-09-12 04:31:46,PGT50FT,40.120377,32.584656,,,,-22.8
2026-09-12 04:31:46,TKJ6683,40.069094,32.811043,,,,-24.5
2026-09-12 04:32:16,ETD2,40.284851,32.486755,130.91,516.1,37000,-25.8
2026-09-12 04:32:16,THY6NH,40.220306,32.526855,304.52,423.6,38000,-26.0
2026-09-12 04:32:16,PGT50FT,40.120377,32.584656,,,,-22.8
2026-09-12 04:32:16,TKJ6683,40.069094,32.811043,,,,-24.5
2026-09-12 04:32:46,ETD2,40.284851,32.486755,130.91,516.1,37000,-25.8
2026-09-12 04:32:46,THY6NH,40.220306,32.526855,304.52,423.6,38000,-26.0
2026-09-12 04:32:46,PGT50FT,40.120377,32.584656,,,,-22.8
2026-09-12 04:32:46,TKJ6683,40.069094,32.811043,,,,-24.5
2026-09-12 04:33:16,ETD2,40.284851,32.486755,130.91,516.1,37000,-25.8
2026-09-12 04:33:16,THY6NH,40.220306,32.526855,304.52,423.6,38000,-26.0
2026-09-12 04:33:16,PGT50FT,40.120377,32.584656,,,,-22.8
2026-09-12 04:33:16,TKJ6683,40.069094,32.811043,,,,-24.5
2026-09-12 04:33:46,ETD2,40.284851,32.486755,130.91,516.1,37000,-25.8
2026-09-12 04:33:46,THY6NH,40.220306,32.526855,304.52,423.6,38000,-26.0
2026-09-12 04:33:46,PGT50FT,40.120377,32.584656,,,,-22.8
2026-09-12 04:33:46,TKJ6683,40.069094,32.811043,,,,-24.5
2026-09-12 04:34:16,ETD2,40.284851,32.486755,130.91,516.1,37000,-25.8
2026-09-12 04:34:16,THY6NH,40.220306,32.526855,304.52,423.6,38000,-26.0
2026-09-12 04:34:16,PGT50FT,40.120377,32.584656,,,,-22.8
2026-09-12 04:34:16,TKJ6683,40.069094,32.811043,,,,-24.5
2026-09-12 04:34:47,ETD2,40.284851,32.486755,130.91,516.1,37000,-25.8
2026-09-12 04:34:47,THY6NH,40.220306,32.526855,304.52,423.6,38000,-26.0
2026-09-12 04:34:47,PGT50FT,40.120377,32.584656,,,,-22.8
2026-09-12 04:34:47,TKJ6683,40.069094,32.811043,,,,-24.5
2026-09-12 04:35:17,ETD2,40.284851,32.486755,130.91,516.1,37000,-25.8
2026-09-12 04:35:17,THY6NH,40.220306,32.526855,304.52,423.6,38000,-26.0
2026-09-12 04:35:17,PGT50FT,40.120377,32.584656,,,,-22.8
2026-09-12 04:35:17,TKJ6683,40.069094,32.811043,,,,-24.5
2026-09-12 04:35:47,ETD2,40.284851,32.486755,130.91,516.1,37000,-25.8
2026-09-12 04:35:47,THY6NH,40.220306,32.526855,304.52,423.6,38000,-26.0
2026-09-12 04:35:47,PGT50FT,40.120377,32.584656,,,,-22.8
2026-09-12 04:35:47,TKJ6683,40.069094,32.811043,,,,-24.5
2026-09-12 04:36:17,ETD2,40.284851,32.486755,130.91,516.1,37000,-25.8
2026-09-12 04:36:17,THY6NH,40.220306,32.526855,304.52,423.6,38000,-26.0
2026-09-12 04:36:17,PGT50FT,40.120377,32.584656,,,,-22.8
2026-09-12 04:36:17,TKJ6683,40.069094,32.811043,,,,-24.5
2026-09-12 04:36:47,ETD2,40.284851,32.486755,130.91,516.1,37000,-25.8
2026-09-12 04:36:47,THY6NH,40.220306,32.526855,304.52,423.6,38000,-26.0
2026-09-12 04:36:47,PGT50FT,40.120377,32.584656,,,,-22.8
2026-09-12 04:36:47,TKJ6683,40.069094,32.811043,,,,-24.5
2026-09-12 04:37:17,ETD2,40.284851,32.486755,130.91,516.1,37000,-25.8
2026-09-12 04:37:17,THY6NH,40.220306,32.526855,304.52,423.6,38000,-26.0
2026-09-12 04:37:17,PGT50FT,40.120377,32.584656,,,,-22.8
2026-09-12 04:37:17,TKJ6683,40.069094,32.811043,,,,-24.5
2026-09-12 04:37:47,ETD2,40.284851,32.486755,130.91,516.1,37000,-25.8
2026-09-12 04:37:47,THY6NH,40.220306,32.526855,304.52,423.6,38000,-26.0
2026-09-12 04:37:47,PGT50FT,40.120377,32.584656,,,,-22.8
2026-09-12 04:37:47,TKJ6683,40.069094,32.811043,,,,-24.5
2026-09-12 04:38:17,ETD2,40.284851,32.486755,130.91,516.1,37000,-25.8
2026-09-12 04:38:17,THY6NH,40.220306,32.526855,304.52,423.6,38000,-26.0
2026-09-12 04:38:17,PGT50FT,40.120377,32.584656,,,,-22.8
2026-09-12 04:38:17,TKJ6683,40.069094,32.811043,,,,-24.5
2026-09-12 04:38:47,ETD2,40.284851,32.486755,130.91,516.1,37000,-25.8
2026-09-12 04:38:47,THY6NH,40.220306,32.526855,304.52,423.6,38000,-26.0
2026-09-12 04:38:47,PGT50FT,40.120377,32.584656,,,,-22.8
2026-09-12 04:38:47,TKJ6683,40.069094,32.811043,,,,-24.5
2026-09-12 04:39:17,ETD2,40.284851,32.486755,130.91,516.1,37000,-25.8
2026-09-12 04:39:17,THY6NH,40.220306,32.526855,304.52,423.6,38000,-26.0
2026-09-12 04:39:17,PGT50FT,40.120377,32.584656,,,,-22.8
2026-09-12 04:39:17,TKJ6683,40.069094,32.811043,,,,-24.5
2026-09-12 04:39:47,ETD2,40.284851,32.486755,130.91,516.1,37000,-25.8
2026-09-12 04:39:47,THY6NH,40.220306,32.526855,304.52,423.6,38000,-26.0
2026-09-12 04:39:47,PGT50FT,40.120377,32.584656,,,,-22.8
2026-09-12 04:39:47,TKJ6683,40.069094,32.811043,,,,-24.5
2026-09-12 04:40:17,ETD2,40.284851,32.486755,130.91,516.1,37000,-25.8
2026-09-12 04:40:17,THY6NH,40.220306,32.526855,304.52,423.6,38000,-26.0
2026-09-12 04:40:17,PGT50FT,40.120377,32.584656,,,,-22.8
2026-09-12 04:40:17,TKJ6683,40.069094,32.811043,,,,-24.5
2026-09-12 04:40:47,ETD2,40.284851,32.486755,130.91,516.1,37000,-25.8
2026-09-12 04:40:47,THY6NH,40.220306,32.526855,304.52,423.6,38000,-26.0
2026-09-12 04:40:47,PGT50FT,40.120377,32.584656,,,,-22.8
2026-09-12 04:40:47,TKJ6683,40.069094,32.811043,,,,-24.5
2026-09-12 04:41:17,ETD2,40.284851,32.486755,130.91,516.1,37000,-25.8
2026-09-12 04:41:17,THY6NH,40.220306,32.526855,304.52,423.6,38000,-26.0
2026-09-12 04:41:17,PGT50FT,40.120377,32.584656,,,,-22.8
2026-09-12 04:41:17,TKJ6683,40.069094,32.811043,,,,-24.5
2026-09-12 04:41:48,ETD2,40.284851,32.486755,130.91,516.1,37000,-25.8
2026-09-12 04:41:48,THY6NH,40.220306,32.526855,304.52,423.6,38000,-26.0
2026-09-12 04:41:48,PGT50FT,40.120377,32.584656,,,,-22.8
2026-09-12 04:41:48,TKJ6683,40.069094,32.811043,,,,-24.5
2026-09-12 04:42:18,ETD2,40.284851,32.486755,130.91,516.1,37000,-25.8
2026-09-12 04:42:18,THY6NH,40.220306,32.526855,304.52,423.6,38000,-26.0
2026-09-12 04:42:18,PGT50FT,40.120377,32.584656,,,,-22.8
2026-09-12 04:42:18,TKJ6683,40.069094,32.811043,,,,-24.5
2026-09-12 04:42:48,ETD2,40.284851,32.486755,130.91,516.1,37000,-25.8
2026-09-12 04:42:48,THY6NH,40.220306,32.526855,304.52,423.6,38000,-26.0
2026-09-12 04:42:48,PGT50FT,40.120377,32.584656,,,,-22.8
2026-09-12 04:42:48,TKJ6683,40.069094,32.811043,,,,-24.5
2026-09-12 04:43:18,ETD2,40.284851,32.486755,130.91,516.1,37000,-25.8
2026-09-12 04:43:18,THY6NH,40.220306,32.526855,304.52,423.6,38000,-26.0
2026-09-12 04:43:18,PGT50FT,40.120377,32.584656,,,,-22.8
2026-09-12 04:43:18,TKJ6683,40.069094,32.811043,,,,-24.5
2026-09-12 04:43:48,ETD2,40.284851,32.486755,130.91,516.1,37000,-25.8
2026-09-12 04:43:48,THY6NH,40.220306,32.526855,304.52,423.6,38000,-26.0
2026-09-12 04:43:48,PGT50FT,40.120377,32.584656,,,,-22.8
2026-09-12 04:43:48,TKJ6683,40.069094,32.811043,,,,-24.5
2026-09-12 04:44:18,ETD2,40.284851,32.486755,130.91,516.1,37000,-25.8
2026-09-12 04:44:18,THY6NH,40.220306,32.526855,304.52,423.6,38000,-26.0
2026-09-12 04:44:18,PGT50FT,40.120377,32.584656,,,,-22.8
2026-09-12 04:44:18,TKJ6683,40.069094,32.811043,,,,-24.5
2026-09-12 04:44:48,ETD2,40.284851,32.486755,130.91,516.1,37000,-25.8
2026-09-12 04:44:48,THY6NH,40.220306,32.526855,304.52,423.6,38000,-26.0
2026-09-12 04:44:48,PGT50FT,40.120377,32.584656,,,,-22.8
2026-09-12 04:44:48,TKJ6683,40.069094,32.811043,,,,-24.5
2026-09-12 04:45:18,ETD2,40.284851,32.486755,130.91,516.1,37000,-25.8
2026-09-12 04:45:18,THY6NH,40.220306,32.526855,304.52,423.6,38000,-26.0
2026-09-12 04:45:18,PGT50FT,40.120377,32.584656,,,,-22.8
2026-09-12 04:45:18,TKJ6683,40.069094,32.811043,,,,-24.5
2026-09-12 04:45:48,ETD2,40.284851,32.486755,130.91,516.1,37000,-25.8
2026-09-12 04:45:48,THY6NH,40.220306,32.526855,304.52,423.6,38000,-26.0
2026-09-12 04:45:48,PGT50FT,40.120377,32.584656,,,,-22.8
2026-09-12 04:45:48,TKJ6683,40.069094,32.811043,,,,-24.5
2026-09-12 04:46:18,ETD2,40.284851,32.486755,130.91,516.1,37000,-25.8
2026-09-12 04:46:18,THY6NH,40.220306,32.526855,304.52,423.6,38000,-26.0
2026-09-12 04:46:18,PGT50FT,40.120377,32.584656,,,,-22.8
2026-09-12 04:46:18,TKJ6683,40.069094,32.811043,,,,-24.5
2026-09-12 04:46:48,ETD2,40.284851,32.486755,130.91,516.1,37000,-25.8
2026-09-12 04:46:48,THY6NH,40.220306,32.526855,304.52,423.6,38000,-26.0
2026-09-12 04:46:48,PGT50FT,40.120377,32.584656,,,,-22.8
2026-09-12 04:46:48,TKJ6683,40.069094,32.811043,,,,-24.5
2026-09-12 04:47:18,ETD2,40.284851,32.486755,130.91,516.1,37000,-25.8
2026-09-12 04:47:18,THY6NH,40.220306,32.526855,304.52,423.6,38000,-26.0
2026-09-12 04:47:18,PGT50FT,40.120377,32.584656,,,,-22.8
2026-09-12 04:47:18,TKJ6683,40.069094,32.811043,,,,-24.5
2026-09-12 04:47:48,ETD2,40.284851,32.486755,130.91,516.1,37000,-25.8
2026-09-12 04:47:48,THY6NH,40.220306,32.526855,304.52,423.6,38000,-26.0
2026-09-12 04:47:48,PGT50FT,40.120377,32.584656,,,,-22.8
2026-09-12 04:47:48,TKJ6683,40.069094,32.811043,,,,-24.5
2026-09-12 04:48:19,ETD2,40.284851,32.486755,130.91,516.1,37000,-25.8
2026-09-12 04:48:19,THY6NH,40.220306,32.526855,304.52,423.6,38000,-26.0
2026-09-12 04:48:19,PGT50FT,40.120377,32.584656,,,,-22.8
2026-09-12 04:48:19,TKJ6683,40.069094,32.811043,,,,-24.5
2026-09-12 04:48:49,ETD2,40.284851,32.486755,130.91,516.1,37000,-25.8
2026-09-12 04:48:49,THY6NH,40.220306,32.526855,304.52,423.6,38000,-26.0
2026-09-12 04:48:49,PGT50FT,40.120377,32.584656,,,,-22.8
2026-09-12 04:48:49,TKJ6683,40.069094,32.811043,,,,-24.5
2026-09-12 04:49:19,ETD2,40.284851,32.486755,130.91,516.1,37000,-25.8
2026-09-12 04:49:19,THY6NH,40.220306,32.526855,304.52,423.6,38000,-26.0
2026-09-12 04:49:19,PGT50FT,40.120377,32.584656,,,,-22.8
2026-09-12 04:49:19,TKJ6683,40.069094,32.811043,,,,-24.5
2026-09-12 04:49:49,ETD2,40.284851,32.486755,130.91,516.1,37000,-25.8
2026-09-12 04:49:49,THY6NH,40.220306,32.526855,304.52,423.6,38000,-26.0
2026-09-12 04:49:49,PGT50FT,40.120377,32.584656,,,,-22.8
2026-09-12 04:49:49,TKJ6683,40.069094,32.811043,,,,-24.5
2026-09-12 04:50:19,ETD2,40.284851,32.486755,130.91,516.1,37000,-25.8
2026-09-12 04:50:19,THY6NH,40.220306,32.526855,304.52,423.6,38000,-26.0
2026-09-12 04:50:19,PGT50FT,40.120377,32.584656,,,,-22.8
2026-09-12 04:50:19,TKJ6683,40.069094,32.811043,,,,-24.5
2026-09-12 04:50:49,ETD2,40.284851,32.486755,130.91,516.1,37000,-25.8
2026-09-12 04:50:49,THY6NH,40.220306,32.526855,304.52,423.6,38000,-26.0
2026-09-12 04:50:49,PGT50FT,40.120377,32.584656,,,,-22.8
2026-09-12 04:50:49,TKJ6683,40.069094,32.811043,,,,-24.5
2026-09-12 04:51:19,ETD2,40.284851,32.486755,130.91,516.1,37000,-25.8
2026-09-12 04:51:19,THY6NH,40.220306,32.526855,304.52,423.6,38000,-26.0
2026-09-12 04:51:19,PGT50FT,40.120377,32.584656,,,,-22.8
2026-09-12 04:51:19,TKJ6683,40.069094,32.811043,,,,-24.5
2026-09-12 04:51:49,ETD2,40.284851,32.486755,130.91,516.1,37000,-25.8
2026-09-12 04:51:49,THY6NH,40.220306,32.526855,304.52,423.6,38000,-26.0
2026-09-12 04:51:49,PGT50FT,40.120377,32.584656,,,,-22.8
2026-09-12 04:51:49,TKJ6683,40.069094,32.811043,,,,-24.5
2026-09-12 04:52:19,ETD2,40.284851,32.486755,130.91,516.1,37000,-25.8
2026-09-12 04:52:19,THY6NH,40.220306,32.526855,304.52,423.6,38000,-26.0
2026-09-12 04:52:19,PGT50FT,40.120377,32.584656,,,,-22.8
2026-09-12 04:52:19,TKJ6683,40.069094,32.811043,,,,-24.5
2026-09-12 04:52:49,ETD2,40.284851,32.486755,130.91,516.1,37000,-25.8
2026-09-12 04:52:49,THY6NH,40.220306,32.526855,304.52,423.6,38000,-26.0
2026-09-12 04:52:49,PGT50FT,40.120377,32.584656,,,,-22.8
2026-09-12 04:52:49,TKJ6683,40.069094,32.811043,,,,-24.5
2026-09-12 04:53:19,ETD2,40.284851,32.486755,130.91,516.1,37000,-25.8
2026-09-12 04:53:19,THY6NH,40.220306,32.526855,304.52,423.6,38000,-26.0
2026-09-12 04:53:19,PGT50FT,40.120377,32.584656,,,,-22.8
2026-09-12 04:53:19,TKJ6683,40.069094,32.811043,,,,-24.5
2026-09-12 04:53:49,ETD2,40.284851,32.486755,130.91,516.1,37000,-25.8
2026-09-12 04:53:49,THY6NH,40.220306,32.526855,304.52,423.6,38000,-26.0
2026-09-12 04:53:49,PGT50FT,40.120377,32.584656,,,,-22.8
2026-09-12 04:53:49,TKJ6683,40.069094,32.811043,,,,-24.5
2026-09-12 04:54:19,ETD2,40.284851,32.486755,130.91,516.1,37000,-25.8
2026-09-12 04:54:19,THY6NH,40.220306,32.526855,304.52,423.6,38000,-26.0
2026-09-12 04:54:19,PGT50FT,40.120377,32.584656,,,,-22.8
2026-09-12 04:54:19,TKJ6683,40.069094,32.811043,,,,-24.5
2026-09-12 04:54:49,ETD2,40.284851,32.486755,130.91,516.1,37000,-25.8
2026-09-12 04:54:49,THY6NH,40.220306,32.526855,304.52,423.6,38000,-26.0
2026-09-12 04:54:49,PGT50FT,40.120377,32.584656,,,,-22.8
2026-09-12 04:54:49,TKJ6683,40.069094,32.811043,,,,-24.5
2026-09-12 04:55:20,ETD2,40.284851,32.486755,130.91,516.1,37000,-25.8
2026-09-12 04:55:20,THY6NH,40.220306,32.526855,304.52,423.6,38000,-26.0
2026-09-12 04:55:20,PGT50FT,40.120377,32.584656,,,,-22.8
2026-09-12 04:55:20,TKJ6683,40.069094,32.811043,,,,-24.5
2026-09-12 04:55:50,ETD2,40.284851,32.486755,130.91,516.1,37000,-25.8
2026-09-12 04:55:50,THY6NH,40.220306,32.526855,304.52,423.6,38000,-26.0
2026-09-12 04:55:50,PGT50FT,40.120377,32.584656,,,,-22.8
2026-09-12 04:55:50,TKJ6683,40.069094,32.811043,,,,-24.5
2026-09-12 04:56:20,ETD2,40.284851,32.486755,130.91,516.1,37000,-25.8
2026-09-12 04:56:20,THY6NH,40.220306,32.526855,304.52,423.6,38000,-26.0
2026-09-12 04:56:20,PGT50FT,40.120377,32.584656,,,,-22.8
2026-09-12 04:56:20,TKJ6683,40.069094,32.811043,,,,-24.5
2026-09-12 04:56:50,ETD2,40.284851,32.486755,130.91,516.1,37000,-25.8
2026-09-12 04:56:50,THY6NH,40.220306,32.526855,304.52,423.6,38000,-26.0
2026-09-12 04:56:50,PGT50FT,40.120377,32.584656,,,,-22.8
2026-09-12 04:56:50,TKJ6683,40.069094,32.811043,,,,-24.5
2026-09-12 04:57:20,ETD2,40.284851,32.486755,130.91,516.1,37000,-25.8
2026-09-12 04:57:20,THY6NH,40.220306,32.526855,304.52,423.6,38000,-26.0
2026-09-12 04:57:20,PGT50FT,40.120377,32.584656,,,,-22.8
2026-09-12 04:57:20,TKJ6683,40.069094,32.811043,,,,-24.5
2026-09-12 04:57:50,ETD2,40.284851,32.486755,130.91,516.1,37000,-25.8
2026-09-12 04:57:50,THY6NH,40.220306,32.526855,304.52,423.6,38000,-26.0
2026-09-12 04:57:50,PGT50FT,40.120377,32.584656,,,,-22.8
2026-09-12 04:57:50,TKJ6683,40.069094,32.811043,,,,-24.5
2026-09-12 04:58:20,ETD2,40.284851,32.486755,130.91,516.1,37000,-25.8
2026-09-12 04:58:20,THY6NH,40.220306,32.526855,304.52,423.6,38000,-26.0
2026-09-12 04:58:20,PGT50FT,40.120377,32.584656,,,,-22.8
2026-09-12 04:58:20,TKJ6683,40.069094,32.811043,,,,-24.5
2026-09-12 04:58:50,ETD2,40.284851,32.486755,130.91,516.1,37000,-25.8
2026-09-12 04:58:50,THY6NH,40.220306,32.526855,304.52,423.6,38000,-26.0
2026-09-12 04:58:50,PGT50FT,40.120377,32.584656,,,,-22.8
2026-09-12 04:58:50,TKJ6683,40.069094,32.811043,,,,-24.5
2026-09-12 04:59:20,ETD2,40.284851,32.486755,130.91,516.1,37000,-25.8
2026-09-12 04:59:20,THY6NH,40.220306,32.526855,304.52,423.6,38000,-26.0
2026-09-12 04:59:20,PGT50FT,40.120377,32.584656,,,,-22.8
2026-09-12 04:59:20,TKJ6683,40.069094,32.811043,,,,-24.5
2026-09-12 04:59:50,ETD2,40.284851,32.486755,130.91,516.1,37000,-25.8
2026-09-12 04:59:50,THY6NH,40.220306,32.526855,304.52,423.6,38000,-26.0
2026-09-12 04:59:50,PGT50FT,40.120377,32.584656,,,,-22.8
2026-09-12 04:59:50,TKJ6683,40.069094,32.811043,,,,-24.5
2026-09-12 05:00:20,ETD2,40.284851,32.486755,130.91,516.1,37000,-25.8
2026-09-12 05:00:20,THY6NH,40.220306,32.526855,304.52,423.6,38000,-26.0
2026-09-12 05:00:20,PGT50FT,40.120377,32.584656,,,,-22.8
2026-09-12 05:00:20,TKJ6683,40.069094,32.811043,,,,-24.5
2026-09-12 05:00:50,ETD2,40.284851,32.486755,130.91,516.1,37000,-25.8
2026-09-12 05:00:50,THY6NH,40.220306,32.526855,304.52,423.6,38000,-26.0
2026-09-12 05:00:50,PGT50FT,40.120377,32.584656,,,,-22.8
2026-09-12 05:00:50,TKJ6683,40.069094,32.811043,,,,-24.5
2026-09-12 05:01:21,ETD2,40.284851,32.486755,130.91,516.1,37000,-25.8
2026-09-12 05:01:21,THY6NH,40.220306,32.526855,304.52,423.6,38000,-26.0
2026-09-12 05:01:21,PGT50FT,40.120377,32.584656,,,,-22.8
2026-09-12 05:01:21,TKJ6683,40.069094,32.811043,,,,-24.5
2026-09-12 05:01:51,ETD2,40.284851,32.486755,130.91,516.1,37000,-25.8
2026-09-12 05:01:51,THY6NH,40.220306,32.526855,304.52,423.6,38000,-26.0
2026-09-12 05:01:51,PGT50FT,40.120377,32.584656,,,,-22.8
2026-09-12 05:01:51,TKJ6683,40.069094,32.811043,,,,-24.5
2026-09-12 05:02:21,ETD2,40.284851,32.486755,130.91,516.1,37000,-25.8
2026-09-12 05:02:21,THY6NH,40.220306,32.526855,304.52,423.6,38000,-26.0
2026-09-12 05:02:21,PGT50FT,40.120377,32.584656,,,,-22.8
2026-09-12 05:02:21,TKJ6683,40.069094,32.811043,,,,-24.5
2026-09-12 05:02:51,ETD2,40.284851,32.486755,130.91,516.1,37000,-25.8
2026-09-12 05:02:51,THY6NH,40.220306,32.526855,304.52,423.6,38000,-26.0
2026-09-12 05:02:51,PGT50FT,40.120377,32.584656,,,,-22.8
2026-09-12 05:02:51,TKJ6683,40.069094,32.811043,,,,-24.5
2026-09-12 05:03:21,ETD2,40.284851,32.486755,130.91,516.1,37000,-25.8
2026-09-12 05:03:21,THY6NH,40.220306,32.526855,304.52,423.6,38000,-26.0
2026-09-12 05:03:21,PGT50FT,40.120377,32.584656,,,,-22.8
2026-09-12 05:03:21,TKJ6683,40.069094,32.811043,,,,-24.5
2026-09-12 05:03:51,ETD2,40.284851,32.486755,130.91,516.1,37000,-25.8
2026-09-12 05:03:51,THY6NH,40.220306,32.526855,304.52,423.6,38000,-26.0
2026-09-12 05:03:51,PGT50FT,40.120377,32.584656,,,,-22.8
2026-09-12 05:03:51,TKJ6683,40.069094,32.811043,,,,-24.5
2026-09-12 05:04:21,ETD2,40.284851,32.486755,130.91,516.1,37000,-25.8
2026-09-12 05:04:21,THY6NH,40.220306,32.526855,304.52,423.6,38000,-26.0
2026-09-12 05:04:21,PGT50FT,40.120377,32.584656,,,,-22.8
2026-09-12 05:04:21,TKJ6683,40.069094,32.811043,,,,-24.5
2026-09-12 05:04:51,ETD2,40.284851,32.486755,130.91,516.1,37000,-25.8
2026-09-12 05:04:51,THY6NH,40.220306,32.526855,304.52,423.6,38000,-26.0
2026-09-12 05:04:51,PGT50FT,40.120377,32.584656,,,,-22.8
2026-09-12 05:04:51,TKJ6683,40.069094,32.811043,,,,-24.5
2026-09-12 05:05:21,ETD2,40.284851,32.486755,130.91,516.1,37000,-25.8
2026-09-12 05:05:21,THY6NH,40.220306,32.526855,304.52,423.6,38000,-26.0
2026-09-12 05:05:21,PGT50FT,40.120377,32.584656,,,,-22.8
2026-09-12 05:05:21,TKJ6683,40.069094,32.811043,,,,-24.5
2026-09-12 05:05:51,ETD2,40.284851,32.486755,130.91,516.1,37000,-25.8
2026-09-12 05:05:51,THY6NH,40.220306,32.526855,304.52,423.6,38000,-26.0
2026-09-12 05:05:51,PGT50FT,40.120377,32.584656,,,,-22.8
2026-09-12 05:05:51,TKJ6683,40.069094,32.811043,,,,-24.5
2026-09-12 05:06:21,ETD2,40.284851,32.486755,130.91,516.1,37000,-25.8
2026-09-12 05:06:21,THY6NH,40.220306,32.526855,304.52,423.6,38000,-26.0
2026-09-12 05:06:21,PGT50FT,40.120377,32.584656,,,,-22.8
2026-09-12 05:06:21,TKJ6683,40.069094,32.811043,,,,-24.5
2026-09-12 05:06:51,ETD2,40.284851,32.486755,130.91,516.1,37000,-25.8
2026-09-12 05:06:51,THY6NH,40.220306,32.526855,304.52,423.6,38000,-26.0
2026-09-12 05:06:51,PGT50FT,40.120377,32.584656,,,,-22.8
2026-09-12 05:06:51,TKJ6683,40.069094,32.811043,,,,-24.5
2026-09-12 05:07:21,ETD2,40.284851,32.486755,130.91,516.1,37000,-25.8
2026-09-12 05:07:21,THY6NH,40.220306,32.526855,304.52,423.6,38000,-26.0
2026-09-12 05:07:21,PGT50FT,40.120377,32.584656,,,,-22.8
2026-09-12 05:07:21,TKJ6683,40.069094,32.811043,,,,-24.5
2026-09-12 05:07:52,ETD2,40.284851,32.486755,130.91,516.1,37000,-25.8
2026-09-12 05:07:52,THY6NH,40.220306,32.526855,304.52,423.6,38000,-26.0
2026-09-12 05:07:52,PGT50FT,40.120377,32.584656,,,,-22.8
2026-09-12 05:07:52,TKJ6683,40.069094,32.811043,,,,-24.5
2026-09-12 05:08:22,ETD2,40.284851,32.486755,130.91,516.1,37000,-25.8
2026-09-12 05:08:22,THY6NH,40.220306,32.526855,304.52,423.6,38000,-26.0
2026-09-12 05:08:22,PGT50FT,40.120377,32.584656,,,,-22.8
2026-09-12 05:08:22,TKJ6683,40.069094,32.811043,,,,-24.5
2026-09-12 05:08:52,ETD2,40.284851,32.486755,130.91,516.1,37000,-25.8
2026-09-12 05:08:52,THY6NH,40.220306,32.526855,304.52,423.6,38000,-26.0
2026-09-12 05:08:52,PGT50FT,40.120377,32.584656,,,,-22.8
2026-09-12 05:08:52,TKJ6683,40.069094,32.811043,,,,-24.5
2026-09-12 05:09:22,ETD2,40.284851,32.486755,130.91,516.1,37000,-25.8
2026-09-12 05:09:22,THY6NH,40.220306,32.526855,304.52,423.6,38000,-26.0
2026-09-12 05:09:22,PGT50FT,40.120377,32.584656,,,,-22.8
2026-09-12 05:09:22,TKJ6683,40.069094,32.811043,,,,-24.5
2026-09-12 05:09:52,ETD2,40.284851,32.486755,130.91,516.1,37000,-25.8
2026-09-12 05:09:52,THY6NH,40.220306,32.526855,304.52,423.6,38000,-26.0
2026-09-12 05:09:52,PGT50FT,40.120377,32.584656,,,,-22.8
2026-09-12 05:09:52,TKJ6683,40.069094,32.811043,,,,-24.5
2026-09-12 05:10:22,ETD2,40.284851,32.486755,130.91,516.1,37000,-25.8
2026-09-12 05:10:22,THY6NH,40.220306,32.526855,304.52,423.6,38000,-26.0
2026-09-12 05:10:22,PGT50FT,40.120377,32.584656,,,,-22.8
2026-09-12 05:10:22,TKJ6683,40.069094,32.811043,,,,-24.5
2026-09-12 05:10:52,ETD2,40.284851,32.486755,130.91,516.1,37000,-25.8
2026-09-12 05:10:52,THY6NH,40.220306,32.526855,304.52,423.6,38000,-26.0
2026-09-12 05:10:52,PGT50FT,40.120377,32.584656,,,,-22.8
2026-09-12 05:10:52,TKJ6683,40.069094,32.811043,,,,-24.5
2026-09-12 05:11:22,ETD2,40.284851,32.486755,130.91,516.1,37000,-25.8
2026-09-12 05:11:22,THY6NH,40.220306,32.526855,304.52,423.6,38000,-26.0
2026-09-12 05:11:22,PGT50FT,40.120377,32.584656,,,,-22.8
2026-09-12 05:11:22,TKJ6683,40.069094,32.811043,,,,-24.5
2026-09-12 05:11:52,ETD2,40.284851,32.486755,130.91,516.1,37000,-25.8
2026-09-12 05:11:52,THY6NH,40.220306,32.526855,304.52,423.6,38000,-26.0
2026-09-12 05:11:52,PGT50FT,40.120377,32.584656,,,,-22.8
2026-09-12 05:11:52,TKJ6683,40.069094,32.811043,,,,-24.5
2026-09-12 05:12:22,ETD2,40.284851,32.486755,130.91,516.1,37000,-25.8
2026-09-12 05:12:22,THY6NH,40.220306,32.526855,304.52,423.6,38000,-26.0
2026-09-12 05:12:22,PGT50FT,40.120377,32.584656,,,,-22.8
2026-09-12 05:12:22,TKJ6683,40.069094,32.811043,,,,-24.5
2026-09-12 05:12:52,ETD2,40.284851,32.486755,130.91,516.1,37000,-25.8
2026-09-12 05:12:52,THY6NH,40.220306,32.526855,304.52,423.6,38000,-26.0
2026-09-12 05:12:52,PGT50FT,40.120377,32.584656,,,,-22.8
2026-09-12 05:12:52,TKJ6683,40.069094,32.811043,,,,-24.5
2026-09-12 05:13:22,ETD2,40.284851,32.486755,130.91,516.1,37000,-25.8
2026-09-12 05:13:22,THY6NH,40.220306,32.526855,304.52,423.6,38000,-26.0
2026-09-12 05:13:22,PGT50FT,40.120377,32.584656,,,,-22.8
2026-09-12 05:13:22,TKJ6683,40.069094,32.811043,,,,-24.5
2026-09-12 05:13:52,ETD2,40.284851,32.486755,130.91,516.1,37000,-25.8
2026-09-12 05:13:52,THY6NH,40.220306,32.526855,304.52,423.6,38000,-26.0
2026-09-12 05:13:52,PGT50FT,40.120377,32.584656,,,,-22.8
2026-09-12 05:13:52,TKJ6683,40.069094,32.811043,,,,-24.5
2026-09-12 05:14:23,ETD2,40.284851,32.486755,130.91,516.1,37000,-25.8
2026-09-12 05:14:23,THY6NH,40.220306,32.526855,304.52,423.6,38000,-26.0
2026-09-12 05:14:23,PGT50FT,40.120377,32.584656,,,,-22.8
2026-09-12 05:14:23,TKJ6683,40.069094,32.811043,,,,-24.5
2026-09-12 05:14:53,ETD2,40.284851,32.486755,130.91,516.1,37000,-25.8
2026-09-12 05:14:53,THY6NH,40.220306,32.526855,304.52,423.6,38000,-26.0
2026-09-12 05:14:53,PGT50FT,40.120377,32.584656,,,,-22.8
2026-09-12 05:14:53,TKJ6683,40.069094,32.811043,,,,-24.5
2026-09-12 05:15:23,ETD2,40.284851,32.486755,130.91,516.1,37000,-25.8
2026-09-12 05:15:23,THY6NH,40.220306,32.526855,304.52,423.6,38000,-26.0
2026-09-12 05:15:23,PGT50FT,40.120377,32.584656,,,,-22.8
2026-09-12 05:15:23,TKJ6683,40.069094,32.811043,,,,-24.5
2026-09-12 05:15:53,ETD2,40.284851,32.486755,130.91,516.1,37000,-25.8
2026-09-12 05:15:53,THY6NH,40.220306,32.526855,304.52,423.6,38000,-26.0
2026-09-12 05:15:53,PGT50FT,40.120377,32.584656,,,,-22.8
2026-09-12 05:15:53,TKJ6683,40.069094,32.811043,,,,-24.5
2026-09-12 05:16:23,ETD2,40.284851,32.486755,130.91,516.1,37000,-25.8
2026-09-12 05:16:23,THY6NH,40.220306,32.526855,304.52,423.6,38000,-26.0
2026-09-12 05:16:23,PGT50FT,40.120377,32.584656,,,,-22.8
2026-09-12 05:16:23,TKJ6683,40.069094,32.811043,,,,-24.5
2026-09-12 05:16:53,ETD2,40.284851,32.486755,130.91,516.1,37000,-25.8
2026-09-12 05:16:53,THY6NH,40.220306,32.526855,304.52,423.6,38000,-26.0
2026-09-12 05:16:53,PGT50FT,40.120377,32.584656,,,,-22.8
2026-09-12 05:16:53,TKJ6683,40.069094,32.811043,,,,-24.5
2026-09-12 05:17:23,ETD2,40.284851,32.486755,130.91,516.1,37000,-25.8
2026-09-12 05:17:23,THY6NH,40.220306,32.526855,304.52,423.6,38000,-26.0
2026-09-12 05:17:23,PGT50FT,40.120377,32.584656,,,,-22.8
2026-09-12 05:17:23,TKJ6683,40.069094,32.811043,,,,-24.5
2026-09-12 05:17:53,ETD2,40.284851,32.486755,130.91,516.1,37000,-25.8
2026-09-12 05:17:53,THY6NH,40.220306,32.526855,304.52,423.6,38000,-26.0
2026-09-12 05:17:53,PGT50FT,40.120377,32.584656,,,,-22.8
2026-09-12 05:17:53,TKJ6683,40.069094,32.811043,,,,-24.5
2026-09-12 05:18:23,ETD2,40.284851,32.486755,130.91,516.1,37000,-25.8
2026-09-12 05:18:23,THY6NH,40.220306,32.526855,304.52,423.6,38000,-26.0
2026-09-12 05:18:23,PGT50FT,40.120377,32.584656,,,,-22.8
2026-09-12 05:18:23,TKJ6683,40.069094,32.811043,,,,-24.5
2026-09-12 05:18:53,ETD2,40.284851,32.486755,130.91,516.1,37000,-25.8
2026-09-12 05:18:53,THY6NH,40.220306,32.526855,304.52,423.6,38000,-26.0
2026-09-12 05:18:53,PGT50FT,40.120377,32.584656,,,,-22.8
2026-09-12 05:18:53,TKJ6683,40.069094,32.811043,,,,-24.5
2026-09-12 05:19:23,ETD2,40.284851,32.486755,130.91,516.1,37000,-25.8
2026-09-12 05:19:23,THY6NH,40.220306,32.526855,304.52,423.6,38000,-26.0
2026-09-12 05:19:23,PGT50FT,40.120377,32.584656,,,,-22.8
2026-09-12 05:19:23,TKJ6683,40.069094,32.811043,,,,-24.5
2026-09-12 05:19:53,ETD2,40.284851,32.486755,130.91,516.1,37000,-25.8
2026-09-12 05:19:53,THY6NH,40.220306,32.526855,304.52,423.6,38000,-26.0
2026-09-12 05:19:53,PGT50FT,40.120377,32.584656,,,,-22.8
2026-09-12 05:19:53,TKJ6683,40.069094,32.811043,,,,-24.5
2026-09-12 05:20:24,ETD2,40.284851,32.486755,130.91,516.1,37000,-25.8
2026-09-12 05:20:24,THY6NH,40.220306,32.526855,304.52,423.6,38000,-26.0
2026-09-12 05:20:24,PGT50FT,40.120377,32.584656,,,,-22.8
2026-09-12 05:20:24,TKJ6683,40.069094,32.811043,,,,-24.5
2026-09-12 05:20:54,ETD2,40.284851,32.486755,130.91,516.1,37000,-25.8
2026-09-12 05:20:54,THY6NH,40.220306,32.526855,304.52,423.6,38000,-26.0
2026-09-12 05:20:54,PGT50FT,40.120377,32.584656,,,,-22.8
2026-09-12 05:20:54,TKJ6683,40.069094,32.811043,,,,-24.5
2026-09-12 05:21:24,ETD2,40.284851,32.486755,130.91,516.1,37000,-25.8
2026-09-12 05:21:24,THY6NH,40.220306,32.526855,304.52,423.6,38000,-26.0
2026-09-12 05:21:24,PGT50FT,40.120377,32.584656,,,,-22.8
2026-09-12 05:21:24,TKJ6683,40.069094,32.811043,,,,-24.5
2026-09-12 05:21:54,ETD2,40.284851,32.486755,130.91,516.1,37000,-25.8
2026-09-12 05:21:54,THY6NH,40.220306,32.526855,304.52,423.6,38000,-26.0
2026-09-12 05:21:54,PGT50FT,40.120377,32.584656,,,,-22.8
2026-09-12 05:21:54,TKJ6683,40.069094,32.811043,,,,-24.5
2026-09-12 05:22:24,ETD2,40.284851,32.486755,130.91,516.1,37000,-25.8
2026-09-12 05:22:24,THY6NH,40.220306,32.526855,304.52,423.6,38000,-26.0
2026-09-12 05:22:24,PGT50FT,40.120377,32.584656,,,,-22.8
2026-09-12 05:22:24,TKJ6683,40.069094,32.811043,,,,-24.5
2026-09-12 05:22:54,ETD2,40.284851,32.486755,130.91,516.1,37000,-25.8
2026-09-12 05:22:54,THY6NH,40.220306,32.526855,304.52,423.6,38000,-26.0
2026-09-12 05:22:54,PGT50FT,40.120377,32.584656,,,,-22.8
2026-09-12 05:22:54,TKJ6683,40.069094,32.811043,,,,-24.5
2026-09-12 05:23:24,ETD2,40.284851,32.486755,130.91,516.1,37000,-25.8
2026-09-12 05:23:24,THY6NH,40.220306,32.526855,304.52,423.6,38000,-26.0
2026-09-12 05:23:24,PGT50FT,40.120377,32.584656,,,,-22.8
2026-09-12 05:23:24,TKJ6683,40.069094,32.811043,,,,-24.5
2026-09-12 05:23:54,ETD2,40.284851,32.486755,130.91,516.1,37000,-25.8
2026-09-12 05:23:54,THY6NH,40.220306,32.526855,304.52,423.6,38000,-26.0
2026-09-12 05:23:54,PGT50FT,40.120377,32.584656,,,,-22.8
2026-09-12 05:23:54,TKJ6683,40.069094,32.811043,,,,-24.5
2026-09-12 05:24:24,ETD2,40.284851,32.486755,130.91,516.1,37000,-25.8
2026-09-12 05:24:24,THY6NH,40.220306,32.526855,304.52,423.6,38000,-26.0
2026-09-12 05:24:24,PGT50FT,40.120377,32.584656,,,,-22.8
2026-09-12 05:24:24,TKJ6683,40.069094,32.811043,,,,-24.5
2026-09-12 05:24:54,ETD2,40.284851,32.486755,130.91,516.1,37000,-25.8
2026-09-12 05:24:54,THY6NH,40.220306,32.526855,304.52,423.6,38000,-26.0
2026-09-12 05:24:54,PGT50FT,40.120377,32.584656,,,,-22.8
2026-09-12 05:24:54,TKJ6683,40.069094,32.811043,,,,-24.5
2026-09-12 05:25:24,ETD2,40.284851,32.486755,130.91,516.1,37000,-25.8
2026-09-12 05:25:24,THY6NH,40.220306,32.526855,304.52,423.6,38000,-26.0
2026-09-12 05:25:24,PGT50FT,40.120377,32.584656,,,,-22.8
2026-09-12 05:25:24,TKJ6683,40.069094,32.811043,,,,-24.5
2026-09-12 05:25:54,ETD2,40.284851,32.486755,130.91,516.1,37000,-25.8
2026-09-12 05:25:54,THY6NH,40.220306,32.526855,304.52,423.6,38000,-26.0
2026-09-12 05:25:54,PGT50FT,40.120377,32.584656,,,,-22.8
2026-09-12 05:25:54,TKJ6683,40.069094,32.811043,,,,-24.5
2026-09-12 05:26:25,ETD2,40.284851,32.486755,130.91,516.1,37000,-25.8
2026-09-12 05:26:25,THY6NH,40.220306,32.526855,304.52,423.6,38000,-26.0
2026-09-12 05:26:25,PGT50FT,40.120377,32.584656,,,,-22.8
2026-09-12 05:26:25,TKJ6683,40.069094,32.811043,,,,-24.5
2026-09-12 05:26:55,ETD2,40.284851,32.486755,130.91,516.1,37000,-25.8
2026-09-12 05:26:55,THY6NH,40.220306,32.526855,304.52,423.6,38000,-26.0
2026-09-12 05:26:55,PGT50FT,40.120377,32.584656,,,,-22.8
2026-09-12 05:26:55,TKJ6683,40.069094,32.811043,,,,-24.5
2026-09-12 05:27:25,ETD2,40.284851,32.486755,130.91,516.1,37000,-25.8
2026-09-12 05:27:25,THY6NH,40.220306,32.526855,304.52,423.6,38000,-26.0
2026-09-12 05:27:25,PGT50FT,40.120377,32.584656,,,,-22.8
2026-09-12 05:27:25,TKJ6683,40.069094,32.811043,,,,-24.5
2026-09-12 05:27:55,ETD2,40.284851,32.486755,130.91,516.1,37000,-25.8
2026-09-12 05:27:55,THY6NH,40.220306,32.526855,304.52,423.6,38000,-26.0
2026-09-12 05:27:55,PGT50FT,40.120377,32.584656,,,,-22.8
2026-09-12 05:27:55,TKJ6683,40.069094,32.811043,,,,-24.5
2026-09-12 05:28:25,ETD2,40.284851,32.486755,130.91,516.1,37000,-25.8
2026-09-12 05:28:25,THY6NH,40.220306,32.526855,304.52,423.6,38000,-26.0
2026-09-12 05:28:25,PGT50FT,40.120377,32.584656,,,,-22.8
2026-09-12 05:28:25,TKJ6683,40.069094,32.811043,,,,-24.5
2026-09-12 05:28:55,ETD2,40.284851,32.486755,130.91,516.1,37000,-25.8
2026-09-12 05:28:55,THY6NH,40.220306,32.526855,304.52,423.6,38000,-26.0
2026-09-12 05:28:55,PGT50FT,40.120377,32.584656,,,,-22.8
2026-09-12 05:28:55,TKJ6683,40.069094,32.811043,,,,-24.5
2026-09-12 05:29:25,ETD2,40.284851,32.486755,130.91,516.1,37000,-25.8
2026-09-12 05:29:25,THY6NH,40.220306,32.526855,304.52,423.6,38000,-26.0
2026-09-12 05:29:25,PGT50FT,40.120377,32.584656,,,,-22.8
2026-09-12 05:29:25,TKJ6683,40.069094,32.811043,,,,-24.5
2026-09-12 05:29:55,ETD2,40.284851,32.486755,130.91,516.1,37000,-25.8
2026-09-12 05:29:55,THY6NH,40.220306,32.526855,304.52,423.6,38000,-26.0
2026-09-12 05:29:55,PGT50FT,40.120377,32.584656,,,,-22.8
2026-09-12 05:29:55,TKJ6683,40.069094,32.811043,,,,-24.5
2026-09-12 05:30:25,ETD2,40.284851,32.486755,130.91,516.1,37000,-25.8
2026-09-12 05:30:25,THY6NH,40.220306,32.526855,304.52,423.6,38000,-26.0
2026-09-12 05:30:25,PGT50FT,40.120377,32.584656,,,,-22.8
2026-09-12 05:30:25,TKJ6683,40.069094,32.811043,,,,-24.5
2026-09-12 05:30:55,ETD2,40.284851,32.486755,130.91,516.1,37000,-25.8
2026-09-12 05:30:55,THY6NH,40.220306,32.526855,304.52,423.6,38000,-26.0
2026-09-12 05:30:55,PGT50FT,40.120377,32.584656,,,,-22.8
2026-09-12 05:30:55,TKJ6683,40.069094,32.811043,,,,-24.5
2026-09-12 05:31:25,ETD2,40.284851,32.486755,130.91,516.1,37000,-25.8
2026-09-12 05:31:25,THY6NH,40.220306,32.526855,304.52,423.6,38000,-26.0
2026-09-12 05:31:25,PGT50FT,40.120377,32.584656,,,,-22.8
2026-09-12 05:31:25,TKJ6683,40.069094,32.811043,,,,-24.5
2026-09-12 05:31:55,ETD2,40.284851,32.486755,130.91,516.1,37000,-25.8
2026-09-12 05:31:55,THY6NH,40.220306,32.526855,304.52,423.6,38000,-26.0
2026-09-12 05:31:55,PGT50FT,40.120377,32.584656,,,,-22.8
2026-09-12 05:31:55,TKJ6683,40.069094,32.811043,,,,-24.5
2026-09-12 05:32:25,ETD2,40.284851,32.486755,130.91,516.1,37000,-25.8
2026-09-12 05:32:25,THY6NH,40.220306,32.526855,304.52,423.6,38000,-26.0
2026-09-12 05:32:25,PGT50FT,40.120377,32.584656,,,,-22.8
2026-09-12 05:32:25,TKJ6683,40.069094,32.811043,,,,-24.5
2026-09-12 05:32:56,ETD2,40.284851,32.486755,130.91,516.1,37000,-25.8
2026-09-12 05:32:56,THY6NH,40.220306,32.526855,304.52,423.6,38000,-26.0
2026-09-12 05:32:56,PGT50FT,40.120377,32.584656,,,,-22.8
2026-09-12 05:32:56,TKJ6683,40.069094,32.811043,,,,-24.5
2026-09-12 05:33:26,ETD2,40.284851,32.486755,130.91,516.1,37000,-25.8
2026-09-12 05:33:26,THY6NH,40.220306,32.526855,304.52,423.6,38000,-26.0
2026-09-12 05:33:26,PGT50FT,40.120377,32.584656,,,,-22.8
2026-09-12 05:33:26,TKJ6683,40.069094,32.811043,,,,-24.5
2026-09-12 05:33:56,ETD2,40.284851,32.486755,130.91,516.1,37000,-25.8
2026-09-12 05:33:56,THY6NH,40.220306,32.526855,304.52,423.6,38000,-26.0
2026-09-12 05:33:56,PGT50FT,40.120377,32.584656,,,,-22.8
2026-09-12 05:33:56,TKJ6683,40.069094,32.811043,,,,-24.5
2026-09-12 05:34:26,ETD2,40.284851,32.486755,130.91,516.1,37000,-25.8
2026-09-12 05:34:26,THY6NH,40.220306,32.526855,304.52,423.6,38000,-26.0
2026-09-12 05:34:26,PGT50FT,40.120377,32.584656,,,,-22.8
2026-09-12 05:34:26,TKJ6683,40.069094,32.811043,,,,-24.5
2026-09-12 05:34:56,ETD2,40.284851,32.486755,130.91,516.1,37000,-25.8
2026-09-12 05:34:56,THY6NH,40.220306,32.526855,304.52,423.6,38000,-26.0
2026-09-12 05:34:56,PGT50FT,40.120377,32.584656,,,,-22.8
2026-09-12 05:34:56,TKJ6683,40.069094,32.811043,,,,-24.5
2026-09-12 05:35:26,ETD2,40.284851,32.486755,130.91,516.1,37000,-25.8
2026-09-12 05:35:26,THY6NH,40.220306,32.526855,304.52,423.6,38000,-26.0
2026-09-12 05:35:26,PGT50FT,40.120377,32.584656,,,,-22.8
2026-09-12 05:35:26,TKJ6683,40.069094,32.811043,,,,-24.5
2026-09-12 05:35:56,ETD2,40.284851,32.486755,130.91,516.1,37000,-25.8
2026-09-12 05:35:56,THY6NH,40.220306,32.526855,304.52,423.6,38000,-26.0
2026-09-12 05:35:56,PGT50FT,40.120377,32.584656,,,,-22.8
2026-09-12 05:35:56,TKJ6683,40.069094,32.811043,,,,-24.5
2026-09-12 05:36:26,ETD2,40.284851,32.486755,130.91,516.1,37000,-25.8
2026-09-12 05:36:26,THY6NH,40.220306,32.526855,304.52,423.6,38000,-26.0
2026-09-12 05:36:26,PGT50FT,40.120377,32.584656,,,,-22.8
2026-09-12 05:36:26,TKJ6683,40.069094,32.811043,,,,-24.5
2026-09-12 05:36:56,ETD2,40.284851,32.486755,130.91,516.1,37000,-25.8
2026-09-12 05:36:56,THY6NH,40.220306,32.526855,304.52,423.6,38000,-26.0
2026-09-12 05:36:56,PGT50FT,40.120377,32.584656,,,,-22.8
2026-09-12 05:36:56,TKJ6683,40.069094,32.811043,,,,-24.5
2026-09-12 05:37:26,ETD2,40.284851,32.486755,130.91,516.1,37000,-25.8
2026-09-12 05:37:26,THY6NH,40.220306,32.526855,304.52,423.6,38000,-26.0
2026-09-12 05:37:26,PGT50FT,40.120377,32.584656,,,,-22.8
2026-09-12 05:37:26,TKJ6683,40.069094,32.811043,,,,-24.5
2026-09-12 05:37:56,ETD2,40.284851,32.486755,130.91,516.1,37000,-25.8
2026-09-12 05:37:56,THY6NH,40.220306,32.526855,304.52,423.6,38000,-26.0
2026-09-12 05:37:56,PGT50FT,40.120377,32.584656,,,,-22.8
2026-09-12 05:37:56,TKJ6683,40.069094,32.811043,,,,-24.5
2026-09-12 05:38:26,ETD2,40.284851,32.486755,130.91,516.1,37000,-25.8
2026-09-12 05:38:26,THY6NH,40.220306,32.526855,304.52,423.6,38000,-26.0
2026-09-12 05:38:26,PGT50FT,40.120377,32.584656,,,,-22.8
2026-09-12 05:38:26,TKJ6683,40.069094,32.811043,,,,-24.5
2026-09-12 05:38:56,ETD2,40.284851,32.486755,130.91,516.1,37000,-25.8
2026-09-12 05:38:56,THY6NH,40.220306,32.526855,304.52,423.6,38000,-26.0
2026-09-12 05:38:56,PGT50FT,40.120377,32.584656,,,,-22.8
2026-09-12 05:38:56,TKJ6683,40.069094,32.811043,,,,-24.5
2026-09-12 05:39:27,ETD2,40.284851,32.486755,130.91,516.1,37000,-25.8
2026-09-12 05:39:27,THY6NH,40.220306,32.526855,304.52,423.6,38000,-26.0
2026-09-12 05:39:27,PGT50FT,40.120377,32.584656,,,,-22.8
2026-09-12 05:39:27,TKJ6683,40.069094,32.811043,,,,-24.5
2026-09-12 05:39:57,ETD2,40.284851,32.486755,130.91,516.1,37000,-25.8
2026-09-12 05:39:57,THY6NH,40.220306,32.526855,304.52,423.6,38000,-26.0
2026-09-12 05:39:57,PGT50FT,40.120377,32.584656,,,,-22.8
2026-09-12 05:39:57,TKJ6683,40.069094,32.811043,,,,-24.5
2026-09-12 05:40:27,ETD2,40.284851,32.486755,130.91,516.1,37000,-25.8
2026-09-12 05:40:27,THY6NH,40.220306,32.526855,304.52,423.6,38000,-26.0
2026-09-12 05:40:27,PGT50FT,40.120377,32.584656,,,,-22.8
2026-09-12 05:40:27,TKJ6683,40.069094,32.811043,,,,-24.5
2026-09-12 05:40:57,ETD2,40.284851,32.486755,130.91,516.1,37000,-25.8
2026-09-12 05:40:57,THY6NH,40.220306,32.526855,304.52,423.6,38000,-26.0
2026-09-12 05:40:57,PGT50FT,40.120377,32.584656,,,,-22.8
2026-09-12 05:40:57,TKJ6683,40.069094,32.811043,,,,-24.5
2026-09-12 05:41:27,ETD2,40.284851,32.486755,130.91,516.1,37000,-25.8
2026-09-12 05:41:27,THY6NH,40.220306,32.526855,304.52,423.6,38000,-26.0
2026-09-12 05:41:27,PGT50FT,40.120377,32.584656,,,,-22.8
2026-09-12 05:41:27,TKJ6683,40.069094,32.811043,,,,-24.5
2026-09-12 05:41:57,ETD2,40.284851,32.486755,130.91,516.1,37000,-25.8
2026-09-12 05:41:57,THY6NH,40.220306,32.526855,304.52,423.6,38000,-26.0
2026-09-12 05:41:57,PGT50FT,40.120377,32.584656,,,,-22.8
2026-09-12 05:41:57,TKJ6683,40.069094,32.811043,,,,-24.5
2026-09-12 05:42:27,ETD2,40.284851,32.486755,130.91,516.1,37000,-25.8
2026-09-12 05:42:27,THY6NH,40.220306,32.526855,304.52,423.6,38000,-26.0
2026-09-12 05:42:27,PGT50FT,40.120377,32.584656,,,,-22.8
2026-09-12 05:42:27,TKJ6683,40.069094,32.811043,,,,-24.5
2026-09-12 05:42:57,ETD2,40.284851,32.486755,130.91,516.1,37000,-25.8
2026-09-12 05:42:57,THY6NH,40.220306,32.526855,304.52,423.6,38000,-26.0
2026-09-12 05:42:57,PGT50FT,40.120377,32.584656,,,,-22.8
2026-09-12 05:42:57,TKJ6683,40.069094,32.811043,,,,-24.5
2026-09-12 05:43:27,ETD2,40.284851,32.486755,130.91,516.1,37000,-25.8
2026-09-12 05:43:27,THY6NH,40.220306,32.526855,304.52,423.6,38000,-26.0
2026-09-12 05:43:27,PGT50FT,40.120377,32.584656,,,,-22.8
2026-09-12 05:43:27,TKJ6683,40.069094,32.811043,,,,-24.5
2026-09-12 05:43:57,ETD2,40.284851,32.486755,130.91,516.1,37000,-25.8
2026-09-12 05:43:57,THY6NH,40.220306,32.526855,304.52,423.6,38000,-26.0
2026-09-12 05:43:57,PGT50FT,40.120377,32.584656,,,,-22.8
2026-09-12 05:43:57,TKJ6683,40.069094,32.811043,,,,-24.5
2026-09-12 05:44:27,ETD2,40.284851,32.486755,130.91,516.1,37000,-25.8
2026-09-12 05:44:27,THY6NH,40.220306,32.526855,304.52,423.6,38000,-26.0
2026-09-12 05:44:27,PGT50FT,40.120377,32.584656,,,,-22.8
2026-09-12 05:44:27,TKJ6683,40.069094,32.811043,,,,-24.5
2026-09-12 05:44:58,ETD2,40.284851,32.486755,130.91,516.1,37000,-25.8
2026-09-12 05:44:58,THY6NH,40.220306,32.526855,304.52,423.6,38000,-26.0
2026-09-12 05:44:58,PGT50FT,40.120377,32.584656,,,,-22.8
2026-09-12 05:44:58,TKJ6683,40.069094,32.811043,,,,-24.5
2026-09-12 05:45:28,ETD2,40.284851,32.486755,130.91,516.1,37000,-25.8
2026-09-12 05:45:28,THY6NH,40.220306,32.526855,304.52,423.6,38000,-26.0
2026-09-12 05:45:28,PGT50FT,40.120377,32.584656,,,,-22.8
2026-09-12 05:45:28,TKJ6683,40.069094,32.811043,,,,-24.5
2026-09-12 05:45:58,ETD2,40.284851,32.486755,130.91,516.1,37000,-25.8
2026-09-12 05:45:58,THY6NH,40.220306,32.526855,304.52,423.6,38000,-26.0
2026-09-12 05:45:58,PGT50FT,40.120377,32.584656,,,,-22.8
2026-09-12 05:45:58,TKJ6683,40.069094,32.811043,,,,-24.5
2026-09-12 05:46:28,ETD2,40.284851,32.486755,130.91,516.1,37000,-25.8
2026-09-12 05:46:28,THY6NH,40.220306,32.526855,304.52,423.6,38000,-26.0
2026-09-12 05:46:28,PGT50FT,40.120377,32.584656,,,,-22.8
2026-09-12 05:46:28,TKJ6683,40.069094,32.811043,,,,-24.5
2026-09-12 05:46:58,ETD2,40.284851,32.486755,130.91,516.1,37000,-25.8
2026-09-12 05:46:58,THY6NH,40.220306,32.526855,304.52,423.6,38000,-26.0
2026-09-12 05:46:58,PGT50FT,40.120377,32.584656,,,,-22.8
2026-09-12 05:46:58,TKJ6683,40.069094,32.811043,,,,-24.5
2026-09-12 05:47:28,ETD2,40.284851,32.486755,130.91,516.1,37000,-25.8
2026-09-12 05:47:28,THY6NH,40.220306,32.526855,304.52,423.6,38000,-26.0
2026-09-12 05:47:28,PGT50FT,40.120377,32.584656,,,,-22.8
2026-09-12 05:47:28,TKJ6683,40.069094,32.811043,,,,-24.5
2026-09-12 05:47:58,ETD2,40.284851,32.486755,130.91,516.1,37000,-25.8
2026-09-12 05:47:58,THY6NH,40.220306,32.526855,304.52,423.6,38000,-26.0
2026-09-12 05:47:58,PGT50FT,40.120377,32.584656,,,,-22.8
2026-09-12 05:47:58,TKJ6683,40.069094,32.811043,,,,-24.5
2026-09-12 05:48:28,ETD2,40.284851,32.486755,130.91,516.1,37000,-25.8
2026-09-12 05:48:28,THY6NH,40.220306,32.526855,304.52,423.6,38000,-26.0
2026-09-12 05:48:28,PGT50FT,40.120377,32.584656,,,,-22.8
2026-09-12 05:48:28,TKJ6683,40.069094,32.811043,,,,-24.5
2026-09-12 05:48:58,ETD2,40.284851,32.486755,130.91,516.1,37000,-25.8
2026-09-12 05:48:58,THY6NH,40.220306,32.526855,304.52,423.6,38000,-26.0
2026-09-12 05:48:58,PGT50FT,40.120377,32.584656,,,,-22.8
2026-09-12 05:48:58,TKJ6683,40.069094,32.811043,,,,-24.5
2026-09-12 05:49:28,ETD2,40.284851,32.486755,130.91,516.1,37000,-25.8
2026-09-12 05:49:28,THY6NH,40.220306,32.526855,304.52,423.6,38000,-26.0
2026-09-12 05:49:28,PGT50FT,40.120377,32.584656,,,,-22.8
2026-09-12 05:49:28,TKJ6683,40.069094,32.811043,,,,-24.5
2026-09-12 05:49:58,ETD2,40.284851,32.486755,130.91,516.1,37000,-25.8
2026-09-12 05:49:58,THY6NH,40.220306,32.526855,304.52,423.6,38000,-26.0
2026-09-12 05:49:58,PGT50FT,40.120377,32.584656,,,,-22.8
2026-09-12 05:49:58,TKJ6683,40.069094,32.811043,,,,-24.5
2026-09-12 05:50:28,ETD2,40.284851,32.486755,130.91,516.1,37000,-25.8
2026-09-12 05:50:28,THY6NH,40.220306,32.526855,304.52,423.6,38000,-26.0
2026-09-12 05:50:28,PGT50FT,40.120377,32.584656,,,,-22.8
2026-09-12 05:50:28,TKJ6683,40.069094,32.811043,,,,-24.5
2026-09-12 05:50:59,ETD2,40.284851,32.486755,130.91,516.1,37000,-25.8
2026-09-12 05:50:59,THY6NH,40.220306,32.526855,304.52,423.6,38000,-26.0
2026-09-12 05:50:59,PGT50FT,40.120377,32.584656,,,,-22.8
2026-09-12 05:50:59,TKJ6683,40.069094,32.811043,,,,-24.5
2026-09-12 05:51:29,ETD2,40.284851,32.486755,130.91,516.1,37000,-25.8
2026-09-12 05:51:29,THY6NH,40.220306,32.526855,304.52,423.6,38000,-26.0
2026-09-12 05:51:29,PGT50FT,40.120377,32.584656,,,,-22.8
2026-09-12 05:51:29,TKJ6683,40.069094,32.811043,,,,-24.5
2026-09-12 05:51:59,ETD2,40.284851,32.486755,130.91,516.1,37000,-25.8
2026-09-12 05:51:59,THY6NH,40.220306,32.526855,304.52,423.6,38000,-26.0
2026-09-12 05:51:59,PGT50FT,40.120377,32.584656,,,,-22.8
2026-09-12 05:51:59,TKJ6683,40.069094,32.811043,,,,-24.5
2026-09-12 05:52:29,ETD2,40.284851,32.486755,130.91,516.1,37000,-25.8
2026-09-12 05:52:29,THY6NH,40.220306,32.526855,304.52,423.6,38000,-26.0
2026-09-12 05:52:29,PGT50FT,40.120377,32.584656,,,,-22.8
2026-09-12 05:52:29,TKJ6683,40.069094,32.811043,,,,-24.5
2026-09-12 05:52:59,ETD2,40.284851,32.486755,130.91,516.1,37000,-25.8
2026-09-12 05:52:59,THY6NH,40.220306,32.526855,304.52,423.6,38000,-26.0
2026-09-12 05:52:59,PGT50FT,40.120377,32.584656,,,,-22.8
2026-09-12 05:52:59,TKJ6683,40.069094,32.811043,,,,-24.5
2026-09-12 05:53:29,ETD2,40.284851,32.486755,130.91,516.1,37000,-25.8
2026-09-12 05:53:29,THY6NH,40.220306,32.526855,304.52,423.6,38000,-26.0
2026-09-12 05:53:29,PGT50FT,40.120377,32.584656,,,,-22.8
2026-09-12 05:53:29,TKJ6683,40.069094,32.811043,,,,-24.5
2026-09-12 05:53:59,ETD2,40.284851,32.486755,130.91,516.1,37000,-25.8
2026-09-12 05:53:59,THY6NH,40.220306,32.526855,304.52,423.6,38000,-26.0
2026-09-12 05:53:59,PGT50FT,40.120377,32.584656,,,,-22.8
2026-09-12 05:53:59,TKJ6683,40.069094,32.811043,,,,-24.5
2026-09-12 05:54:29,ETD2,40.284851,32.486755,130.91,516.1,37000,-25.8
2026-09-12 05:54:29,THY6NH,40.220306,32.526855,304.52,423.6,38000,-26.0
2026-09-12 05:54:29,PGT50FT,40.120377,32.584656,,,,-22.8
2026-09-12 05:54:29,TKJ6683,40.069094,32.811043,,,,-24.5
2026-09-12 05:54:59,ETD2,40.284851,32.486755,130.91,516.1,37000,-25.8
2026-09-12 05:54:59,THY6NH,40.220306,32.526855,304.52,423.6,38000,-26.0
2026-09-12 05:54:59,PGT50FT,40.120377,32.584656,,,,-22.8
2026-09-12 05:54:59,TKJ6683,40.069094,32.811043,,,,-24.5
2026-09-12 05:55:29,ETD2,40.284851,32.486755,130.91,516.1,37000,-25.8
2026-09-12 05:55:29,THY6NH,40.220306,32.526855,304.52,423.6,38000,-26.0
2026-09-12 05:55:29,PGT50FT,40.120377,32.584656,,,,-22.8
2026-09-12 05:55:29,TKJ6683,40.069094,32.811043,,,,-24.5
2026-09-12 05:55:59,ETD2,40.284851,32.486755,130.91,516.1,37000,-25.8
2026-09-12 05:55:59,THY6NH,40.220306,32.526855,304.52,423.6,38000,-26.0
2026-09-12 05:55:59,PGT50FT,40.120377,32.584656,,,,-22.8
2026-09-12 05:55:59,TKJ6683,40.069094,32.811043,,,,-24.5
2026-09-12 05:56:29,ETD2,40.284851,32.486755,130.91,516.1,37000,-25.8
2026-09-12 05:56:29,THY6NH,40.220306,32.526855,304.52,423.6,38000,-26.0
2026-09-12 05:56:29,PGT50FT,40.120377,32.584656,,,,-22.8
2026-09-12 05:56:29,TKJ6683,40.069094,32.811043,,,,-24.5
2026-09-12 05:56:59,ETD2,40.284851,32.486755,130.91,516.1,37000,-25.8
2026-09-12 05:56:59,THY6NH,40.220306,32.526855,304.52,423.6,38000,-26.0
2026-09-12 05:56:59,PGT50FT,40.120377,32.584656,,,,-22.8
2026-09-12 05:56:59,TKJ6683,40.069094,32.811043,,,,-24.5
2026-09-12 05:57:30,ETD2,40.284851,32.486755,130.91,516.1,37000,-25.8
2026-09-12 05:57:30,THY6NH,40.220306,32.526855,304.52,423.6,38000,-26.0
2026-09-12 05:57:30,PGT50FT,40.120377,32.584656,,,,-22.8
2026-09-12 05:57:30,TKJ6683,40.069094,32.811043,,,,-24.5
2026-09-12 05:58:00,ETD2,40.284851,32.486755,130.91,516.1,37000,-25.8
2026-09-12 05:58:00,THY6NH,40.220306,32.526855,304.52,423.6,38000,-26.0
2026-09-12 05:58:00,PGT50FT,40.120377,32.584656,,,,-22.8
2026-09-12 05:58:00,TKJ6683,40.069094,32.811043,,,,-24.5
2026-09-12 05:58:30,ETD2,40.284851,32.486755,130.91,516.1,37000,-25.8
2026-09-12 05:58:30,THY6NH,40.220306,32.526855,304.52,423.6,38000,-26.0
2026-09-12 05:58:30,PGT50FT,40.120377,32.584656,,,,-22.8
2026-09-12 05:58:30,TKJ6683,40.069094,32.811043,,,,-24.5
2026-09-12 05:59:00,ETD2,40.284851,32.486755,130.91,516.1,37000,-25.8
2026-09-12 05:59:00,THY6NH,40.220306,32.526855,304.52,423.6,38000,-26.0
2026-09-12 05:59:00,PGT50FT,40.120377,32.584656,,,,-22.8
2026-09-12 05:59:00,TKJ6683,40.069094,32.811043,,,,-24.5
2026-09-12 05:59:30,ETD2,40.284851,32.486755,130.91,516.1,37000,-25.8
2026-09-12 05:59:30,THY6NH,40.220306,32.526855,304.52,423.6,38000,-26.0
2026-09-12 05:59:30,PGT50FT,40.120377,32.584656,,,,-22.8
2026-09-12 05:59:30,TKJ6683,40.069094,32.811043,,,,-24.5
2026-09-12 06:00:00,ETD2,40.284851,32.486755,130.91,516.1,37000,-25.8
2026-09-12 06:00:00,THY6NH,40.220306,32.526855,304.52,423.6,38000,-26.0
2026-09-12 06:00:00,PGT50FT,40.120377,32.584656,,,,-22.8
2026-09-12 06:00:00,TKJ6683,40.069094,32.811043,,,,-24.5
2026-09-12 06:00:30,ETD2,40.284851,32.486755,130.91,516.1,37000,-25.8
2026-09-12 06:00:30,THY6NH,40.220306,32.526855,304.52,423.6,38000,-26.0
2026-09-12 06:00:30,PGT50FT,40.120377,32.584656,,,,-22.8
2026-09-12 06:00:30,TKJ6683,40.069094,32.811043,,,,-24.5
2026-09-12 06:01:00,ETD2,40.284851,32.486755,130.91,516.1,37000,-25.8
2026-09-12 06:01:00,THY6NH,40.220306,32.526855,304.52,423.6,38000,-26.0
2026-09-12 06:01:00,PGT50FT,40.120377,32.584656,,,,-22.8
2026-09-12 06:01:00,TKJ6683,40.069094,32.811043,,,,-24.5
2026-09-12 06:01:30,ETD2,40.284851,32.486755,130.91,516.1,37000,-25.8
2026-09-12 06:01:30,THY6NH,40.220306,32.526855,304.52,423.6,38000,-26.0
2026-09-12 06:01:30,PGT50FT,40.120377,32.584656,,,,-22.8
2026-09-12 06:01:30,TKJ6683,40.069094,32.811043,,,,-24.5
2026-09-12 06:02:00,ETD2,40.284851,32.486755,130.91,516.1,37000,-25.8
2026-09-12 06:02:00,THY6NH,40.220306,32.526855,304.52,423.6,38000,-26.0
2026-09-12 06:02:00,PGT50FT,40.120377,32.584656,,,,-22.8
2026-09-12 06:02:00,TKJ6683,40.069094,32.811043,,,,-24.5
2026-09-12 06:02:30,ETD2,40.284851,32.486755,130.91,516.1,37000,-25.8
2026-09-12 06:02:30,THY6NH,40.220306,32.526855,304.52,423.6,38000,-26.0
2026-09-12 06:02:30,PGT50FT,40.120377,32.584656,,,,-22.8
2026-09-12 06:02:30,TKJ6683,40.069094,32.811043,,,,-24.5
2026-09-12 06:03:00,ETD2,40.284851,32.486755,130.91,516.1,37000,-25.8
2026-09-12 06:03:00,THY6NH,40.220306,32.526855,304.52,423.6,38000,-26.0
2026-09-12 06:03:00,PGT50FT,40.120377,32.584656,,,,-22.8
2026-09-12 06:03:00,TKJ6683,40.069094,32.811043,,,,-24.5
2026-09-12 06:03:30,ETD2,40.284851,32.486755,130.91,516.1,37000,-25.8
2026-09-12 06:03:30,THY6NH,40.220306,32.526855,304.52,423.6,38000,-26.0
2026-09-12 06:03:30,PGT50FT,40.120377,32.584656,,,,-22.8
2026-09-12 06:03:30,TKJ6683,40.069094,32.811043,,,,-24.5
2026-09-12 06:04:01,ETD2,40.284851,32.486755,130.91,516.1,37000,-25.8
2026-09-12 06:04:01,THY6NH,40.220306,32.526855,304.52,423.6,38000,-26.0
2026-09-12 06:04:01,PGT50FT,40.120377,32.584656,,,,-22.8
2026-09-12 06:04:01,TKJ6683,40.069094,32.811043,,,,-24.5
2026-09-12 06:04:31,ETD2,40.284851,32.486755,130.91,516.1,37000,-25.8
2026-09-12 06:04:31,THY6NH,40.220306,32.526855,304.52,423.6,38000,-26.0
2026-09-12 06:04:31,PGT50FT,40.120377,32.584656,,,,-22.8
2026-09-12 06:04:31,TKJ6683,40.069094,32.811043,,,,-24.5
2026-09-12 06:05:01,ETD2,40.284851,32.486755,130.91,516.1,37000,-25.8
2026-09-12 06:05:01,THY6NH,40.220306,32.526855,304.52,423.6,38000,-26.0
2026-09-12 06:05:01,PGT50FT,40.120377,32.584656,,,,-22.8
2026-09-12 06:05:01,TKJ6683,40.069094,32.811043,,,,-24.5
2026-09-12 06:05:31,ETD2,40.284851,32.486755,130.91,516.1,37000,-25.8
2026-09-12 06:05:31,THY6NH,40.220306,32.526855,304.52,423.6,38000,-26.0
2026-09-12 06:05:31,PGT50FT,40.120377,32.584656,,,,-22.8
2026-09-12 06:05:31,TKJ6683,40.069094,32.811043,,,,-24.5
2026-09-12 06:06:01,ETD2,40.284851,32.486755,130.91,516.1,37000,-25.8
2026-09-12 06:06:01,THY6NH,40.220306,32.526855,304.52,423.6,38000,-26.0
2026-09-12 06:06:01,PGT50FT,40.120377,32.584656,,,,-22.8
2026-09-12 06:06:01,TKJ6683,40.069094,32.811043,,,,-24.5
2026-09-12 06:06:31,ETD2,40.284851,32.486755,130.91,516.1,37000,-25.8
2026-09-12 06:06:31,THY6NH,40.220306,32.526855,304.52,423.6,38000,-26.0
2026-09-12 06:06:31,PGT50FT,40.120377,32.584656,,,,-22.8
2026-09-12 06:06:31,TKJ6683,40.069094,32.811043,,,,-24.5
2026-09-12 06:07:01,ETD2,40.284851,32.486755,130.91,516.1,37000,-25.8
2026-09-12 06:07:01,THY6NH,40.220306,32.526855,304.52,423.6,38000,-26.0
2026-09-12 06:07:01,PGT50FT,40.120377,32.584656,,,,-22.8
2026-09-12 06:07:01,TKJ6683,40.069094,32.811043,,,,-24.5
2026-09-12 06:07:31,ETD2,40.284851,32.486755,130.91,516.1,37000,-25.8
2026-09-12 06:07:31,THY6NH,40.220306,32.526855,304.52,423.6,38000,-26.0
2026-09-12 06:07:31,PGT50FT,40.120377,32.584656,,,,-22.8
2026-09-12 06:07:31,TKJ6683,40.069094,32.811043,,,,-24.5
2026-09-12 06:08:01,ETD2,40.284851,32.486755,130.91,516.1,37000,-25.8
2026-09-12 06:08:01,THY6NH,40.220306,32.526855,304.52,423.6,38000,-26.0
2026-09-12 06:08:01,PGT50FT,40.120377,32.584656,,,,-22.8
2026-09-12 06:08:01,TKJ6683,40.069094,32.811043,,,,-24.5
2026-09-12 06:08:31,ETD2,40.284851,32.486755,130.91,516.1,37000,-25.8
2026-09-12 06:08:31,THY6NH,40.220306,32.526855,304.52,423.6,38000,-26.0
2026-09-12 06:08:31,PGT50FT,40.120377,32.584656,,,,-22.8
2026-09-12 06:08:31,TKJ6683,40.069094,32.811043,,,,-24.5
2026-09-12 06:09:01,ETD2,40.284851,32.486755,130.91,516.1,37000,-25.8
2026-09-12 06:09:01,THY6NH,40.220306,32.526855,304.52,423.6,38000,-26.0
2026-09-12 06:09:01,PGT50FT,40.120377,32.584656,,,,-22.8
2026-09-12 06:09:01,TKJ6683,40.069094,32.811043,,,,-24.5
2026-09-12 06:09:31,ETD2,40.284851,32.486755,130.91,516.1,37000,-25.8
2026-09-12 06:09:31,THY6NH,40.220306,32.526855,304.52,423.6,38000,-26.0
2026-09-12 06:09:31,PGT50FT,40.120377,32.584656,,,,-22.8
2026-09-12 06:09:31,TKJ6683,40.069094,32.811043,,,,-24.5
2026-09-12 06:10:01,ETD2,40.284851,32.486755,130.91,516.1,37000,-25.8
2026-09-12 06:10:01,THY6NH,40.220306,32.526855,304.52,423.6,38000,-26.0
2026-09-12 06:10:01,PGT50FT,40.120377,32.584656,,,,-22.8
2026-09-12 06:10:01,TKJ6683,40.069094,32.811043,,,,-24.5
2026-09-12 06:10:32,ETD2,40.284851,32.486755,130.91,516.1,37000,-25.8
2026-09-12 06:10:32,THY6NH,40.220306,32.526855,304.52,423.6,38000,-26.0
2026-09-12 06:10:32,PGT50FT,40.120377,32.584656,,,,-22.8
2026-09-12 06:10:32,TKJ6683,40.069094,32.811043,,,,-24.5
2026-09-12 06:11:02,ETD2,40.284851,32.486755,130.91,516.1,37000,-25.8
2026-09-12 06:11:02,THY6NH,40.220306,32.526855,304.52,423.6,38000,-26.0
2026-09-12 06:11:02,PGT50FT,40.120377,32.584656,,,,-22.8
2026-09-12 06:11:02,TKJ6683,40.069094,32.811043,,,,-24.5
2026-09-12 06:11:32,ETD2,40.284851,32.486755,130.91,516.1,37000,-25.8
2026-09-12 06:11:32,THY6NH,40.220306,32.526855,304.52,423.6,38000,-26.0
2026-09-12 06:11:32,PGT50FT,40.120377,32.584656,,,,-22.8
2026-09-12 06:11:32,TKJ6683,40.069094,32.811043,,,,-24.5
2026-09-12 06:12:02,ETD2,40.284851,32.486755,130.91,516.1,37000,-25.8
2026-09-12 06:12:02,THY6NH,40.220306,32.526855,304.52,423.6,38000,-26.0
2026-09-12 06:12:02,PGT50FT,40.120377,32.584656,,,,-22.8
2026-09-12 06:12:02,TKJ6683,40.069094,32.811043,,,,-24.5
2026-09-12 06:12:32,ETD2,40.284851,32.486755,130.91,516.1,37000,-25.8
2026-09-12 06:12:32,THY6NH,40.220306,32.526855,304.52,423.6,38000,-26.0
2026-09-12 06:12:32,PGT50FT,40.120377,32.584656,,,,-22.8
2026-09-12 06:12:32,TKJ6683,40.069094,32.811043,,,,-24.5
2026-09-12 06:13:02,ETD2,40.284851,32.486755,130.91,516.1,37000,-25.8
2026-09-12 06:13:02,THY6NH,40.220306,32.526855,304.52,423.6,38000,-26.0
2026-09-12 06:13:02,PGT50FT,40.120377,32.584656,,,,-22.8
2026-09-12 06:13:02,TKJ6683,40.069094,32.811043,,,,-24.5
2026-09-12 06:13:32,ETD2,40.284851,32.486755,130.91,516.1,37000,-25.8
2026-09-12 06:13:32,THY6NH,40.220306,32.526855,304.52,423.6,38000,-26.0
2026-09-12 06:13:32,PGT50FT,40.120377,32.584656,,,,-22.8
2026-09-12 06:13:32,TKJ6683,40.069094,32.811043,,,,-24.5
2026-09-12 06:14:02,ETD2,40.284851,32.486755,130.91,516.1,37000,-25.8
2026-09-12 06:14:02,THY6NH,40.220306,32.526855,304.52,423.6,38000,-26.0
2026-09-12 06:14:02,PGT50FT,40.120377,32.584656,,,,-22.8
2026-09-12 06:14:02,TKJ6683,40.069094,32.811043,,,,-24.5
2026-09-12 06:14:32,ETD2,40.284851,32.486755,130.91,516.1,37000,-25.8
2026-09-12 06:14:32,THY6NH,40.220306,32.526855,304.52,423.6,38000,-26.0
2026-09-12 06:14:32,PGT50FT,40.120377,32.584656,,,,-22.8
2026-09-12 06:14:32,TKJ6683,40.069094,32.811043,,,,-24.5
2026-09-12 06:15:02,ETD2,40.284851,32.486755,130.91,516.1,37000,-25.8
2026-09-12 06:15:02,THY6NH,40.220306,32.526855,304.52,423.6,38000,-26.0
2026-09-12 06:15:02,PGT50FT,40.120377,32.584656,,,,-22.8
2026-09-12 06:15:02,TKJ6683,40.069094,32.811043,,,,-24.5
2026-09-12 06:15:32,ETD2,40.284851,32.486755,130.91,516.1,37000,-25.8
2026-09-12 06:15:32,THY6NH,40.220306,32.526855,304.52,423.6,38000,-26.0
2026-09-12 06:15:32,PGT50FT,40.120377,32.584656,,,,-22.8
2026-09-12 06:15:32,TKJ6683,40.069094,32.811043,,,,-24.5
2026-09-12 06:16:02,ETD2,40.284851,32.486755,130.91,516.1,37000,-25.8
2026-09-12 06:16:02,THY6NH,40.220306,32.526855,304.52,423.6,38000,-26.0
2026-09-12 06:16:02,PGT50FT,40.120377,32.584656,,,,-22.8
2026-09-12 06:16:02,TKJ6683,40.069094,32.811043,,,,-24.5
2026-09-12 06:16:32,ETD2,40.284851,32.486755,130.91,516.1,37000,-25.8
2026-09-12 06:16:32,THY6NH,40.220306,32.526855,304.52,423.6,38000,-26.0
2026-09-12 06:16:32,PGT50FT,40.120377,32.584656,,,,-22.8
2026-09-12 06:16:32,TKJ6683,40.069094,32.811043,,,,-24.5
2026-09-12 06:17:03,ETD2,40.284851,32.486755,130.91,516.1,37000,-25.8
2026-09-12 06:17:03,THY6NH,40.220306,32.526855,304.52,423.6,38000,-26.0
2026-09-12 06:17:03,PGT50FT,40.120377,32.584656,,,,-22.8
2026-09-12 06:17:03,TKJ6683,40.069094,32.811043,,,,-24.5
2026-09-12 06:17:33,ETD2,40.284851,32.486755,130.91,516.1,37000,-25.8
2026-09-12 06:17:33,THY6NH,40.220306,32.526855,304.52,423.6,38000,-26.0
2026-09-12 06:17:33,PGT50FT,40.120377,32.584656,,,,-22.8
2026-09-12 06:17:33,TKJ6683,40.069094,32.811043,,,,-24.5
2026-09-12 06:18:03,ETD2,40.284851,32.486755,130.91,516.1,37000,-25.8
2026-09-12 06:18:03,THY6NH,40.220306,32.526855,304.52,423.6,38000,-26.0
2026-09-12 06:18:03,PGT50FT,40.120377,32.584656,,,,-22.8
2026-09-12 06:18:03,TKJ6683,40.069094,32.811043,,,,-24.5
2026-09-12 06:18:33,ETD2,40.284851,32.486755,130.91,516.1,37000,-25.8
2026-09-12 06:18:33,THY6NH,40.220306,32.526855,304.52,423.6,38000,-26.0
2026-09-12 06:18:33,PGT50FT,40.120377,32.584656,,,,-22.8
2026-09-12 06:18:33,TKJ6683,40.069094,32.811043,,,,-24.5
2026-09-12 06:19:03,ETD2,40.284851,32.486755,130.91,516.1,37000,-25.8
2026-09-12 06:19:03,THY6NH,40.220306,32.526855,304.52,423.6,38000,-26.0
2026-09-12 06:19:03,PGT50FT,40.120377,32.584656,,,,-22.8
2026-09-12 06:19:03,TKJ6683,40.069094,32.811043,,,,-24.5
2026-09-12 06:19:33,ETD2,40.284851,32.486755,130.91,516.1,37000,-25.8
2026-09-12 06:19:33,THY6NH,40.220306,32.526855,304.52,423.6,38000,-26.0
2026-09-12 06:19:33,PGT50FT,40.120377,32.584656,,,,-22.8
2026-09-12 06:19:33,TKJ6683,40.069094,32.811043,,,,-24.5
2026-09-12 06:20:03,ETD2,40.284851,32.486755,130.91,516.1,37000,-25.8
2026-09-12 06:20:03,THY6NH,40.220306,32.526855,304.52,423.6,38000,-26.0
2026-09-12 06:20:03,PGT50FT,40.120377,32.584656,,,,-22.8
2026-09-12 06:20:03,TKJ6683,40.069094,32.811043,,,,-24.5
2026-09-12 06:20:33,ETD2,40.284851,32.486755,130.91,516.1,37000,-25.8
2026-09-12 06:20:33,THY6NH,40.220306,32.526855,304.52,423.6,38000,-26.0
2026-09-12 06:20:33,PGT50FT,40.120377,32.584656,,,,-22.8
2026-09-12 06:20:33,TKJ6683,40.069094,32.811043,,,,-24.5
2026-09-12 06:21:03,ETD2,40.284851,32.486755,130.91,516.1,37000,-25.8
2026-09-12 06:21:03,THY6NH,40.220306,32.526855,304.52,423.6,38000,-26.0
2026-09-12 06:21:03,PGT50FT,40.120377,32.584656,,,,-22.8
2026-09-12 06:21:03,TKJ6683,40.069094,32.811043,,,,-24.5
2026-09-12 06:21:33,ETD2,40.284851,32.486755,130.91,516.1,37000,-25.8
2026-09-12 06:21:33,THY6NH,40.220306,32.526855,304.52,423.6,38000,-26.0
2026-09-12 06:21:33,PGT50FT,40.120377,32.584656,,,,-22.8
2026-09-12 06:21:33,TKJ6683,40.069094,32.811043,,,,-24.5
2026-09-12 06:22:03,ETD2,40.284851,32.486755,130.91,516.1,37000,-25.8
2026-09-12 06:22:03,THY6NH,40.220306,32.526855,304.52,423.6,38000,-26.0
2026-09-12 06:22:03,PGT50FT,40.120377,32.584656,,,,-22.8
2026-09-12 06:22:03,TKJ6683,40.069094,32.811043,,,,-24.5
2026-09-12 06:22:34,ETD2,40.284851,32.486755,130.91,516.1,37000,-25.8
2026-09-12 06:22:34,THY6NH,40.220306,32.526855,304.52,423.6,38000,-26.0
2026-09-12 06:22:34,PGT50FT,40.120377,32.584656,,,,-22.8
2026-09-12 06:22:34,TKJ6683,40.069094,32.811043,,,,-24.5
2026-09-12 06:23:04,ETD2,40.284851,32.486755,130.91,516.1,37000,-25.8
2026-09-12 06:23:04,THY6NH,40.220306,32.526855,304.52,423.6,38000,-26.0
2026-09-12 06:23:04,PGT50FT,40.120377,32.584656,,,,-22.8
2026-09-12 06:23:04,TKJ6683,40.069094,32.811043,,,,-24.5
2026-09-12 06:23:34,ETD2,40.284851,32.486755,130.91,516.1,37000,-25.8
2026-09-12 06:23:34,THY6NH,40.220306,32.526855,304.52,423.6,38000,-26.0
2026-09-12 06:23:34,PGT50FT,40.120377,32.584656,,,,-22.8
2026-09-12 06:23:34,TKJ6683,40.069094,32.811043,,,,-24.5
2026-09-12 06:24:04,ETD2,40.284851,32.486755,130.91,516.1,37000,-25.8
2026-09-12 06:24:04,THY6NH,40.220306,32.526855,304.52,423.6,38000,-26.0
2026-09-12 06:24:04,PGT50FT,40.120377,32.584656,,,,-22.8
2026-09-12 06:24:04,TKJ6683,40.069094,32.811043,,,,-24.5
2026-09-12 06:24:34,ETD2,40.284851,32.486755,130.91,516.1,37000,-25.8
2026-09-12 06:24:34,THY6NH,40.220306,32.526855,304.52,423.6,38000,-26.0
2026-09-12 06:24:34,PGT50FT,40.120377,32.584656,,,,-22.8
2026-09-12 06:24:34,TKJ6683,40.069094,32.811043,,,,-24.5
2026-09-12 06:25:04,ETD2,40.284851,32.486755,130.91,516.1,37000,-25.8
2026-09-12 06:25:04,THY6NH,40.220306,32.526855,304.52,423.6,38000,-26.0
2026-09-12 06:25:04,PGT50FT,40.120377,32.584656,,,,-22.8
2026-09-12 06:25:04,TKJ6683,40.069094,32.811043,,,,-24.5
2026-09-12 06:25:34,ETD2,40.284851,32.486755,130.91,516.1,37000,-25.8
2026-09-12 06:25:34,THY6NH,40.220306,32.526855,304.52,423.6,38000,-26.0
2026-09-12 06:25:34,PGT50FT,40.120377,32.584656,,,,-22.8
2026-09-12 06:25:34,TKJ6683,40.069094,32.811043,,,,-24.5
2026-09-12 06:26:04,ETD2,40.284851,32.486755,130.91,516.1,37000,-25.8
2026-09-12 06:26:04,THY6NH,40.220306,32.526855,304.52,423.6,38000,-26.0
2026-09-12 06:26:04,PGT50FT,40.120377,32.584656,,,,-22.8
2026-09-12 06:26:04,TKJ6683,40.069094,32.811043,,,,-24.5
2026-09-12 06:26:34,ETD2,40.284851,32.486755,130.91,516.1,37000,-25.8
2026-09-12 06:26:34,THY6NH,40.220306,32.526855,304.52,423.6,38000,-26.0
2026-09-12 06:26:34,PGT50FT,40.120377,32.584656,,,,-22.8
2026-09-12 06:26:34,TKJ6683,40.069094,32.811043,,,,-24.5
2026-09-12 06:27:04,ETD2,40.284851,32.486755,130.91,516.1,37000,-25.8
2026-09-12 06:27:04,THY6NH,40.220306,32.526855,304.52,423.6,38000,-26.0
2026-09-12 06:27:04,PGT50FT,40.120377,32.584656,,,,-22.8
2026-09-12 06:27:04,TKJ6683,40.069094,32.811043,,,,-24.5
2026-09-12 06:27:34,ETD2,40.284851,32.486755,130.91,516.1,37000,-25.8
2026-09-12 06:27:34,THY6NH,40.220306,32.526855,304.52,423.6,38000,-26.0
2026-09-12 06:27:34,PGT50FT,40.120377,32.584656,,,,-22.8
2026-09-12 06:27:34,TKJ6683,40.069094,32.811043,,,,-24.5
2026-09-12 06:28:05,ETD2,40.284851,32.486755,130.91,516.1,37000,-25.8
2026-09-12 06:28:05,THY6NH,40.220306,32.526855,304.52,423.6,38000,-26.0
2026-09-12 06:28:05,PGT50FT,40.120377,32.584656,,,,-22.8
2026-09-12 06:28:05,TKJ6683,40.069094,32.811043,,,,-24.5
2026-09-12 06:28:35,ETD2,40.284851,32.486755,130.91,516.1,37000,-25.8
2026-09-12 06:28:35,THY6NH,40.220306,32.526855,304.52,423.6,38000,-26.0
2026-09-12 06:28:35,PGT50FT,40.120377,32.584656,,,,-22.8
2026-09-12 06:28:35,TKJ6683,40.069094,32.811043,,,,-24.5
2026-09-12 06:29:05,ETD2,40.284851,32.486755,130.91,516.1,37000,-25.8
2026-09-12 06:29:05,THY6NH,40.220306,32.526855,304.52,423.6,38000,-26.0
2026-09-12 06:29:05,PGT50FT,40.120377,32.584656,,,,-22.8
2026-09-12 06:29:05,TKJ6683,40.069094,32.811043,,,,-24.5
2026-09-12 06:29:35,ETD2,40.284851,32.486755,130.91,516.1,37000,-25.8
2026-09-12 06:29:35,THY6NH,40.220306,32.526855,304.52,423.6,38000,-26.0
2026-09-12 06:29:35,PGT50FT,40.120377,32.584656,,,,-22.8
2026-09-12 06:29:35,TKJ6683,40.069094,32.811043,,,,-24.5
2026-09-12 06:30:05,ETD2,40.284851,32.486755,130.91,516.1,37000,-25.8
2026-09-12 06:30:05,THY6NH,40.220306,32.526855,304.52,423.6,38000,-26.0
2026-09-12 06:30:05,PGT50FT,40.120377,32.584656,,,,-22.8
2026-09-12 06:30:05,TKJ6683,40.069094,32.811043,,,,-24.5
2026-09-12 06:30:35,ETD2,40.284851,32.486755,130.91,516.1,37000,-25.8
2026-09-12 06:30:35,THY6NH,40.220306,32.526855,304.52,423.6,38000,-26.0
2026-09-12 06:30:35,PGT50FT,40.120377,32.584656,,,,-22.8
2026-09-12 06:30:35,TKJ6683,40.069094,32.811043,,,,-24.5
2026-09-12 06:31:05,ETD2,40.284851,32.486755,130.91,516.1,37000,-25.8
2026-09-12 06:31:05,THY6NH,40.220306,32.526855,304.52,423.6,38000,-26.0
2026-09-12 06:31:05,PGT50FT,40.120377,32.584656,,,,-22.8
2026-09-12 06:31:05,TKJ6683,40.069094,32.811043,,,,-24.5
2026-09-12 06:31:35,ETD2,40.284851,32.486755,130.91,516.1,37000,-25.8
2026-09-12 06:31:35,THY6NH,40.220306,32.526855,304.52,423.6,38000,-26.0
2026-09-12 06:31:35,PGT50FT,40.120377,32.584656,,,,-22.8
2026-09-12 06:31:35,TKJ6683,40.069094,32.811043,,,,-24.5
2026-09-12 06:32:05,ETD2,40.284851,32.486755,130.91,516.1,37000,-25.8
2026-09-12 06:32:05,THY6NH,40.220306,32.526855,304.52,423.6,38000,-26.0
2026-09-12 06:32:05,PGT50FT,40.120377,32.584656,,,,-22.8
2026-09-12 06:32:05,TKJ6683,40.069094,32.811043,,,,-24.5
2026-09-12 06:32:35,ETD2,40.284851,32.486755,130.91,516.1,37000,-25.8
2026-09-12 06:32:35,THY6NH,40.220306,32.526855,304.52,423.6,38000,-26.0
2026-09-12 06:32:35,PGT50FT,40.120377,32.584656,,,,-22.8
2026-09-12 06:32:35,TKJ6683,40.069094,32.811043,,,,-24.5
2026-09-12 06:33:05,ETD2,40.284851,32.486755,130.91,516.1,37000,-25.8
2026-09-12 06:33:05,THY6NH,40.220306,32.526855,304.52,423.6,38000,-26.0
2026-09-12 06:33:05,PGT50FT,40.120377,32.584656,,,,-22.8
2026-09-12 06:33:05,TKJ6683,40.069094,32.811043,,,,-24.5
2026-09-12 06:33:35,ETD2,40.284851,32.486755,130.91,516.1,37000,-25.8
2026-09-12 06:33:35,THY6NH,40.220306,32.526855,304.52,423.6,38000,-26.0
2026-09-12 06:33:35,PGT50FT,40.120377,32.584656,,,,-22.8
2026-09-12 06:33:35,TKJ6683,40.069094,32.811043,,,,-24.5
2026-09-12 06:34:05,ETD2,40.284851,32.486755,130.91,516.1,37000,-25.8
2026-09-12 06:34:05,THY6NH,40.220306,32.526855,304.52,423.6,38000,-26.0
2026-09-12 06:34:05,PGT50FT,40.120377,32.584656,,,,-22.8
2026-09-12 06:34:05,TKJ6683,40.069094,32.811043,,,,-24.5
2026-09-12 06:34:36,ETD2,40.284851,32.486755,130.91,516.1,37000,-25.8
2026-09-12 06:34:36,THY6NH,40.220306,32.526855,304.52,423.6,38000,-26.0
2026-09-12 06:34:36,PGT50FT,40.120377,32.584656,,,,-22.8
2026-09-12 06:34:36,TKJ6683,40.069094,32.811043,,,,-24.5
2026-09-12 06:35:06,ETD2,40.284851,32.486755,130.91,516.1,37000,-25.8
2026-09-12 06:35:06,THY6NH,40.220306,32.526855,304.52,423.6,38000,-26.0
2026-09-12 06:35:06,PGT50FT,40.120377,32.584656,,,,-22.8
2026-09-12 06:35:06,TKJ6683,40.069094,32.811043,,,,-24.5
2026-09-12 06:35:36,ETD2,40.284851,32.486755,130.91,516.1,37000,-25.8
2026-09-12 06:35:36,THY6NH,40.220306,32.526855,304.52,423.6,38000,-26.0
2026-09-12 06:35:36,PGT50FT,40.120377,32.584656,,,,-22.8
2026-09-12 06:35:36,TKJ6683,40.069094,32.811043,,,,-24.5
2026-09-12 06:36:06,ETD2,40.284851,32.486755,130.91,516.1,37000,-25.8
2026-09-12 06:36:06,THY6NH,40.220306,32.526855,304.52,423.6,38000,-26.0
2026-09-12 06:36:06,PGT50FT,40.120377,32.584656,,,,-22.8
2026-09-12 06:36:06,TKJ6683,40.069094,32.811043,,,,-24.5
2026-09-12 06:36:36,ETD2,40.284851,32.486755,130.91,516.1,37000,-25.8
2026-09-12 06:36:36,THY6NH,40.220306,32.526855,304.52,423.6,38000,-26.0
2026-09-12 06:36:36,PGT50FT,40.120377,32.584656,,,,-22.8
2026-09-12 06:36:36,TKJ6683,40.069094,32.811043,,,,-24.5
2026-09-12 06:37:06,ETD2,40.284851,32.486755,130.91,516.1,37000,-25.8
2026-09-12 06:37:06,THY6NH,40.220306,32.526855,304.52,423.6,38000,-26.0
2026-09-12 06:37:06,PGT50FT,40.120377,32.584656,,,,-22.8
2026-09-12 06:37:06,TKJ6683,40.069094,32.811043,,,,-24.5
2026-09-12 06:37:36,ETD2,40.284851,32.486755,130.91,516.1,37000,-25.8
2026-09-12 06:37:36,THY6NH,40.220306,32.526855,304.52,423.6,38000,-26.0
2026-09-12 06:37:36,PGT50FT,40.120377,32.584656,,,,-22.8
2026-09-12 06:37:36,TKJ6683,40.069094,32.811043,,,,-24.5
2026-09-12 06:38:06,ETD2,40.284851,32.486755,130.91,516.1,37000,-25.8
2026-09-12 06:38:06,THY6NH,40.220306,32.526855,304.52,423.6,38000,-26.0
2026-09-12 06:38:06,PGT50FT,40.120377,32.584656,,,,-22.8
2026-09-12 06:38:06,TKJ6683,40.069094,32.811043,,,,-24.5
2026-09-12 06:38:36,ETD2,40.284851,32.486755,130.91,516.1,37000,-25.8
2026-09-12 06:38:36,THY6NH,40.220306,32.526855,304.52,423.6,38000,-26.0
2026-09-12 06:38:36,PGT50FT,40.120377,32.584656,,,,-22.8
2026-09-12 06:38:36,TKJ6683,40.069094,32.811043,,,,-24.5
2026-09-12 06:39:06,ETD2,40.284851,32.486755,130.91,516.1,37000,-25.8
2026-09-12 06:39:06,THY6NH,40.220306,32.526855,304.52,423.6,38000,-26.0
2026-09-12 06:39:06,PGT50FT,40.120377,32.584656,,,,-22.8
2026-09-12 06:39:06,TKJ6683,40.069094,32.811043,,,,-24.5
2026-09-12 06:39:36,ETD2,40.284851,32.486755,130.91,516.1,37000,-25.8
2026-09-12 06:39:36,THY6NH,40.220306,32.526855,304.52,423.6,38000,-26.0
2026-09-12 06:39:36,PGT50FT,40.120377,32.584656,,,,-22.8
2026-09-12 06:39:36,TKJ6683,40.069094,32.811043,,,,-24.5
2026-09-12 06:40:06,ETD2,40.284851,32.486755,130.91,516.1,37000,-25.8
2026-09-12 06:40:06,THY6NH,40.220306,32.526855,304.52,423.6,38000,-26.0
2026-09-12 06:40:06,PGT50FT,40.120377,32.584656,,,,-22.8
2026-09-12 06:40:06,TKJ6683,40.069094,32.811043,,,,-24.5
2026-09-12 06:40:37,ETD2,40.284851,32.486755,130.91,516.1,37000,-25.8
2026-09-12 06:40:37,THY6NH,40.220306,32.526855,304.52,423.6,38000,-26.0
2026-09-12 06:40:37,PGT50FT,40.120377,32.584656,,,,-22.8
2026-09-12 06:40:37,TKJ6683,40.069094,32.811043,,,,-24.5
2026-09-12 06:41:07,ETD2,40.284851,32.486755,130.91,516.1,37000,-25.8
2026-09-12 06:41:07,THY6NH,40.220306,32.526855,304.52,423.6,38000,-26.0
2026-09-12 06:41:07,PGT50FT,40.120377,32.584656,,,,-22.8
2026-09-12 06:41:07,TKJ6683,40.069094,32.811043,,,,-24.5
2026-09-12 06:41:37,ETD2,40.284851,32.486755,130.91,516.1,37000,-25.8
2026-09-12 06:41:37,THY6NH,40.220306,32.526855,304.52,423.6,38000,-26.0
2026-09-12 06:41:37,PGT50FT,40.120377,32.584656,,,,-22.8
2026-09-12 06:41:37,TKJ6683,40.069094,32.811043,,,,-24.5
2026-09-12 06:42:07,ETD2,40.284851,32.486755,130.91,516.1,37000,-25.8
2026-09-12 06:42:07,THY6NH,40.220306,32.526855,304.52,423.6,38000,-26.0
2026-09-12 06:42:07,PGT50FT,40.120377,32.584656,,,,-22.8
2026-09-12 06:42:07,TKJ6683,40.069094,32.811043,,,,-24.5
2026-09-12 06:42:37,ETD2,40.284851,32.486755,130.91,516.1,37000,-25.8
2026-09-12 06:42:37,THY6NH,40.220306,32.526855,304.52,423.6,38000,-26.0
2026-09-12 06:42:37,PGT50FT,40.120377,32.584656,,,,-22.8
2026-09-12 06:42:37,TKJ6683,40.069094,32.811043,,,,-24.5
2026-09-12 06:43:07,ETD2,40.284851,32.486755,130.91,516.1,37000,-25.8
2026-09-12 06:43:07,THY6NH,40.220306,32.526855,304.52,423.6,38000,-26.0
2026-09-12 06:43:07,PGT50FT,40.120377,32.584656,,,,-22.8
2026-09-12 06:43:07,TKJ6683,40.069094,32.811043,,,,-24.5
2026-09-12 06:43:37,ETD2,40.284851,32.486755,130.91,516.1,37000,-25.8
2026-09-12 06:43:37,THY6NH,40.220306,32.526855,304.52,423.6,38000,-26.0
2026-09-12 06:43:37,PGT50FT,40.120377,32.584656,,,,-22.8
2026-09-12 06:43:37,TKJ6683,40.069094,32.811043,,,,-24.5
2026-09-12 06:44:07,ETD2,40.284851,32.486755,130.91,516.1,37000,-25.8
2026-09-12 06:44:07,THY6NH,40.220306,32.526855,304.52,423.6,38000,-26.0
2026-09-12 06:44:07,PGT50FT,40.120377,32.584656,,,,-22.8
2026-09-12 06:44:07,TKJ6683,40.069094,32.811043,,,,-24.5
2026-09-12 06:44:37,ETD2,40.284851,32.486755,130.91,516.1,37000,-25.8
2026-09-12 06:44:37,THY6NH,40.220306,32.526855,304.52,423.6,38000,-26.0
2026-09-12 06:44:37,PGT50FT,40.120377,32.584656,,,,-22.8
2026-09-12 06:44:37,TKJ6683,40.069094,32.811043,,,,-24.5
2026-09-12 06:45:07,ETD2,40.284851,32.486755,130.91,516.1,37000,-25.8
2026-09-12 06:45:07,THY6NH,40.220306,32.526855,304.52,423.6,38000,-26.0
2026-09-12 06:45:07,PGT50FT,40.120377,32.584656,,,,-22.8
2026-09-12 06:45:07,TKJ6683,40.069094,32.811043,,,,-24.5
2026-09-12 06:45:37,ETD2,40.284851,32.486755,130.91,516.1,37000,-25.8
2026-09-12 06:45:37,THY6NH,40.220306,32.526855,304.52,423.6,38000,-26.0
2026-09-12 06:45:37,PGT50FT,40.120377,32.584656,,,,-22.8
2026-09-12 06:45:37,TKJ6683,40.069094,32.811043,,,,-24.5
2026-09-12 06:46:07,ETD2,40.284851,32.486755,130.91,516.1,37000,-25.8
2026-09-12 06:46:07,THY6NH,40.220306,32.526855,304.52,423.6,38000,-26.0
2026-09-12 06:46:07,PGT50FT,40.120377,32.584656,,,,-22.8
2026-09-12 06:46:07,TKJ6683,40.069094,32.811043,,,,-24.5
2026-09-12 06:46:38,ETD2,40.284851,32.486755,130.91,516.1,37000,-25.8
2026-09-12 06:46:38,THY6NH,40.220306,32.526855,304.52,423.6,38000,-26.0
2026-09-12 06:46:38,PGT50FT,40.120377,32.584656,,,,-22.8
2026-09-12 06:46:38,TKJ6683,40.069094,32.811043,,,,-24.5
2026-09-12 06:47:08,ETD2,40.284851,32.486755,130.91,516.1,37000,-25.8
2026-09-12 06:47:08,THY6NH,40.220306,32.526855,304.52,423.6,38000,-26.0
2026-09-12 06:47:08,PGT50FT,40.120377,32.584656,,,,-22.8
2026-09-12 06:47:08,TKJ6683,40.069094,32.811043,,,,-24.5
2026-09-12 06:47:38,ETD2,40.284851,32.486755,130.91,516.1,37000,-25.8
2026-09-12 06:47:38,THY6NH,40.220306,32.526855,304.52,423.6,38000,-26.0
2026-09-12 06:47:38,PGT50FT,40.120377,32.584656,,,,-22.8
2026-09-12 06:47:38,TKJ6683,40.069094,32.811043,,,,-24.5
2026-09-12 06:48:08,ETD2,40.284851,32.486755,130.91,516.1,37000,-25.8
2026-09-12 06:48:08,THY6NH,40.220306,32.526855,304.52,423.6,38000,-26.0
2026-09-12 06:48:08,PGT50FT,40.120377,32.584656,,,,-22.8
2026-09-12 06:48:08,TKJ6683,40.069094,32.811043,,,,-24.5
2026-09-12 06:48:38,ETD2,40.284851,32.486755,130.91,516.1,37000,-25.8
2026-09-12 06:48:38,THY6NH,40.220306,32.526855,304.52,423.6,38000,-26.0
2026-09-12 06:48:38,PGT50FT,40.120377,32.584656,,,,-22.8
2026-09-12 06:48:38,TKJ6683,40.069094,32.811043,,,,-24.5
2026-09-12 06:49:08,ETD2,40.284851,32.486755,130.91,516.1,37000,-25.8
2026-09-12 06:49:08,THY6NH,40.220306,32.526855,304.52,423.6,38000,-26.0
2026-09-12 06:49:08,PGT50FT,40.120377,32.584656,,,,-22.8
2026-09-12 06:49:08,TKJ6683,40.069094,32.811043,,,,-24.5
2026-09-12 06:49:38,ETD2,40.284851,32.486755,130.91,516.1,37000,-25.8
2026-09-12 06:49:38,THY6NH,40.220306,32.526855,304.52,423.6,38000,-26.0
2026-09-12 06:49:38,PGT50FT,40.120377,32.584656,,,,-22.8
2026-09-12 06:49:38,TKJ6683,40.069094,32.811043,,,,-24.5
2026-09-12 06:50:08,ETD2,40.284851,32.486755,130.91,516.1,37000,-25.8
2026-09-12 06:50:08,THY6NH,40.220306,32.526855,304.52,423.6,38000,-26.0
2026-09-12 06:50:08,PGT50FT,40.120377,32.584656,,,,-22.8
2026-09-12 06:50:08,TKJ6683,40.069094,32.811043,,,,-24.5
2026-09-12 06:50:38,ETD2,40.284851,32.486755,130.91,516.1,37000,-25.8
2026-09-12 06:50:38,THY6NH,40.220306,32.526855,304.52,423.6,38000,-26.0
2026-09-12 06:50:38,PGT50FT,40.120377,32.584656,,,,-22.8
2026-09-12 06:50:38,TKJ6683,40.069094,32.811043,,,,-24.5
2026-09-12 06:51:08,ETD2,40.284851,32.486755,130.91,516.1,37000,-25.8
2026-09-12 06:51:08,THY6NH,40.220306,32.526855,304.52,423.6,38000,-26.0
2026-09-12 06:51:08,PGT50FT,40.120377,32.584656,,,,-22.8
2026-09-12 06:51:08,TKJ6683,40.069094,32.811043,,,,-24.5
2026-09-12 06:51:38,ETD2,40.284851,32.486755,130.91,516.1,37000,-25.8
2026-09-12 06:51:38,THY6NH,40.220306,32.526855,304.52,423.6,38000,-26.0
2026-09-12 06:51:38,PGT50FT,40.120377,32.584656,,,,-22.8
2026-09-12 06:51:38,TKJ6683,40.069094,32.811043,,,,-24.5
2026-09-12 06:52:08,ETD2,40.284851,32.486755,130.91,516.1,37000,-25.8
2026-09-12 06:52:08,THY6NH,40.220306,32.526855,304.52,423.6,38000,-26.0
2026-09-12 06:52:08,PGT50FT,40.120377,32.584656,,,,-22.8
2026-09-12 06:52:08,TKJ6683,40.069094,32.811043,,,,-24.5
2026-09-12 06:52:38,ETD2,40.284851,32.486755,130.91,516.1,37000,-25.8
2026-09-12 06:52:38,THY6NH,40.220306,32.526855,304.52,423.6,38000,-26.0
2026-09-12 06:52:38,PGT50FT,40.120377,32.584656,,,,-22.8
2026-09-12 06:52:38,TKJ6683,40.069094,32.811043,,,,-24.5
2026-09-12 06:53:09,ETD2,40.284851,32.486755,130.91,516.1,37000,-25.8
2026-09-12 06:53:09,THY6NH,40.220306,32.526855,304.52,423.6,38000,-26.0
2026-09-12 06:53:09,PGT50FT,40.120377,32.584656,,,,-22.8
2026-09-12 06:53:09,TKJ6683,40.069094,32.811043,,,,-24.5
2026-09-12 06:53:39,ETD2,40.284851,32.486755,130.91,516.1,37000,-25.8
2026-09-12 06:53:39,THY6NH,40.220306,32.526855,304.52,423.6,38000,-26.0
2026-09-12 06:53:39,PGT50FT,40.120377,32.584656,,,,-22.8
2026-09-12 06:53:39,TKJ6683,40.069094,32.811043,,,,-24.5
2026-09-12 06:54:09,ETD2,40.284851,32.486755,130.91,516.1,37000,-25.8
2026-09-12 06:54:09,THY6NH,40.220306,32.526855,304.52,423.6,38000,-26.0
2026-09-12 06:54:09,PGT50FT,40.120377,32.584656,,,,-22.8
2026-09-12 06:54:09,TKJ6683,40.069094,32.811043,,,,-24.5
2026-09-12 06:54:39,ETD2,40.284851,32.486755,130.91,516.1,37000,-25.8
2026-09-12 06:54:39,THY6NH,40.220306,32.526855,304.52,423.6,38000,-26.0
2026-09-12 06:54:39,PGT50FT,40.120377,32.584656,,,,-22.8
2026-09-12 06:54:39,TKJ6683,40.069094,32.811043,,,,-24.5
2026-09-12 06:55:09,ETD2,40.284851,32.486755,130.91,516.1,37000,-25.8
2026-09-12 06:55:09,THY6NH,40.220306,32.526855,304.52,423.6,38000,-26.0
2026-09-12 06:55:09,PGT50FT,40.120377,32.584656,,,,-22.8
2026-09-12 06:55:09,TKJ6683,40.069094,32.811043,,,,-24.5
2026-09-12 06:55:39,ETD2,40.284851,32.486755,130.91,516.1,37000,-25.8
2026-09-12 06:55:39,THY6NH,40.220306,32.526855,304.52,423.6,38000,-26.0
2026-09-12 06:55:39,PGT50FT,40.120377,32.584656,,,,-22.8
2026-09-12 06:55:39,TKJ6683,40.069094,32.811043,,,,-24.5
2026-09-12 06:56:09,ETD2,40.284851,32.486755,130.91,516.1,37000,-25.8
2026-09-12 06:56:09,THY6NH,40.220306,32.526855,304.52,423.6,38000,-26.0
2026-09-12 06:56:09,PGT50FT,40.120377,32.584656,,,,-22.8
2026-09-12 06:56:09,TKJ6683,40.069094,32.811043,,,,-24.5
2026-09-12 06:56:39,ETD2,40.284851,32.486755,130.91,516.1,37000,-25.8
2026-09-12 06:56:39,THY6NH,40.220306,32.526855,304.52,423.6,38000,-26.0
2026-09-12 06:56:39,PGT50FT,40.120377,32.584656,,,,-22.8
2026-09-12 06:56:39,TKJ6683,40.069094,32.811043,,,,-24.5
2026-09-12 06:57:09,ETD2,40.284851,32.486755,130.91,516.1,37000,-25.8
2026-09-12 06:57:09,THY6NH,40.220306,32.526855,304.52,423.6,38000,-26.0
2026-09-12 06:57:09,PGT50FT,40.120377,32.584656,,,,-22.8
2026-09-12 06:57:09,TKJ6683,40.069094,32.811043,,,,-24.5
2026-09-12 06:57:39,ETD2,40.284851,32.486755,130.91,516.1,37000,-25.8
2026-09-12 06:57:39,THY6NH,40.220306,32.526855,304.52,423.6,38000,-26.0
2026-09-12 06:57:39,PGT50FT,40.120377,32.584656,,,,-22.8
2026-09-12 06:57:39,TKJ6683,40.069094,32.811043,,,,-24.5
2026-09-12 06:58:09,ETD2,40.284851,32.486755,130.91,516.1,37000,-25.8
2026-09-12 06:58:09,THY6NH,40.220306,32.526855,304.52,423.6,38000,-26.0
2026-09-12 06:58:09,PGT50FT,40.120377,32.584656,,,,-22.8
2026-09-12 06:58:09,TKJ6683,40.069094,32.811043,,,,-24.5
2026-09-12 06:58:39,ETD2,40.284851,32.486755,130.91,516.1,37000,-25.8
2026-09-12 06:58:39,THY6NH,40.220306,32.526855,304.52,423.6,38000,-26.0
2026-09-12 06:58:39,PGT50FT,40.120377,32.584656,,,,-22.8
2026-09-12 06:58:39,TKJ6683,40.069094,32.811043,,,,-24.5
2026-09-12 06:59:09,ETD2,40.284851,32.486755,130.91,516.1,37000,-25.8
2026-09-12 06:59:09,THY6NH,40.220306,32.526855,304.52,423.6,38000,-26.0
2026-09-12 06:59:09,PGT50FT,40.120377,32.584656,,,,-22.8
2026-09-12 06:59:09,TKJ6683,40.069094,32.811043,,,,-24.5
2026-09-12 06:59:40,ETD2,40.284851,32.486755,130.91,516.1,37000,-25.8
2026-09-12 06:59:40,THY6NH,40.220306,32.526855,304.52,423.6,38000,-26.0
2026-09-12 06:59:40,PGT50FT,40.120377,32.584656,,,,-22.8
2026-09-12 06:59:40,TKJ6683,40.069094,32.811043,,,,-24.5
2026-09-12 07:00:10,ETD2,40.284851,32.486755,130.91,516.1,37000,-25.8
2026-09-12 07:00:10,THY6NH,40.220306,32.526855,304.52,423.6,38000,-26.0
2026-09-12 07:00:10,PGT50FT,40.120377,32.584656,,,,-22.8
2026-09-12 07:00:10,TKJ6683,40.069094,32.811043,,,,-24.5
2026-09-12 07:00:40,ETD2,40.284851,32.486755,130.91,516.1,37000,-25.8
2026-09-12 07:00:40,THY6NH,40.220306,32.526855,304.52,423.6,38000,-26.0
2026-09-12 07:00:40,PGT50FT,40.120377,32.584656,,,,-22.8
2026-09-12 07:00:40,TKJ6683,40.069094,32.811043,,,,-24.5
2026-09-12 07:01:10,ETD2,40.284851,32.486755,130.91,516.1,37000,-25.8
2026-09-12 07:01:10,THY6NH,40.220306,32.526855,304.52,423.6,38000,-26.0
2026-09-12 07:01:10,PGT50FT,40.120377,32.584656,,,,-22.8
2026-09-12 07:01:10,TKJ6683,40.069094,32.811043,,,,-24.5
2026-09-12 07:01:40,ETD2,40.284851,32.486755,130.91,516.1,37000,-25.8
2026-09-12 07:01:40,THY6NH,40.220306,32.526855,304.52,423.6,38000,-26.0
2026-09-12 07:01:40,PGT50FT,40.120377,32.584656,,,,-22.8
2026-09-12 07:01:40,TKJ6683,40.069094,32.811043,,,,-24.5
2026-09-12 07:02:10,ETD2,40.284851,32.486755,130.91,516.1,37000,-25.8
2026-09-12 07:02:10,THY6NH,40.220306,32.526855,304.52,423.6,38000,-26.0
2026-09-12 07:02:10,PGT50FT,40.120377,32.584656,,,,-22.8
2026-09-12 07:02:10,TKJ6683,40.069094,32.811043,,,,-24.5
2026-09-12 07:02:40,ETD2,40.284851,32.486755,130.91,516.1,37000,-25.8
2026-09-12 07:02:40,THY6NH,40.220306,32.526855,304.52,423.6,38000,-26.0
2026-09-12 07:02:40,PGT50FT,40.120377,32.584656,,,,-22.8
2026-09-12 07:02:40,TKJ6683,40.069094,32.811043,,,,-24.5
2026-09-12 07:03:10,ETD2,40.284851,32.486755,130.91,516.1,37000,-25.8
2026-09-12 07:03:10,THY6NH,40.220306,32.526855,304.52,423.6,38000,-26.0
2026-09-12 07:03:10,PGT50FT,40.120377,32.584656,,,,-22.8
2026-09-12 07:03:10,TKJ6683,40.069094,32.811043,,,,-24.5
2026-09-12 07:03:40,ETD2,40.284851,32.486755,130.91,516.1,37000,-25.8
2026-09-12 07:03:40,THY6NH,40.220306,32.526855,304.52,423.6,38000,-26.0
2026-09-12 07:03:40,PGT50FT,40.120377,32.584656,,,,-22.8
2026-09-12 07:03:40,TKJ6683,40.069094,32.811043,,,,-24.5
2026-09-12 07:04:10,ETD2,40.284851,32.486755,130.91,516.1,37000,-25.8
2026-09-12 07:04:10,THY6NH,40.220306,32.526855,304.52,423.6,38000,-26.0
2026-09-12 07:04:10,PGT50FT,40.120377,32.584656,,,,-22.8
2026-09-12 07:04:10,TKJ6683,40.069094,32.811043,,,,-24.5
2026-09-12 07:04:41,ETD2,40.284851,32.486755,130.91,516.1,37000,-25.8
2026-09-12 07:04:41,THY6NH,40.220306,32.526855,304.52,423.6,38000,-26.0
2026-09-12 07:04:41,PGT50FT,40.120377,32.584656,,,,-22.8
2026-09-12 07:04:41,TKJ6683,40.069094,32.811043,,,,-24.5
2026-09-12 07:05:11,ETD2,40.284851,32.486755,130.91,516.1,37000,-25.8
2026-09-12 07:05:11,THY6NH,40.220306,32.526855,304.52,423.6,38000,-26.0
2026-09-12 07:05:11,PGT50FT,40.120377,32.584656,,,,-22.8
2026-09-12 07:05:11,TKJ6683,40.069094,32.811043,,,,-24.5
2026-09-12 07:05:41,ETD2,40.284851,32.486755,130.91,516.1,37000,-25.8
2026-09-12 07:05:41,THY6NH,40.220306,32.526855,304.52,423.6,38000,-26.0
2026-09-12 07:05:41,PGT50FT,40.120377,32.584656,,,,-22.8
2026-09-12 07:05:41,TKJ6683,40.069094,32.811043,,,,-24.5
2026-09-12 07:06:11,ETD2,40.284851,32.486755,130.91,516.1,37000,-25.8
2026-09-12 07:06:11,THY6NH,40.220306,32.526855,304.52,423.6,38000,-26.0
2026-09-12 07:06:11,PGT50FT,40.120377,32.584656,,,,-22.8
2026-09-12 07:06:11,TKJ6683,40.069094,32.811043,,,,-24.5
2026-09-12 07:06:41,ETD2,40.284851,32.486755,130.91,516.1,37000,-25.8
2026-09-12 07:06:41,THY6NH,40.220306,32.526855,304.52,423.6,38000,-26.0
2026-09-12 07:06:41,PGT50FT,40.120377,32.584656,,,,-22.8
2026-09-12 07:06:41,TKJ6683,40.069094,32.811043,,,,-24.5
2026-09-12 07:07:11,ETD2,40.284851,32.486755,130.91,516.1,37000,-25.8
2026-09-12 07:07:11,THY6NH,40.220306,32.526855,304.52,423.6,38000,-26.0
2026-09-12 07:07:11,PGT50FT,40.120377,32.584656,,,,-22.8
2026-09-12 07:07:11,TKJ6683,40.069094,32.811043,,,,-24.5
2026-09-12 07:07:41,ETD2,40.284851,32.486755,130.91,516.1,37000,-25.8
2026-09-12 07:07:41,THY6NH,40.220306,32.526855,304.52,423.6,38000,-26.0
2026-09-12 07:07:41,PGT50FT,40.120377,32.584656,,,,-22.8
2026-09-12 07:07:41,TKJ6683,40.069094,32.811043,,,,-24.5
2026-09-12 07:08:11,ETD2,40.284851,32.486755,130.91,516.1,37000,-25.8
2026-09-12 07:08:11,THY6NH,40.220306,32.526855,304.52,423.6,38000,-26.0
2026-09-12 07:08:11,PGT50FT,40.120377,32.584656,,,,-22.8
2026-09-12 07:08:11,TKJ6683,40.069094,32.811043,,,,-24.5
2026-09-12 07:08:41,ETD2,40.284851,32.486755,130.91,516.1,37000,-25.8
2026-09-12 07:08:41,THY6NH,40.220306,32.526855,304.52,423.6,38000,-26.0
2026-09-12 07:08:41,PGT50FT,40.120377,32.584656,,,,-22.8
2026-09-12 07:08:41,TKJ6683,40.069094,32.811043,,,,-24.5
2026-09-12 07:09:11,ETD2,40.284851,32.486755,130.91,516.1,37000,-25.8
2026-09-12 07:09:11,THY6NH,40.220306,32.526855,304.52,423.6,38000,-26.0
2026-09-12 07:09:11,PGT50FT,40.120377,32.584656,,,,-22.8
2026-09-12 07:09:11,TKJ6683,40.069094,32.811043,,,,-24.5
2026-09-12 07:09:41,ETD2,40.284851,32.486755,130.91,516.1,37000,-25.8
2026-09-12 07:09:41,THY6NH,40.220306,32.526855,304.52,423.6,38000,-26.0
2026-09-12 07:09:41,PGT50FT,40.120377,32.584656,,,,-22.8
2026-09-12 07:09:41,TKJ6683,40.069094,32.811043,,,,-24.5
2026-09-12 07:10:11,ETD2,40.284851,32.486755,130.91,516.1,37000,-25.8
2026-09-12 07:10:11,THY6NH,40.220306,32.526855,304.52,423.6,38000,-26.0
2026-09-12 07:10:11,PGT50FT,40.120377,32.584656,,,,-22.8
2026-09-12 07:10:11,TKJ6683,40.069094,32.811043,,,,-24.5
2026-09-12 07:10:42,ETD2,40.284851,32.486755,130.91,516.1,37000,-25.8
2026-09-12 07:10:42,THY6NH,40.220306,32.526855,304.52,423.6,38000,-26.0
2026-09-12 07:10:42,PGT50FT,40.120377,32.584656,,,,-22.8
2026-09-12 07:10:42,TKJ6683,40.069094,32.811043,,,,-24.5
2026-09-12 07:11:12,ETD2,40.284851,32.486755,130.91,516.1,37000,-25.8
2026-09-12 07:11:12,THY6NH,40.220306,32.526855,304.52,423.6,38000,-26.0
2026-09-12 07:11:12,PGT50FT,40.120377,32.584656,,,,-22.8
2026-09-12 07:11:12,TKJ6683,40.069094,32.811043,,,,-24.5
2026-09-12 07:11:42,ETD2,40.284851,32.486755,130.91,516.1,37000,-25.8
2026-09-12 07:11:42,THY6NH,40.220306,32.526855,304.52,423.6,38000,-26.0
2026-09-12 07:11:42,PGT50FT,40.120377,32.584656,,,,-22.8
2026-09-12 07:11:42,TKJ6683,40.069094,32.811043,,,,-24.5
2026-09-12 07:12:12,ETD2,40.284851,32.486755,130.91,516.1,37000,-25.8
2026-09-12 07:12:12,THY6NH,40.220306,32.526855,304.52,423.6,38000,-26.0
2026-09-12 07:12:12,PGT50FT,40.120377,32.584656,,,,-22.8
2026-09-12 07:12:12,TKJ6683,40.069094,32.811043,,,,-24.5
2026-09-12 07:12:42,ETD2,40.284851,32.486755,130.91,516.1,37000,-25.8
2026-09-12 07:12:42,THY6NH,40.220306,32.526855,304.52,423.6,38000,-26.0
2026-09-12 07:12:42,PGT50FT,40.120377,32.584656,,,,-22.8
2026-09-12 07:12:42,TKJ6683,40.069094,32.811043,,,,-24.5
2026-09-12 07:13:12,ETD2,40.284851,32.486755,130.91,516.1,37000,-25.8
2026-09-12 07:13:12,THY6NH,40.220306,32.526855,304.52,423.6,38000,-26.0
2026-09-12 07:13:12,PGT50FT,40.120377,32.584656,,,,-22.8
2026-09-12 07:13:12,TKJ6683,40.069094,32.811043,,,,-24.5
2026-09-12 07:13:42,ETD2,40.284851,32.486755,130.91,516.1,37000,-25.8
2026-09-12 07:13:42,THY6NH,40.220306,32.526855,304.52,423.6,38000,-26.0
2026-09-12 07:13:42,PGT50FT,40.120377,32.584656,,,,-22.8
2026-09-12 07:13:42,TKJ6683,40.069094,32.811043,,,,-24.5
2026-09-12 07:14:12,ETD2,40.284851,32.486755,130.91,516.1,37000,-25.8
2026-09-12 07:14:12,THY6NH,40.220306,32.526855,304.52,423.6,38000,-26.0
2026-09-12 07:14:12,PGT50FT,40.120377,32.584656,,,,-22.8
2026-09-12 07:14:12,TKJ6683,40.069094,32.811043,,,,-24.5
2026-09-12 07:14:42,ETD2,40.284851,32.486755,130.91,516.1,37000,-25.8
2026-09-12 07:14:42,THY6NH,40.220306,32.526855,304.52,423.6,38000,-26.0
2026-09-12 07:14:42,PGT50FT,40.120377,32.584656,,,,-22.8
2026-09-12 07:14:42,TKJ6683,40.069094,32.811043,,,,-24.5
2026-09-12 07:15:12,ETD2,40.284851,32.486755,130.91,516.1,37000,-25.8
2026-09-12 07:15:12,THY6NH,40.220306,32.526855,304.52,423.6,38000,-26.0
2026-09-12 07:15:12,PGT50FT,40.120377,32.584656,,,,-22.8
2026-09-12 07:15:12,TKJ6683,40.069094,32.811043,,,,-24.5
2026-09-12 07:15:42,ETD2,40.284851,32.486755,130.91,516.1,37000,-25.8
2026-09-12 07:15:42,THY6NH,40.220306,32.526855,304.52,423.6,38000,-26.0
2026-09-12 07:15:42,PGT50FT,40.120377,32.584656,,,,-22.8
2026-09-12 07:15:42,TKJ6683,40.069094,32.811043,,,,-24.5
2026-09-12 07:16:12,ETD2,40.284851,32.486755,130.91,516.1,37000,-25.8
2026-09-12 07:16:12,THY6NH,40.220306,32.526855,304.52,423.6,38000,-26.0
2026-09-12 07:16:12,PGT50FT,40.120377,32.584656,,,,-22.8
2026-09-12 07:16:12,TKJ6683,40.069094,32.811043,,,,-24.5
2026-09-12 07:16:42,ETD2,40.284851,32.486755,130.91,516.1,37000,-25.8
2026-09-12 07:16:42,THY6NH,40.220306,32.526855,304.52,423.6,38000,-26.0
2026-09-12 07:16:42,PGT50FT,40.120377,32.584656,,,,-22.8
2026-09-12 07:16:42,TKJ6683,40.069094,32.811043,,,,-24.5
2026-09-12 07:17:13,ETD2,40.284851,32.486755,130.91,516.1,37000,-25.8
2026-09-12 07:17:13,THY6NH,40.220306,32.526855,304.52,423.6,38000,-26.0
2026-09-12 07:17:13,PGT50FT,40.120377,32.584656,,,,-22.8
2026-09-12 07:17:13,TKJ6683,40.069094,32.811043,,,,-24.5
2026-09-12 07:17:43,ETD2,40.284851,32.486755,130.91,516.1,37000,-25.8
2026-09-12 07:17:43,THY6NH,40.220306,32.526855,304.52,423.6,38000,-26.0
2026-09-12 07:17:43,PGT50FT,40.120377,32.584656,,,,-22.8
2026-09-12 07:17:43,TKJ6683,40.069094,32.811043,,,,-24.5
2026-09-12 07:18:13,ETD2,40.284851,32.486755,130.91,516.1,37000,-25.8
2026-09-12 07:18:13,THY6NH,40.220306,32.526855,304.52,423.6,38000,-26.0
2026-09-12 07:18:13,PGT50FT,40.120377,32.584656,,,,-22.8
2026-09-12 07:18:13,TKJ6683,40.069094,32.811043,,,,-24.5
2026-09-12 07:18:43,ETD2,40.284851,32.486755,130.91,516.1,37000,-25.8
2026-09-12 07:18:43,THY6NH,40.220306,32.526855,304.52,423.6,38000,-26.0
2026-09-12 07:18:43,PGT50FT,40.120377,32.584656,,,,-22.8
2026-09-12 07:18:43,TKJ6683,40.069094,32.811043,,,,-24.5
2026-09-12 07:19:13,ETD2,40.284851,32.486755,130.91,516.1,37000,-25.8
2026-09-12 07:19:13,THY6NH,40.220306,32.526855,304.52,423.6,38000,-26.0
2026-09-12 07:19:13,PGT50FT,40.120377,32.584656,,,,-22.8
2026-09-12 07:19:13,TKJ6683,40.069094,32.811043,,,,-24.5
2026-09-12 07:19:43,ETD2,40.284851,32.486755,130.91,516.1,37000,-25.8
2026-09-12 07:19:43,THY6NH,40.220306,32.526855,304.52,423.6,38000,-26.0
2026-09-12 07:19:43,PGT50FT,40.120377,32.584656,,,,-22.8
2026-09-12 07:19:43,TKJ6683,40.069094,32.811043,,,,-24.5
2026-09-12 07:20:13,ETD2,40.284851,32.486755,130.91,516.1,37000,-25.8
2026-09-12 07:20:13,THY6NH,40.220306,32.526855,304.52,423.6,38000,-26.0
2026-09-12 07:20:13,PGT50FT,40.120377,32.584656,,,,-22.8
2026-09-12 07:20:13,TKJ6683,40.069094,32.811043,,,,-24.5
2026-09-12 07:20:43,ETD2,40.284851,32.486755,130.91,516.1,37000,-25.8
2026-09-12 07:20:43,THY6NH,40.220306,32.526855,304.52,423.6,38000,-26.0
2026-09-12 07:20:43,PGT50FT,40.120377,32.584656,,,,-22.8
2026-09-12 07:20:43,TKJ6683,40.069094,32.811043,,,,-24.5
2026-09-12 07:21:13,ETD2,40.284851,32.486755,130.91,516.1,37000,-25.8
2026-09-12 07:21:13,THY6NH,40.220306,32.526855,304.52,423.6,38000,-26.0
2026-09-12 07:21:13,PGT50FT,40.120377,32.584656,,,,-22.8
2026-09-12 07:21:13,TKJ6683,40.069094,32.811043,,,,-24.5
2026-09-12 07:21:43,ETD2,40.284851,32.486755,130.91,516.1,37000,-25.8
2026-09-12 07:21:43,THY6NH,40.220306,32.526855,304.52,423.6,38000,-26.0
2026-09-12 07:21:43,PGT50FT,40.120377,32.584656,,,,-22.8
2026-09-12 07:21:43,TKJ6683,40.069094,32.811043,,,,-24.5
2026-09-12 07:22:13,ETD2,40.284851,32.486755,130.91,516.1,37000,-25.8
2026-09-12 07:22:13,THY6NH,40.220306,32.526855,304.52,423.6,38000,-26.0
2026-09-12 07:22:13,PGT50FT,40.120377,32.584656,,,,-22.8
2026-09-12 07:22:13,TKJ6683,40.069094,32.811043,,,,-24.5
2026-09-12 07:22:43,ETD2,40.284851,32.486755,130.91,516.1,37000,-25.8
2026-09-12 07:22:43,THY6NH,40.220306,32.526855,304.52,423.6,38000,-26.0
2026-09-12 07:22:43,PGT50FT,40.120377,32.584656,,,,-22.8
2026-09-12 07:22:43,TKJ6683,40.069094,32.811043,,,,-24.5
2026-09-12 07:23:14,ETD2,40.284851,32.486755,130.91,516.1,37000,-25.8
2026-09-12 07:23:14,THY6NH,40.220306,32.526855,304.52,423.6,38000,-26.0
2026-09-12 07:23:14,PGT50FT,40.120377,32.584656,,,,-22.8
2026-09-12 07:23:14,TKJ6683,40.069094,32.811043,,,,-24.5
2026-09-12 07:23:44,ETD2,40.284851,32.486755,130.91,516.1,37000,-25.8
2026-09-12 07:23:44,THY6NH,40.220306,32.526855,304.52,423.6,38000,-26.0
2026-09-12 07:23:44,PGT50FT,40.120377,32.584656,,,,-22.8
2026-09-12 07:23:44,TKJ6683,40.069094,32.811043,,,,-24.5
2026-09-12 07:24:14,ETD2,40.284851,32.486755,130.91,516.1,37000,-25.8
2026-09-12 07:24:14,THY6NH,40.220306,32.526855,304.52,423.6,38000,-26.0
2026-09-12 07:24:14,PGT50FT,40.120377,32.584656,,,,-22.8
2026-09-12 07:24:14,TKJ6683,40.069094,32.811043,,,,-24.5
2026-09-12 07:24:44,ETD2,40.284851,32.486755,130.91,516.1,37000,-25.8
2026-09-12 07:24:44,THY6NH,40.220306,32.526855,304.52,423.6,38000,-26.0
2026-09-12 07:24:44,PGT50FT,40.120377,32.584656,,,,-22.8
2026-09-12 07:24:44,TKJ6683,40.069094,32.811043,,,,-24.5
2026-09-12 07:25:14,ETD2,40.284851,32.486755,130.91,516.1,37000,-25.8
2026-09-12 07:25:14,THY6NH,40.220306,32.526855,304.52,423.6,38000,-26.0
2026-09-12 07:25:14,PGT50FT,40.120377,32.584656,,,,-22.8
2026-09-12 07:25:14,TKJ6683,40.069094,32.811043,,,,-24.5
2026-09-12 07:25:44,ETD2,40.284851,32.486755,130.91,516.1,37000,-25.8
2026-09-12 07:25:44,THY6NH,40.220306,32.526855,304.52,423.6,38000,-26.0
2026-09-12 07:25:44,PGT50FT,40.120377,32.584656,,,,-22.8
2026-09-12 07:25:44,TKJ6683,40.069094,32.811043,,,,-24.5
2026-09-12 07:26:14,ETD2,40.284851,32.486755,130.91,516.1,37000,-25.8
2026-09-12 07:26:14,THY6NH,40.220306,32.526855,304.52,423.6,38000,-26.0
2026-09-12 07:26:14,PGT50FT,40.120377,32.584656,,,,-22.8
2026-09-12 07:26:14,TKJ6683,40.069094,32.811043,,,,-24.5
2026-09-12 07:26:44,ETD2,40.284851,32.486755,130.91,516.1,37000,-25.8
2026-09-12 07:26:44,THY6NH,40.220306,32.526855,304.52,423.6,38000,-26.0
2026-09-12 07:26:44,PGT50FT,40.120377,32.584656,,,,-22.8
2026-09-12 07:26:44,TKJ6683,40.069094,32.811043,,,,-24.5
2026-09-12 07:27:14,ETD2,40.284851,32.486755,130.91,516.1,37000,-25.8
2026-09-12 07:27:14,THY6NH,40.220306,32.526855,304.52,423.6,38000,-26.0
2026-09-12 07:27:14,PGT50FT,40.120377,32.584656,,,,-22.8
2026-09-12 07:27:14,TKJ6683,40.069094,32.811043,,,,-24.5
2026-09-12 07:27:44,ETD2,40.284851,32.486755,130.91,516.1,37000,-25.8
2026-09-12 07:27:44,THY6NH,40.220306,32.526855,304.52,423.6,38000,-26.0
2026-09-12 07:27:44,PGT50FT,40.120377,32.584656,,,,-22.8
2026-09-12 07:27:44,TKJ6683,40.069094,32.811043,,,,-24.5
2026-09-12 07:28:14,ETD2,40.284851,32.486755,130.91,516.1,37000,-25.8
2026-09-12 07:28:14,THY6NH,40.220306,32.526855,304.52,423.6,38000,-26.0
2026-09-12 07:28:14,PGT50FT,40.120377,32.584656,,,,-22.8
2026-09-12 07:28:14,TKJ6683,40.069094,32.811043,,,,-24.5
2026-09-12 07:28:44,ETD2,40.284851,32.486755,130.91,516.1,37000,-25.8
2026-09-12 07:28:44,THY6NH,40.220306,32.526855,304.52,423.6,38000,-26.0
2026-09-12 07:28:44,PGT50FT,40.120377,32.584656,,,,-22.8
2026-09-12 07:28:44,TKJ6683,40.069094,32.811043,,,,-24.5
2026-09-12 07:29:15,ETD2,40.284851,32.486755,130.91,516.1,37000,-25.8
2026-09-12 07:29:15,THY6NH,40.220306,32.526855,304.52,423.6,38000,-26.0
2026-09-12 07:29:15,PGT50FT,40.120377,32.584656,,,,-22.8
2026-09-12 07:29:15,TKJ6683,40.069094,32.811043,,,,-24.5
2026-09-12 07:29:45,ETD2,40.284851,32.486755,130.91,516.1,37000,-25.8
2026-09-12 07:29:45,THY6NH,40.220306,32.526855,304.52,423.6,38000,-26.0
2026-09-12 07:29:45,PGT50FT,40.120377,32.584656,,,,-22.8
2026-09-12 07:29:45,TKJ6683,40.069094,32.811043,,,,-24.5
2026-09-12 07:30:15,ETD2,40.284851,32.486755,130.91,516.1,37000,-25.8
2026-09-12 07:30:15,THY6NH,40.220306,32.526855,304.52,423.6,38000,-26.0
2026-09-12 07:30:15,PGT50FT,40.120377,32.584656,,,,-22.8
2026-09-12 07:30:15,TKJ6683,40.069094,32.811043,,,,-24.5
2026-09-12 07:30:45,ETD2,40.284851,32.486755,130.91,516.1,37000,-25.8
2026-09-12 07:30:45,THY6NH,40.220306,32.526855,304.52,423.6,38000,-26.0
2026-09-12 07:30:45,PGT50FT,40.120377,32.584656,,,,-22.8
2026-09-12 07:30:45,TKJ6683,40.069094,32.811043,,,,-24.5
2026-09-12 07:31:15,ETD2,40.284851,32.486755,130.91,516.1,37000,-25.8
2026-09-12 07:31:15,THY6NH,40.220306,32.526855,304.52,423.6,38000,-26.0
2026-09-12 07:31:15,PGT50FT,40.120377,32.584656,,,,-22.8
2026-09-12 07:31:15,TKJ6683,40.069094,32.811043,,,,-24.5
2026-09-12 07:31:45,ETD2,40.284851,32.486755,130.91,516.1,37000,-25.8
2026-09-12 07:31:45,THY6NH,40.220306,32.526855,304.52,423.6,38000,-26.0
2026-09-12 07:31:45,PGT50FT,40.120377,32.584656,,,,-22.8
2026-09-12 07:31:45,TKJ6683,40.069094,32.811043,,,,-24.5
2026-09-12 07:32:15,ETD2,40.284851,32.486755,130.91,516.1,37000,-25.8
2026-09-12 07:32:15,THY6NH,40.220306,32.526855,304.52,423.6,38000,-26.0
2026-09-12 07:32:15,PGT50FT,40.120377,32.584656,,,,-22.8
2026-09-12 07:32:15,TKJ6683,40.069094,32.811043,,,,-24.5
2026-09-12 07:32:45,ETD2,40.284851,32.486755,130.91,516.1,37000,-25.8
2026-09-12 07:32:45,THY6NH,40.220306,32.526855,304.52,423.6,38000,-26.0
2026-09-12 07:32:45,PGT50FT,40.120377,32.584656,,,,-22.8
2026-09-12 07:32:45,TKJ6683,40.069094,32.811043,,,,-24.5
2026-09-12 07:33:15,ETD2,40.284851,32.486755,130.91,516.1,37000,-25.8
2026-09-12 07:33:15,THY6NH,40.220306,32.526855,304.52,423.6,38000,-26.0
2026-09-12 07:33:15,PGT50FT,40.120377,32.584656,,,,-22.8
2026-09-12 07:33:15,TKJ6683,40.069094,32.811043,,,,-24.5
2026-09-12 07:33:45,ETD2,40.284851,32.486755,130.91,516.1,37000,-25.8
2026-09-12 07:33:45,THY6NH,40.220306,32.526855,304.52,423.6,38000,-26.0
2026-09-12 07:33:45,PGT50FT,40.120377,32.584656,,,,-22.8
2026-09-12 07:33:45,TKJ6683,40.069094,32.811043,,,,-24.5
2026-09-12 07:34:15,ETD2,40.284851,32.486755,130.91,516.1,37000,-25.8
2026-09-12 07:34:15,THY6NH,40.220306,32.526855,304.52,423.6,38000,-26.0
2026-09-12 07:34:15,PGT50FT,40.120377,32.584656,,,,-22.8
2026-09-12 07:34:15,TKJ6683,40.069094,32.811043,,,,-24.5
2026-09-12 07:34:45,ETD2,40.284851,32.486755,130.91,516.1,37000,-25.8
2026-09-12 07:34:45,THY6NH,40.220306,32.526855,304.52,423.6,38000,-26.0
2026-09-12 07:34:45,PGT50FT,40.120377,32.584656,,,,-22.8
2026-09-12 07:34:45,TKJ6683,40.069094,32.811043,,,,-24.5
2026-09-12 07:35:16,ETD2,40.284851,32.486755,130.91,516.1,37000,-25.8
2026-09-12 07:35:16,THY6NH,40.220306,32.526855,304.52,423.6,38000,-26.0
2026-09-12 07:35:16,PGT50FT,40.120377,32.584656,,,,-22.8
2026-09-12 07:35:16,TKJ6683,40.069094,32.811043,,,,-24.5
2026-09-12 07:35:46,ETD2,40.284851,32.486755,130.91,516.1,37000,-25.8
2026-09-12 07:35:46,THY6NH,40.220306,32.526855,304.52,423.6,38000,-26.0
2026-09-12 07:35:46,PGT50FT,40.120377,32.584656,,,,-22.8
2026-09-12 07:35:46,TKJ6683,40.069094,32.811043,,,,-24.5
2026-09-12 07:36:16,ETD2,40.284851,32.486755,130.91,516.1,37000,-25.8
2026-09-12 07:36:16,THY6NH,40.220306,32.526855,304.52,423.6,38000,-26.0
2026-09-12 07:36:16,PGT50FT,40.120377,32.584656,,,,-22.8
2026-09-12 07:36:16,TKJ6683,40.069094,32.811043,,,,-24.5
2026-09-12 07:36:46,ETD2,40.284851,32.486755,130.91,516.1,37000,-25.8
2026-09-12 07:36:46,THY6NH,40.220306,32.526855,304.52,423.6,38000,-26.0
2026-09-12 07:36:46,PGT50FT,40.120377,32.584656,,,,-22.8
2026-09-12 07:36:46,TKJ6683,40.069094,32.811043,,,,-24.5
2026-09-12 07:37:16,ETD2,40.284851,32.486755,130.91,516.1,37000,-25.8
2026-09-12 07:37:16,THY6NH,40.220306,32.526855,304.52,423.6,38000,-26.0
2026-09-12 07:37:16,PGT50FT,40.120377,32.584656,,,,-22.8
2026-09-12 07:37:16,TKJ6683,40.069094,32.811043,,,,-24.5
2026-09-12 07:37:46,ETD2,40.284851,32.486755,130.91,516.1,37000,-25.8
2026-09-12 07:37:46,THY6NH,40.220306,32.526855,304.52,423.6,38000,-26.0
2026-09-12 07:37:46,PGT50FT,40.120377,32.584656,,,,-22.8
2026-09-12 07:37:46,TKJ6683,40.069094,32.811043,,,,-24.5
2026-09-12 07:38:16,ETD2,40.284851,32.486755,130.91,516.1,37000,-25.8
2026-09-12 07:38:16,THY6NH,40.220306,32.526855,304.52,423.6,38000,-26.0
2026-09-12 07:38:16,PGT50FT,40.120377,32.584656,,,,-22.8
2026-09-12 07:38:16,TKJ6683,40.069094,32.811043,,,,-24.5
2026-09-12 07:38:46,ETD2,40.284851,32.486755,130.91,516.1,37000,-25.8
2026-09-12 07:38:46,THY6NH,40.220306,32.526855,304.52,423.6,38000,-26.0
2026-09-12 07:38:46,PGT50FT,40.120377,32.584656,,,,-22.8
2026-09-12 07:38:46,TKJ6683,40.069094,32.811043,,,,-24.5
2026-09-12 07:39:16,ETD2,40.284851,32.486755,130.91,516.1,37000,-25.8
2026-09-12 07:39:16,THY6NH,40.220306,32.526855,304.52,423.6,38000,-26.0
2026-09-12 07:39:16,PGT50FT,40.120377,32.584656,,,,-22.8
2026-09-12 07:39:16,TKJ6683,40.069094,32.811043,,,,-24.5
2026-09-12 07:39:46,ETD2,40.284851,32.486755,130.91,516.1,37000,-25.8
2026-09-12 07:39:46,THY6NH,40.220306,32.526855,304.52,423.6,38000,-26.0
2026-09-12 07:39:46,PGT50FT,40.120377,32.584656,,,,-22.8
2026-09-12 07:39:46,TKJ6683,40.069094,32.811043,,,,-24.5
2026-09-12 07:40:16,ETD2,40.284851,32.486755,130.91,516.1,37000,-25.8
2026-09-12 07:40:16,THY6NH,40.220306,32.526855,304.52,423.6,38000,-26.0
2026-09-12 07:40:16,PGT50FT,40.120377,32.584656,,,,-22.8
2026-09-12 07:40:16,TKJ6683,40.069094,32.811043,,,,-24.5
2026-09-12 07:40:47,ETD2,40.284851,32.486755,130.91,516.1,37000,-25.8
2026-09-12 07:40:47,THY6NH,40.220306,32.526855,304.52,423.6,38000,-26.0
2026-09-12 07:40:47,PGT50FT,40.120377,32.584656,,,,-22.8
2026-09-12 07:40:47,TKJ6683,40.069094,32.811043,,,,-24.5
2026-09-12 07:41:17,ETD2,40.284851,32.486755,130.91,516.1,37000,-25.8
2026-09-12 07:41:17,THY6NH,40.220306,32.526855,304.52,423.6,38000,-26.0
2026-09-12 07:41:17,PGT50FT,40.120377,32.584656,,,,-22.8
2026-09-12 07:41:17,TKJ6683,40.069094,32.811043,,,,-24.5
2026-09-12 07:41:47,ETD2,40.284851,32.486755,130.91,516.1,37000,-25.8
2026-09-12 07:41:47,THY6NH,40.220306,32.526855,304.52,423.6,38000,-26.0
2026-09-12 07:41:47,PGT50FT,40.120377,32.584656,,,,-22.8
2026-09-12 07:41:47,TKJ6683,40.069094,32.811043,,,,-24.5
2026-09-12 07:42:17,ETD2,40.284851,32.486755,130.91,516.1,37000,-25.8
2026-09-12 07:42:17,THY6NH,40.220306,32.526855,304.52,423.6,38000,-26.0
2026-09-12 07:42:17,PGT50FT,40.120377,32.584656,,,,-22.8
2026-09-12 07:42:17,TKJ6683,40.069094,32.811043,,,,-24.5
2026-09-12 07:42:47,ETD2,40.284851,32.486755,130.91,516.1,37000,-25.8
2026-09-12 07:42:47,THY6NH,40.220306,32.526855,304.52,423.6,38000,-26.0
2026-09-12 07:42:47,PGT50FT,40.120377,32.584656,,,,-22.8
2026-09-12 07:42:47,TKJ6683,40.069094,32.811043,,,,-24.5
2026-09-12 07:43:17,ETD2,40.284851,32.486755,130.91,516.1,37000,-25.8
2026-09-12 07:43:17,THY6NH,40.220306,32.526855,304.52,423.6,38000,-26.0
2026-09-12 07:43:17,PGT50FT,40.120377,32.584656,,,,-22.8
2026-09-12 07:43:17,TKJ6683,40.069094,32.811043,,,,-24.5
2026-09-12 07:43:47,ETD2,40.284851,32.486755,130.91,516.1,37000,-25.8
2026-09-12 07:43:47,THY6NH,40.220306,32.526855,304.52,423.6,38000,-26.0
2026-09-12 07:43:47,PGT50FT,40.120377,32.584656,,,,-22.8
2026-09-12 07:43:47,TKJ6683,40.069094,32.811043,,,,-24.5
2026-09-12 07:44:17,ETD2,40.284851,32.486755,130.91,516.1,37000,-25.8
2026-09-12 07:44:17,THY6NH,40.220306,32.526855,304.52,423.6,38000,-26.0
2026-09-12 07:44:17,PGT50FT,40.120377,32.584656,,,,-22.8
2026-09-12 07:44:17,TKJ6683,40.069094,32.811043,,,,-24.5
2026-09-12 07:44:47,ETD2,40.284851,32.486755,130.91,516.1,37000,-25.8
2026-09-12 07:44:47,THY6NH,40.220306,32.526855,304.52,423.6,38000,-26.0
2026-09-12 07:44:47,PGT50FT,40.120377,32.584656,,,,-22.8
2026-09-12 07:44:47,TKJ6683,40.069094,32.811043,,,,-24.5
2026-09-12 07:45:17,ETD2,40.284851,32.486755,130.91,516.1,37000,-25.8
2026-09-12 07:45:17,THY6NH,40.220306,32.526855,304.52,423.6,38000,-26.0
2026-09-12 07:45:17,PGT50FT,40.120377,32.584656,,,,-22.8
2026-09-12 07:45:17,TKJ6683,40.069094,32.811043,,,,-24.5
2026-09-12 07:45:47,ETD2,40.284851,32.486755,130.91,516.1,37000,-25.8
2026-09-12 07:45:47,THY6NH,40.220306,32.526855,304.52,423.6,38000,-26.0
2026-09-12 07:45:47,PGT50FT,40.120377,32.584656,,,,-22.8
2026-09-12 07:45:47,TKJ6683,40.069094,32.811043,,,,-24.5
2026-09-12 07:46:17,ETD2,40.284851,32.486755,130.91,516.1,37000,-25.8
2026-09-12 07:46:17,THY6NH,40.220306,32.526855,304.52,423.6,38000,-26.0
2026-09-12 07:46:17,PGT50FT,40.120377,32.584656,,,,-22.8
2026-09-12 07:46:17,TKJ6683,40.069094,32.811043,,,,-24.5
2026-09-12 07:46:48,ETD2,40.284851,32.486755,130.91,516.1,37000,-25.8
2026-09-12 07:46:48,THY6NH,40.220306,32.526855,304.52,423.6,38000,-26.0
2026-09-12 07:46:48,PGT50FT,40.120377,32.584656,,,,-22.8
2026-09-12 07:46:48,TKJ6683,40.069094,32.811043,,,,-24.5
2026-09-12 07:47:18,ETD2,40.284851,32.486755,130.91,516.1,37000,-25.8
2026-09-12 07:47:18,THY6NH,40.220306,32.526855,304.52,423.6,38000,-26.0
2026-09-12 07:47:18,PGT50FT,40.120377,32.584656,,,,-22.8
2026-09-12 07:47:18,TKJ6683,40.069094,32.811043,,,,-24.5
2026-09-12 07:47:48,ETD2,40.284851,32.486755,130.91,516.1,37000,-25.8
2026-09-12 07:47:48,THY6NH,40.220306,32.526855,304.52,423.6,38000,-26.0
2026-09-12 07:47:48,PGT50FT,40.120377,32.584656,,,,-22.8
2026-09-12 07:47:48,TKJ6683,40.069094,32.811043,,,,-24.5
2026-09-12 07:48:18,ETD2,40.284851,32.486755,130.91,516.1,37000,-25.8
2026-09-12 07:48:18,THY6NH,40.220306,32.526855,304.52,423.6,38000,-26.0
2026-09-12 07:48:18,PGT50FT,40.120377,32.584656,,,,-22.8
2026-09-12 07:48:18,TKJ6683,40.069094,32.811043,,,,-24.5
2026-09-12 07:48:48,ETD2,40.284851,32.486755,130.91,516.1,37000,-25.8
2026-09-12 07:48:48,THY6NH,40.220306,32.526855,304.52,423.6,38000,-26.0
2026-09-12 07:48:48,PGT50FT,40.120377,32.584656,,,,-22.8
2026-09-12 07:48:48,TKJ6683,40.069094,32.811043,,,,-24.5
2026-09-12 07:49:18,ETD2,40.284851,32.486755,130.91,516.1,37000,-25.8
2026-09-12 07:49:18,THY6NH,40.220306,32.526855,304.52,423.6,38000,-26.0
2026-09-12 07:49:18,PGT50FT,40.120377,32.584656,,,,-22.8
2026-09-12 07:49:18,TKJ6683,40.069094,32.811043,,,,-24.5
2026-09-12 07:49:48,ETD2,40.284851,32.486755,130.91,516.1,37000,-25.8
2026-09-12 07:49:48,THY6NH,40.220306,32.526855,304.52,423.6,38000,-26.0
2026-09-12 07:49:48,PGT50FT,40.120377,32.584656,,,,-22.8
2026-09-12 07:49:48,TKJ6683,40.069094,32.811043,,,,-24.5
2026-09-12 07:50:18,ETD2,40.284851,32.486755,130.91,516.1,37000,-25.8
2026-09-12 07:50:18,THY6NH,40.220306,32.526855,304.52,423.6,38000,-26.0
2026-09-12 07:50:18,PGT50FT,40.120377,32.584656,,,,-22.8
2026-09-12 07:50:18,TKJ6683,40.069094,32.811043,,,,-24.5
2026-09-12 07:50:48,ETD2,40.284851,32.486755,130.91,516.1,37000,-25.8
2026-09-12 07:50:48,THY6NH,40.220306,32.526855,304.52,423.6,38000,-26.0
2026-09-12 07:50:48,PGT50FT,40.120377,32.584656,,,,-22.8
2026-09-12 07:50:48,TKJ6683,40.069094,32.811043,,,,-24.5
2026-09-12 07:51:18,ETD2,40.284851,32.486755,130.91,516.1,37000,-25.8
2026-09-12 07:51:18,THY6NH,40.220306,32.526855,304.52,423.6,38000,-26.0
2026-09-12 07:51:18,PGT50FT,40.120377,32.584656,,,,-22.8
2026-09-12 07:51:18,TKJ6683,40.069094,32.811043,,,,-24.5
2026-09-12 07:51:48,ETD2,40.284851,32.486755,130.91,516.1,37000,-25.8
2026-09-12 07:51:48,THY6NH,40.220306,32.526855,304.52,423.6,38000,-26.0
2026-09-12 07:51:48,PGT50FT,40.120377,32.584656,,,,-22.8
2026-09-12 07:51:48,TKJ6683,40.069094,32.811043,,,,-24.5
2026-09-12 07:52:19,ETD2,40.284851,32.486755,130.91,516.1,37000,-25.8
2026-09-12 07:52:19,THY6NH,40.220306,32.526855,304.52,423.6,38000,-26.0
2026-09-12 07:52:19,PGT50FT,40.120377,32.584656,,,,-22.8
2026-09-12 07:52:19,TKJ6683,40.069094,32.811043,,,,-24.5
2026-09-12 07:52:49,ETD2,40.284851,32.486755,130.91,516.1,37000,-25.8
2026-09-12 07:52:49,THY6NH,40.220306,32.526855,304.52,423.6,38000,-26.0
2026-09-12 07:52:49,PGT50FT,40.120377,32.584656,,,,-22.8
2026-09-12 07:52:49,TKJ6683,40.069094,32.811043,,,,-24.5
2026-09-12 07:53:19,ETD2,40.284851,32.486755,130.91,516.1,37000,-25.8
2026-09-12 07:53:19,THY6NH,40.220306,32.526855,304.52,423.6,38000,-26.0
2026-09-12 07:53:19,PGT50FT,40.120377,32.584656,,,,-22.8
2026-09-12 07:53:19,TKJ6683,40.069094,32.811043,,,,-24.5
2026-09-12 07:53:49,ETD2,40.284851,32.486755,130.91,516.1,37000,-25.8
2026-09-12 07:53:49,THY6NH,40.220306,32.526855,304.52,423.6,38000,-26.0
2026-09-12 07:53:49,PGT50FT,40.120377,32.584656,,,,-22.8
2026-09-12 07:53:49,TKJ6683,40.069094,32.811043,,,,-24.5
2026-09-12 07:54:19,ETD2,40.284851,32.486755,130.91,516.1,37000,-25.8
2026-09-12 07:54:19,THY6NH,40.220306,32.526855,304.52,423.6,38000,-26.0
2026-09-12 07:54:19,PGT50FT,40.120377,32.584656,,,,-22.8
2026-09-12 07:54:19,TKJ6683,40.069094,32.811043,,,,-24.5
2026-09-12 07:54:49,ETD2,40.284851,32.486755,130.91,516.1,37000,-25.8
2026-09-12 07:54:49,THY6NH,40.220306,32.526855,304.52,423.6,38000,-26.0
2026-09-12 07:54:49,PGT50FT,40.120377,32.584656,,,,-22.8
2026-09-12 07:54:49,TKJ6683,40.069094,32.811043,,,,-24.5
2026-09-12 07:55:19,ETD2,40.284851,32.486755,130.91,516.1,37000,-25.8
2026-09-12 07:55:19,THY6NH,40.220306,32.526855,304.52,423.6,38000,-26.0
2026-09-12 07:55:19,PGT50FT,40.120377,32.584656,,,,-22.8
2026-09-12 07:55:19,TKJ6683,40.069094,32.811043,,,,-24.5
2026-09-12 07:55:49,ETD2,40.284851,32.486755,130.91,516.1,37000,-25.8
2026-09-12 07:55:49,THY6NH,40.220306,32.526855,304.52,423.6,38000,-26.0
2026-09-12 07:55:49,PGT50FT,40.120377,32.584656,,,,-22.8
2026-09-12 07:55:49,TKJ6683,40.069094,32.811043,,,,-24.5
2026-09-12 07:56:19,ETD2,40.284851,32.486755,130.91,516.1,37000,-25.8
2026-09-12 07:56:19,THY6NH,40.220306,32.526855,304.52,423.6,38000,-26.0
2026-09-12 07:56:19,PGT50FT,40.120377,32.584656,,,,-22.8
2026-09-12 07:56:19,TKJ6683,40.069094,32.811043,,,,-24.5
2026-09-12 07:56:49,ETD2,40.284851,32.486755,130.91,516.1,37000,-25.8
2026-09-12 07:56:49,THY6NH,40.220306,32.526855,304.52,423.6,38000,-26.0
2026-09-12 07:56:49,PGT50FT,40.120377,32.584656,,,,-22.8
2026-09-12 07:56:49,TKJ6683,40.069094,32.811043,,,,-24.5
2026-09-12 07:57:19,ETD2,40.284851,32.486755,130.91,516.1,37000,-25.8
2026-09-12 07:57:19,THY6NH,40.220306,32.526855,304.52,423.6,38000,-26.0
2026-09-12 07:57:19,PGT50FT,40.120377,32.584656,,,,-22.8
2026-09-12 07:57:19,TKJ6683,40.069094,32.811043,,,,-24.5
2026-09-12 07:57:50,ETD2,40.284851,32.486755,130.91,516.1,37000,-25.8
2026-09-12 07:57:50,THY6NH,40.220306,32.526855,304.52,423.6,38000,-26.0
2026-09-12 07:57:50,PGT50FT,40.120377,32.584656,,,,-22.8
2026-09-12 07:57:50,TKJ6683,40.069094,32.811043,,,,-24.5
2026-09-12 07:58:20,ETD2,40.284851,32.486755,130.91,516.1,37000,-25.8
2026-09-12 07:58:20,THY6NH,40.220306,32.526855,304.52,423.6,38000,-26.0
2026-09-12 07:58:20,PGT50FT,40.120377,32.584656,,,,-22.8
2026-09-12 07:58:20,TKJ6683,40.069094,32.811043,,,,-24.5
2026-09-12 07:58:50,ETD2,40.284851,32.486755,130.91,516.1,37000,-25.8
2026-09-12 07:58:50,THY6NH,40.220306,32.526855,304.52,423.6,38000,-26.0
2026-09-12 07:58:50,PGT50FT,40.120377,32.584656,,,,-22.8
2026-09-12 07:58:50,TKJ6683,40.069094,32.811043,,,,-24.5
2026-09-12 07:59:20,ETD2,40.284851,32.486755,130.91,516.1,37000,-25.8
2026-09-12 07:59:20,THY6NH,40.220306,32.526855,304.52,423.6,38000,-26.0
2026-09-12 07:59:20,PGT50FT,40.120377,32.584656,,,,-22.8
2026-09-12 07:59:20,TKJ6683,40.069094,32.811043,,,,-24.5
2026-09-12 07:59:50,ETD2,40.284851,32.486755,130.91,516.1,37000,-25.8
2026-09-12 07:59:50,THY6NH,40.220306,32.526855,304.52,423.6,38000,-26.0
2026-09-12 07:59:50,PGT50FT,40.120377,32.584656,,,,-22.8
2026-09-12 07:59:50,TKJ6683,40.069094,32.811043,,,,-24.5
2026-09-12 08:00:20,ETD2,40.284851,32.486755,130.91,516.1,37000,-25.8
2026-09-12 08:00:20,THY6NH,40.220306,32.526855,304.52,423.6,38000,-26.0
2026-09-12 08:00:20,PGT50FT,40.120377,32.584656,,,,-22.8
2026-09-12 08:00:20,TKJ6683,40.069094,32.811043,,,,-24.5
2026-09-12 08:00:50,ETD2,40.284851,32.486755,130.91,516.1,37000,-25.8
2026-09-12 08:00:50,THY6NH,40.220306,32.526855,304.52,423.6,38000,-26.0
2026-09-12 08:00:50,PGT50FT,40.120377,32.584656,,,,-22.8
2026-09-12 08:00:50,TKJ6683,40.069094,32.811043,,,,-24.5
2026-09-12 08:01:20,ETD2,40.284851,32.486755,130.91,516.1,37000,-25.8
2026-09-12 08:01:20,THY6NH,40.220306,32.526855,304.52,423.6,38000,-26.0
2026-09-12 08:01:20,PGT50FT,40.120377,32.584656,,,,-22.8
2026-09-12 08:01:20,TKJ6683,40.069094,32.811043,,,,-24.5
2026-09-12 08:01:50,ETD2,40.284851,32.486755,130.91,516.1,37000,-25.8
2026-09-12 08:01:50,THY6NH,40.220306,32.526855,304.52,423.6,38000,-26.0
2026-09-12 08:01:50,PGT50FT,40.120377,32.584656,,,,-22.8
2026-09-12 08:01:50,TKJ6683,40.069094,32.811043,,,,-24.5
2026-09-12 08:02:20,ETD2,40.284851,32.486755,130.91,516.1,37000,-25.8
2026-09-12 08:02:20,THY6NH,40.220306,32.526855,304.52,423.6,38000,-26.0
2026-09-12 08:02:20,PGT50FT,40.120377,32.584656,,,,-22.8
2026-09-12 08:02:20,TKJ6683,40.069094,32.811043,,,,-24.5
2026-09-12 08:02:50,ETD2,40.284851,32.486755,130.91,516.1,37000,-25.8
2026-09-12 08:02:50,THY6NH,40.220306,32.526855,304.52,423.6,38000,-26.0
2026-09-12 08:02:50,PGT50FT,40.120377,32.584656,,,,-22.8
2026-09-12 08:02:50,TKJ6683,40.069094,32.811043,,,,-24.5
2026-09-12 08:03:20,ETD2,40.284851,32.486755,130.91,516.1,37000,-25.8
2026-09-12 08:03:20,THY6NH,40.220306,32.526855,304.52,423.6,38000,-26.0
2026-09-12 08:03:20,PGT50FT,40.120377,32.584656,,,,-22.8
2026-09-12 08:03:20,TKJ6683,40.069094,32.811043,,,,-24.5
2026-09-12 08:03:51,ETD2,40.284851,32.486755,130.91,516.1,37000,-25.8
2026-09-12 08:03:51,THY6NH,40.220306,32.526855,304.52,423.6,38000,-26.0
2026-09-12 08:03:51,PGT50FT,40.120377,32.584656,,,,-22.8
2026-09-12 08:03:51,TKJ6683,40.069094,32.811043,,,,-24.5
2026-09-12 08:04:21,ETD2,40.284851,32.486755,130.91,516.1,37000,-25.8
2026-09-12 08:04:21,THY6NH,40.220306,32.526855,304.52,423.6,38000,-26.0
2026-09-12 08:04:21,PGT50FT,40.120377,32.584656,,,,-22.8
2026-09-12 08:04:21,TKJ6683,40.069094,32.811043,,,,-24.5
2026-09-12 08:04:51,ETD2,40.284851,32.486755,130.91,516.1,37000,-25.8
2026-09-12 08:04:51,THY6NH,40.220306,32.526855,304.52,423.6,38000,-26.0
2026-09-12 08:04:51,PGT50FT,40.120377,32.584656,,,,-22.8
2026-09-12 08:04:51,TKJ6683,40.069094,32.811043,,,,-24.5
2026-09-12 08:05:21,ETD2,40.284851,32.486755,130.91,516.1,37000,-25.8
2026-09-12 08:05:21,THY6NH,40.220306,32.526855,304.52,423.6,38000,-26.0
2026-09-12 08:05:21,PGT50FT,40.120377,32.584656,,,,-22.8
2026-09-12 08:05:21,TKJ6683,40.069094,32.811043,,,,-24.5
2026-09-12 08:05:51,ETD2,40.284851,32.486755,130.91,516.1,37000,-25.8
2026-09-12 08:05:51,THY6NH,40.220306,32.526855,304.52,423.6,38000,-26.0
2026-09-12 08:05:51,PGT50FT,40.120377,32.584656,,,,-22.8
2026-09-12 08:05:51,TKJ6683,40.069094,32.811043,,,,-24.5
2026-09-12 08:06:21,ETD2,40.284851,32.486755,130.91,516.1,37000,-25.8
2026-09-12 08:06:21,THY6NH,40.220306,32.526855,304.52,423.6,38000,-26.0
2026-09-12 08:06:21,PGT50FT,40.120377,32.584656,,,,-22.8
2026-09-12 08:06:21,TKJ6683,40.069094,32.811043,,,,-24.5
2026-09-12 08:06:51,ETD2,40.284851,32.486755,130.91,516.1,37000,-25.8
2026-09-12 08:06:51,THY6NH,40.220306,32.526855,304.52,423.6,38000,-26.0
2026-09-12 08:06:51,PGT50FT,40.120377,32.584656,,,,-22.8
2026-09-12 08:06:51,TKJ6683,40.069094,32.811043,,,,-24.5
2026-09-12 08:07:21,ETD2,40.284851,32.486755,130.91,516.1,37000,-25.8
2026-09-12 08:07:21,THY6NH,40.220306,32.526855,304.52,423.6,38000,-26.0
2026-09-12 08:07:21,PGT50FT,40.120377,32.584656,,,,-22.8
2026-09-12 08:07:21,TKJ6683,40.069094,32.811043,,,,-24.5
2026-09-12 08:07:51,ETD2,40.284851,32.486755,130.91,516.1,37000,-25.8
2026-09-12 08:07:51,THY6NH,40.220306,32.526855,304.52,423.6,38000,-26.0
2026-09-12 08:07:51,PGT50FT,40.120377,32.584656,,,,-22.8
2026-09-12 08:07:51,TKJ6683,40.069094,32.811043,,,,-24.5
2026-09-12 08:08:21,ETD2,40.284851,32.486755,130.91,516.1,37000,-25.8
2026-09-12 08:08:21,THY6NH,40.220306,32.526855,304.52,423.6,38000,-26.0
2026-09-12 08:08:21,PGT50FT,40.120377,32.584656,,,,-22.8
2026-09-12 08:08:21,TKJ6683,40.069094,32.811043,,,,-24.5
2026-09-12 08:08:51,ETD2,40.284851,32.486755,130.91,516.1,37000,-25.8
2026-09-12 08:08:51,THY6NH,40.220306,32.526855,304.52,423.6,38000,-26.0
2026-09-12 08:08:51,PGT50FT,40.120377,32.584656,,,,-22.8
2026-09-12 08:08:51,TKJ6683,40.069094,32.811043,,,,-24.5
2026-09-12 08:09:21,ETD2,40.284851,32.486755,130.91,516.1,37000,-25.8
2026-09-12 08:09:21,THY6NH,40.220306,32.526855,304.52,423.6,38000,-26.0
2026-09-12 08:09:21,PGT50FT,40.120377,32.584656,,,,-22.8
2026-09-12 08:09:21,TKJ6683,40.069094,32.811043,,,,-24.5
2026-09-12 08:09:51,ETD2,40.284851,32.486755,130.91,516.1,37000,-25.8
2026-09-12 08:09:51,THY6NH,40.220306,32.526855,304.52,423.6,38000,-26.0
2026-09-12 08:09:51,PGT50FT,40.120377,32.584656,,,,-22.8
2026-09-12 08:09:51,TKJ6683,40.069094,32.811043,,,,-24.5
2026-09-12 08:10:22,ETD2,40.284851,32.486755,130.91,516.1,37000,-25.8
2026-09-12 08:10:22,THY6NH,40.220306,32.526855,304.52,423.6,38000,-26.0
2026-09-12 08:10:22,PGT50FT,40.120377,32.584656,,,,-22.8
2026-09-12 08:10:22,TKJ6683,40.069094,32.811043,,,,-24.5
2026-09-12 08:10:52,ETD2,40.284851,32.486755,130.91,516.1,37000,-25.8
2026-09-12 08:10:52,THY6NH,40.220306,32.526855,304.52,423.6,38000,-26.0
2026-09-12 08:10:52,PGT50FT,40.120377,32.584656,,,,-22.8
2026-09-12 08:10:52,TKJ6683,40.069094,32.811043,,,,-24.5
2026-09-12 08:11:22,ETD2,40.284851,32.486755,130.91,516.1,37000,-25.8
2026-09-12 08:11:22,THY6NH,40.220306,32.526855,304.52,423.6,38000,-26.0
2026-09-12 08:11:22,PGT50FT,40.120377,32.584656,,,,-22.8
2026-09-12 08:11:22,TKJ6683,40.069094,32.811043,,,,-24.5
2026-09-12 08:11:52,ETD2,40.284851,32.486755,130.91,516.1,37000,-25.8
2026-09-12 08:11:52,THY6NH,40.220306,32.526855,304.52,423.6,38000,-26.0
2026-09-12 08:11:52,PGT50FT,40.120377,32.584656,,,,-22.8
2026-09-12 08:11:52,TKJ6683,40.069094,32.811043,,,,-24.5
2026-09-12 08:12:22,ETD2,40.284851,32.486755,130.91,516.1,37000,-25.8
2026-09-12 08:12:22,THY6NH,40.220306,32.526855,304.52,423.6,38000,-26.0
2026-09-12 08:12:22,PGT50FT,40.120377,32.584656,,,,-22.8
2026-09-12 08:12:22,TKJ6683,40.069094,32.811043,,,,-24.5
2026-09-12 08:12:52,ETD2,40.284851,32.486755,130.91,516.1,37000,-25.8
2026-09-12 08:12:52,THY6NH,40.220306,32.526855,304.52,423.6,38000,-26.0
2026-09-12 08:12:52,PGT50FT,40.120377,32.584656,,,,-22.8
2026-09-12 08:12:52,TKJ6683,40.069094,32.811043,,,,-24.5
2026-09-12 08:13:22,ETD2,40.284851,32.486755,130.91,516.1,37000,-25.8
2026-09-12 08:13:22,THY6NH,40.220306,32.526855,304.52,423.6,38000,-26.0
2026-09-12 08:13:22,PGT50FT,40.120377,32.584656,,,,-22.8
2026-09-12 08:13:22,TKJ6683,40.069094,32.811043,,,,-24.5
2026-09-12 08:13:52,ETD2,40.284851,32.486755,130.91,516.1,37000,-25.8
2026-09-12 08:13:52,THY6NH,40.220306,32.526855,304.52,423.6,38000,-26.0
2026-09-12 08:13:52,PGT50FT,40.120377,32.584656,,,,-22.8
2026-09-12 08:13:52,TKJ6683,40.069094,32.811043,,,,-24.5
2026-09-12 08:14:22,ETD2,40.284851,32.486755,130.91,516.1,37000,-25.8
2026-09-12 08:14:22,THY6NH,40.220306,32.526855,304.52,423.6,38000,-26.0
2026-09-12 08:14:22,PGT50FT,40.120377,32.584656,,,,-22.8
2026-09-12 08:14:22,TKJ6683,40.069094,32.811043,,,,-24.5
2026-09-12 08:14:52,ETD2,40.284851,32.486755,130.91,516.1,37000,-25.8
2026-09-12 08:14:52,THY6NH,40.220306,32.526855,304.52,423.6,38000,-26.0
2026-09-12 08:14:52,PGT50FT,40.120377,32.584656,,,,-22.8
2026-09-12 08:14:52,TKJ6683,40.069094,32.811043,,,,-24.5
2026-09-12 08:15:22,ETD2,40.284851,32.486755,130.91,516.1,37000,-25.8
2026-09-12 08:15:22,THY6NH,40.220306,32.526855,304.52,423.6,38000,-26.0
2026-09-12 08:15:22,PGT50FT,40.120377,32.584656,,,,-22.8
2026-09-12 08:15:22,TKJ6683,40.069094,32.811043,,,,-24.5
2026-09-12 08:15:53,ETD2,40.284851,32.486755,130.91,516.1,37000,-25.8
2026-09-12 08:15:53,THY6NH,40.220306,32.526855,304.52,423.6,38000,-26.0
2026-09-12 08:15:53,PGT50FT,40.120377,32.584656,,,,-22.8
2026-09-12 08:15:53,TKJ6683,40.069094,32.811043,,,,-24.5
2026-09-12 08:16:23,ETD2,40.284851,32.486755,130.91,516.1,37000,-25.8
2026-09-12 08:16:23,THY6NH,40.220306,32.526855,304.52,423.6,38000,-26.0
2026-09-12 08:16:23,PGT50FT,40.120377,32.584656,,,,-22.8
2026-09-12 08:16:23,TKJ6683,40.069094,32.811043,,,,-24.5
2026-09-12 08:16:53,ETD2,40.284851,32.486755,130.91,516.1,37000,-25.8
2026-09-12 08:16:53,THY6NH,40.220306,32.526855,304.52,423.6,38000,-26.0
2026-09-12 08:16:53,PGT50FT,40.120377,32.584656,,,,-22.8
2026-09-12 08:16:53,TKJ6683,40.069094,32.811043,,,,-24.5
2026-09-12 08:17:23,ETD2,40.284851,32.486755,130.91,516.1,37000,-25.8
2026-09-12 08:17:23,THY6NH,40.220306,32.526855,304.52,423.6,38000,-26.0
2026-09-12 08:17:23,PGT50FT,40.120377,32.584656,,,,-22.8
2026-09-12 08:17:23,TKJ6683,40.069094,32.811043,,,,-24.5
2026-09-12 08:17:53,ETD2,40.284851,32.486755,130.91,516.1,37000,-25.8
2026-09-12 08:17:53,THY6NH,40.220306,32.526855,304.52,423.6,38000,-26.0
2026-09-12 08:17:53,PGT50FT,40.120377,32.584656,,,,-22.8
2026-09-12 08:17:53,TKJ6683,40.069094,32.811043,,,,-24.5
2026-09-12 08:18:23,ETD2,40.284851,32.486755,130.91,516.1,37000,-25.8
2026-09-12 08:18:23,THY6NH,40.220306,32.526855,304.52,423.6,38000,-26.0
2026-09-12 08:18:23,PGT50FT,40.120377,32.584656,,,,-22.8
2026-09-12 08:18:23,TKJ6683,40.069094,32.811043,,,,-24.5
2026-09-12 08:18:53,ETD2,40.284851,32.486755,130.91,516.1,37000,-25.8
2026-09-12 08:18:53,THY6NH,40.220306,32.526855,304.52,423.6,38000,-26.0
2026-09-12 08:18:53,PGT50FT,40.120377,32.584656,,,,-22.8
2026-09-12 08:18:53,TKJ6683,40.069094,32.811043,,,,-24.5
2026-09-12 08:19:23,ETD2,40.284851,32.486755,130.91,516.1,37000,-25.8
2026-09-12 08:19:23,THY6NH,40.220306,32.526855,304.52,423.6,38000,-26.0
2026-09-12 08:19:23,PGT50FT,40.120377,32.584656,,,,-22.8
2026-09-12 08:19:23,TKJ6683,40.069094,32.811043,,,,-24.5
2026-09-12 08:19:53,ETD2,40.284851,32.486755,130.91,516.1,37000,-25.8
2026-09-12 08:19:53,THY6NH,40.220306,32.526855,304.52,423.6,38000,-26.0
2026-09-12 08:19:53,PGT50FT,40.120377,32.584656,,,,-22.8
2026-09-12 08:19:53,TKJ6683,40.069094,32.811043,,,,-24.5
2026-09-12 08:20:23,ETD2,40.284851,32.486755,130.91,516.1,37000,-25.8
2026-09-12 08:20:23,THY6NH,40.220306,32.526855,304.52,423.6,38000,-26.0
2026-09-12 08:20:23,PGT50FT,40.120377,32.584656,,,,-22.8
2026-09-12 08:20:23,TKJ6683,40.069094,32.811043,,,,-24.5
2026-09-12 08:20:53,ETD2,40.284851,32.486755,130.91,516.1,37000,-25.8
2026-09-12 08:20:53,THY6NH,40.220306,32.526855,304.52,423.6,38000,-26.0
2026-09-12 08:20:53,PGT50FT,40.120377,32.584656,,,,-22.8
2026-09-12 08:20:53,TKJ6683,40.069094,32.811043,,,,-24.5
2026-09-12 08:21:23,ETD2,40.284851,32.486755,130.91,516.1,37000,-25.8
2026-09-12 08:21:23,THY6NH,40.220306,32.526855,304.52,423.6,38000,-26.0
2026-09-12 08:21:23,PGT50FT,40.120377,32.584656,,,,-22.8
2026-09-12 08:21:23,TKJ6683,40.069094,32.811043,,,,-24.5
2026-09-12 08:21:54,ETD2,40.284851,32.486755,130.91,516.1,37000,-25.8
2026-09-12 08:21:54,THY6NH,40.220306,32.526855,304.52,423.6,38000,-26.0
2026-09-12 08:21:54,PGT50FT,40.120377,32.584656,,,,-22.8
2026-09-12 08:21:54,TKJ6683,40.069094,32.811043,,,,-24.5
2026-09-12 08:22:24,ETD2,40.284851,32.486755,130.91,516.1,37000,-25.8
2026-09-12 08:22:24,THY6NH,40.220306,32.526855,304.52,423.6,38000,-26.0
2026-09-12 08:22:24,PGT50FT,40.120377,32.584656,,,,-22.8
2026-09-12 08:22:24,TKJ6683,40.069094,32.811043,,,,-24.5
2026-09-12 08:22:54,ETD2,40.284851,32.486755,130.91,516.1,37000,-25.8
2026-09-12 08:22:54,THY6NH,40.220306,32.526855,304.52,423.6,38000,-26.0
2026-09-12 08:22:54,PGT50FT,40.120377,32.584656,,,,-22.8
2026-09-12 08:22:54,TKJ6683,40.069094,32.811043,,,,-24.5
2026-09-12 08:23:24,ETD2,40.284851,32.486755,130.91,516.1,37000,-25.8
2026-09-12 08:23:24,THY6NH,40.220306,32.526855,304.52,423.6,38000,-26.0
2026-09-12 08:23:24,PGT50FT,40.120377,32.584656,,,,-22.8
2026-09-12 08:23:24,TKJ6683,40.069094,32.811043,,,,-24.5
2026-09-12 08:23:54,ETD2,40.284851,32.486755,130.91,516.1,37000,-25.8
2026-09-12 08:23:54,THY6NH,40.220306,32.526855,304.52,423.6,38000,-26.0
2026-09-12 08:23:54,PGT50FT,40.120377,32.584656,,,,-22.8
2026-09-12 08:23:54,TKJ6683,40.069094,32.811043,,,,-24.5
2026-09-12 08:24:24,ETD2,40.284851,32.486755,130.91,516.1,37000,-25.8
2026-09-12 08:24:24,THY6NH,40.220306,32.526855,304.52,423.6,38000,-26.0
2026-09-12 08:24:24,PGT50FT,40.120377,32.584656,,,,-22.8
2026-09-12 08:24:24,TKJ6683,40.069094,32.811043,,,,-24.5
2026-09-12 08:24:54,ETD2,40.284851,32.486755,130.91,516.1,37000,-25.8
2026-09-12 08:24:54,THY6NH,40.220306,32.526855,304.52,423.6,38000,-26.0
2026-09-12 08:24:54,PGT50FT,40.120377,32.584656,,,,-22.8
2026-09-12 08:24:54,TKJ6683,40.069094,32.811043,,,,-24.5
2026-09-12 08:25:24,ETD2,40.284851,32.486755,130.91,516.1,37000,-25.8
2026-09-12 08:25:24,THY6NH,40.220306,32.526855,304.52,423.6,38000,-26.0
2026-09-12 08:25:24,PGT50FT,40.120377,32.584656,,,,-22.8
2026-09-12 08:25:24,TKJ6683,40.069094,32.811043,,,,-24.5
2026-09-12 08:25:54,ETD2,40.284851,32.486755,130.91,516.1,37000,-25.8
2026-09-12 08:25:54,THY6NH,40.220306,32.526855,304.52,423.6,38000,-26.0
2026-09-12 08:25:54,PGT50FT,40.120377,32.584656,,,,-22.8
2026-09-12 08:25:54,TKJ6683,40.069094,32.811043,,,,-24.5
2026-09-12 08:26:24,ETD2,40.284851,32.486755,130.91,516.1,37000,-25.8
2026-09-12 08:26:24,THY6NH,40.220306,32.526855,304.52,423.6,38000,-26.0
2026-09-12 08:26:24,PGT50FT,40.120377,32.584656,,,,-22.8
2026-09-12 08:26:24,TKJ6683,40.069094,32.811043,,,,-24.5
2026-09-12 08:26:54,ETD2,40.284851,32.486755,130.91,516.1,37000,-25.8
2026-09-12 08:26:54,THY6NH,40.220306,32.526855,304.52,423.6,38000,-26.0
2026-09-12 08:26:54,PGT50FT,40.120377,32.584656,,,,-22.8
2026-09-12 08:26:54,TKJ6683,40.069094,32.811043,,,,-24.5
2026-09-12 08:27:25,ETD2,40.284851,32.486755,130.91,516.1,37000,-25.8
2026-09-12 08:27:25,THY6NH,40.220306,32.526855,304.52,423.6,38000,-26.0
2026-09-12 08:27:25,PGT50FT,40.120377,32.584656,,,,-22.8
2026-09-12 08:27:25,TKJ6683,40.069094,32.811043,,,,-24.5
2026-09-12 08:27:55,ETD2,40.284851,32.486755,130.91,516.1,37000,-25.8
2026-09-12 08:27:55,THY6NH,40.220306,32.526855,304.52,423.6,38000,-26.0
2026-09-12 08:27:55,PGT50FT,40.120377,32.584656,,,,-22.8
2026-09-12 08:27:55,TKJ6683,40.069094,32.811043,,,,-24.5
2026-09-12 08:28:25,ETD2,40.284851,32.486755,130.91,516.1,37000,-25.8
2026-09-12 08:28:25,THY6NH,40.220306,32.526855,304.52,423.6,38000,-26.0
2026-09-12 08:28:25,PGT50FT,40.120377,32.584656,,,,-22.8
2026-09-12 08:28:25,TKJ6683,40.069094,32.811043,,,,-24.5
2026-09-12 08:28:55,ETD2,40.284851,32.486755,130.91,516.1,37000,-25.8
2026-09-12 08:28:55,THY6NH,40.220306,32.526855,304.52,423.6,38000,-26.0
2026-09-12 08:28:55,PGT50FT,40.120377,32.584656,,,,-22.8
2026-09-12 08:28:55,TKJ6683,40.069094,32.811043,,,,-24.5
2026-09-12 08:29:25,ETD2,40.284851,32.486755,130.91,516.1,37000,-25.8
2026-09-12 08:29:25,THY6NH,40.220306,32.526855,304.52,423.6,38000,-26.0
2026-09-12 08:29:25,PGT50FT,40.120377,32.584656,,,,-22.8
2026-09-12 08:29:25,TKJ6683,40.069094,32.811043,,,,-24.5
2026-09-12 08:29:55,ETD2,40.284851,32.486755,130.91,516.1,37000,-25.8
2026-09-12 08:29:55,THY6NH,40.220306,32.526855,304.52,423.6,38000,-26.0
2026-09-12 08:29:55,PGT50FT,40.120377,32.584656,,,,-22.8
2026-09-12 08:29:55,TKJ6683,40.069094,32.811043,,,,-24.5
2026-09-12 08:30:25,ETD2,40.284851,32.486755,130.91,516.1,37000,-25.8
2026-09-12 08:30:25,THY6NH,40.220306,32.526855,304.52,423.6,38000,-26.0
2026-09-12 08:30:25,PGT50FT,40.120377,32.584656,,,,-22.8
2026-09-12 08:30:25,TKJ6683,40.069094,32.811043,,,,-24.5
2026-09-12 08:30:55,ETD2,40.284851,32.486755,130.91,516.1,37000,-25.8
2026-09-12 08:30:55,THY6NH,40.220306,32.526855,304.52,423.6,38000,-26.0
2026-09-12 08:30:55,PGT50FT,40.120377,32.584656,,,,-22.8
2026-09-12 08:30:55,TKJ6683,40.069094,32.811043,,,,-24.5
2026-09-12 08:31:25,ETD2,40.284851,32.486755,130.91,516.1,37000,-25.8
2026-09-12 08:31:25,THY6NH,40.220306,32.526855,304.52,423.6,38000,-26.0
2026-09-12 08:31:25,PGT50FT,40.120377,32.584656,,,,-22.8
2026-09-12 08:31:25,TKJ6683,40.069094,32.811043,,,,-24.5
2026-09-12 08:31:55,ETD2,40.284851,32.486755,130.91,516.1,37000,-25.8
2026-09-12 08:31:55,THY6NH,40.220306,32.526855,304.52,423.6,38000,-26.0
2026-09-12 08:31:55,PGT50FT,40.120377,32.584656,,,,-22.8
2026-09-12 08:31:55,TKJ6683,40.069094,32.811043,,,,-24.5
2026-09-12 08:32:25,ETD2,40.284851,32.486755,130.91,516.1,37000,-25.8
2026-09-12 08:32:25,THY6NH,40.220306,32.526855,304.52,423.6,38000,-26.0
2026-09-12 08:32:25,PGT50FT,40.120377,32.584656,,,,-22.8
2026-09-12 08:32:25,TKJ6683,40.069094,32.811043,,,,-24.5
2026-09-12 08:32:55,ETD2,40.284851,32.486755,130.91,516.1,37000,-25.8
2026-09-12 08:32:55,THY6NH,40.220306,32.526855,304.52,423.6,38000,-26.0
2026-09-12 08:32:55,PGT50FT,40.120377,32.584656,,,,-22.8
2026-09-12 08:32:55,TKJ6683,40.069094,32.811043,,,,-24.5
2026-09-12 08:33:26,ETD2,40.284851,32.486755,130.91,516.1,37000,-25.8
2026-09-12 08:33:26,THY6NH,40.220306,32.526855,304.52,423.6,38000,-26.0
2026-09-12 08:33:26,PGT50FT,40.120377,32.584656,,,,-22.8
2026-09-12 08:33:26,TKJ6683,40.069094,32.811043,,,,-24.5
2026-09-12 08:33:56,ETD2,40.284851,32.486755,130.91,516.1,37000,-25.8
2026-09-12 08:33:56,THY6NH,40.220306,32.526855,304.52,423.6,38000,-26.0
2026-09-12 08:33:56,PGT50FT,40.120377,32.584656,,,,-22.8
2026-09-12 08:33:56,TKJ6683,40.069094,32.811043,,,,-24.5
2026-09-12 08:34:26,ETD2,40.284851,32.486755,130.91,516.1,37000,-25.8
2026-09-12 08:34:26,THY6NH,40.220306,32.526855,304.52,423.6,38000,-26.0
2026-09-12 08:34:26,PGT50FT,40.120377,32.584656,,,,-22.8
2026-09-12 08:34:26,TKJ6683,40.069094,32.811043,,,,-24.5
2026-09-12 08:34:56,ETD2,40.284851,32.486755,130.91,516.1,37000,-25.8
2026-09-12 08:34:56,THY6NH,40.220306,32.526855,304.52,423.6,38000,-26.0
2026-09-12 08:34:56,PGT50FT,40.120377,32.584656,,,,-22.8
2026-09-12 08:34:56,TKJ6683,40.069094,32.811043,,,,-24.5
2026-09-12 08:35:26,ETD2,40.284851,32.486755,130.91,516.1,37000,-25.8
2026-09-12 08:35:26,THY6NH,40.220306,32.526855,304.52,423.6,38000,-26.0
2026-09-12 08:35:26,PGT50FT,40.120377,32.584656,,,,-22.8
2026-09-12 08:35:26,TKJ6683,40.069094,32.811043,,,,-24.5
2026-09-12 08:35:56,ETD2,40.284851,32.486755,130.91,516.1,37000,-25.8
2026-09-12 08:35:56,THY6NH,40.220306,32.526855,304.52,423.6,38000,-26.0
2026-09-12 08:35:56,PGT50FT,40.120377,32.584656,,,,-22.8
2026-09-12 08:35:56,TKJ6683,40.069094,32.811043,,,,-24.5
2026-09-12 08:36:26,ETD2,40.284851,32.486755,130.91,516.1,37000,-25.8
2026-09-12 08:36:26,THY6NH,40.220306,32.526855,304.52,423.6,38000,-26.0
2026-09-12 08:36:26,PGT50FT,40.120377,32.584656,,,,-22.8
2026-09-12 08:36:26,TKJ6683,40.069094,32.811043,,,,-24.5
2026-09-12 08:36:56,ETD2,40.284851,32.486755,130.91,516.1,37000,-25.8
2026-09-12 08:36:56,THY6NH,40.220306,32.526855,304.52,423.6,38000,-26.0
2026-09-12 08:36:56,PGT50FT,40.120377,32.584656,,,,-22.8
2026-09-12 08:36:56,TKJ6683,40.069094,32.811043,,,,-24.5
2026-09-12 08:37:26,ETD2,40.284851,32.486755,130.91,516.1,37000,-25.8
2026-09-12 08:37:26,THY6NH,40.220306,32.526855,304.52,423.6,38000,-26.0
2026-09-12 08:37:26,PGT50FT,40.120377,32.584656,,,,-22.8
2026-09-12 08:37:26,TKJ6683,40.069094,32.811043,,,,-24.5
2026-09-12 08:37:56,ETD2,40.284851,32.486755,130.91,516.1,37000,-25.8
2026-09-12 08:37:56,THY6NH,40.220306,32.526855,304.52,423.6,38000,-26.0
2026-09-12 08:37:56,PGT50FT,40.120377,32.584656,,,,-22.8
2026-09-12 08:37:56,TKJ6683,40.069094,32.811043,,,,-24.5
2026-09-12 08:38:26,ETD2,40.284851,32.486755,130.91,516.1,37000,-25.8
2026-09-12 08:38:26,THY6NH,40.220306,32.526855,304.52,423.6,38000,-26.0
2026-09-12 08:38:26,PGT50FT,40.120377,32.584656,,,,-22.8
2026-09-12 08:38:26,TKJ6683,40.069094,32.811043,,,,-24.5
2026-09-12 08:38:57,ETD2,40.284851,32.486755,130.91,516.1,37000,-25.8
2026-09-12 08:38:57,THY6NH,40.220306,32.526855,304.52,423.6,38000,-26.0
2026-09-12 08:38:57,PGT50FT,40.120377,32.584656,,,,-22.8
2026-09-12 08:38:57,TKJ6683,40.069094,32.811043,,,,-24.5
2026-09-12 08:39:27,ETD2,40.284851,32.486755,130.91,516.1,37000,-25.8
2026-09-12 08:39:27,THY6NH,40.220306,32.526855,304.52,423.6,38000,-26.0
2026-09-12 08:39:27,PGT50FT,40.120377,32.584656,,,,-22.8
2026-09-12 08:39:27,TKJ6683,40.069094,32.811043,,,,-24.5
2026-09-12 08:39:57,ETD2,40.284851,32.486755,130.91,516.1,37000,-25.8
2026-09-12 08:39:57,THY6NH,40.220306,32.526855,304.52,423.6,38000,-26.0
2026-09-12 08:39:57,PGT50FT,40.120377,32.584656,,,,-22.8
2026-09-12 08:39:57,TKJ6683,40.069094,32.811043,,,,-24.5
2026-09-12 08:40:27,ETD2,40.284851,32.486755,130.91,516.1,37000,-25.8
2026-09-12 08:40:27,THY6NH,40.220306,32.526855,304.52,423.6,38000,-26.0
2026-09-12 08:40:27,PGT50FT,40.120377,32.584656,,,,-22.8
2026-09-12 08:40:27,TKJ6683,40.069094,32.811043,,,,-24.5
2026-09-12 08:40:57,ETD2,40.284851,32.486755,130.91,516.1,37000,-25.8
2026-09-12 08:40:57,THY6NH,40.220306,32.526855,304.52,423.6,38000,-26.0
2026-09-12 08:40:57,PGT50FT,40.120377,32.584656,,,,-22.8
2026-09-12 08:40:57,TKJ6683,40.069094,32.811043,,,,-24.5
2026-09-12 08:41:27,ETD2,40.284851,32.486755,130.91,516.1,37000,-25.8
2026-09-12 08:41:27,THY6NH,40.220306,32.526855,304.52,423.6,38000,-26.0
2026-09-12 08:41:27,PGT50FT,40.120377,32.584656,,,,-22.8
2026-09-12 08:41:27,TKJ6683,40.069094,32.811043,,,,-24.5
2026-09-12 08:41:57,ETD2,40.284851,32.486755,130.91,516.1,37000,-25.8
2026-09-12 08:41:57,THY6NH,40.220306,32.526855,304.52,423.6,38000,-26.0
2026-09-12 08:41:57,PGT50FT,40.120377,32.584656,,,,-22.8
2026-09-12 08:41:57,TKJ6683,40.069094,32.811043,,,,-24.5
2026-09-12 08:42:27,ETD2,40.284851,32.486755,130.91,516.1,37000,-25.8
2026-09-12 08:42:27,THY6NH,40.220306,32.526855,304.52,423.6,38000,-26.0
2026-09-12 08:42:27,PGT50FT,40.120377,32.584656,,,,-22.8
2026-09-12 08:42:27,TKJ6683,40.069094,32.811043,,,,-24.5
2026-09-12 08:42:57,ETD2,40.284851,32.486755,130.91,516.1,37000,-25.8
2026-09-12 08:42:57,THY6NH,40.220306,32.526855,304.52,423.6,38000,-26.0
2026-09-12 08:42:57,PGT50FT,40.120377,32.584656,,,,-22.8
2026-09-12 08:42:57,TKJ6683,40.069094,32.811043,,,,-24.5
2026-09-12 08:43:27,ETD2,40.284851,32.486755,130.91,516.1,37000,-25.8
2026-09-12 08:43:27,THY6NH,40.220306,32.526855,304.52,423.6,38000,-26.0
2026-09-12 08:43:27,PGT50FT,40.120377,32.584656,,,,-22.8
2026-09-12 08:43:27,TKJ6683,40.069094,32.811043,,,,-24.5
2026-09-12 08:43:57,ETD2,40.284851,32.486755,130.91,516.1,37000,-25.8
2026-09-12 08:43:57,THY6NH,40.220306,32.526855,304.52,423.6,38000,-26.0
2026-09-12 08:43:57,PGT50FT,40.120377,32.584656,,,,-22.8
2026-09-12 08:43:57,TKJ6683,40.069094,32.811043,,,,-24.5
2026-09-12 08:44:27,ETD2,40.284851,32.486755,130.91,516.1,37000,-25.8
2026-09-12 08:44:27,THY6NH,40.220306,32.526855,304.52,423.6,38000,-26.0
2026-09-12 08:44:27,PGT50FT,40.120377,32.584656,,,,-22.8
2026-09-12 08:44:27,TKJ6683,40.069094,32.811043,,,,-24.5
2026-09-12 08:44:58,ETD2,40.284851,32.486755,130.91,516.1,37000,-25.8
2026-09-12 08:44:58,THY6NH,40.220306,32.526855,304.52,423.6,38000,-26.0
2026-09-12 08:44:58,PGT50FT,40.120377,32.584656,,,,-22.8
2026-09-12 08:44:58,TKJ6683,40.069094,32.811043,,,,-24.5
2026-09-12 08:45:28,ETD2,40.284851,32.486755,130.91,516.1,37000,-25.8
2026-09-12 08:45:28,THY6NH,40.220306,32.526855,304.52,423.6,38000,-26.0
2026-09-12 08:45:28,PGT50FT,40.120377,32.584656,,,,-22.8
2026-09-12 08:45:28,TKJ6683,40.069094,32.811043,,,,-24.5
2026-09-12 08:45:58,ETD2,40.284851,32.486755,130.91,516.1,37000,-25.8
2026-09-12 08:45:58,THY6NH,40.220306,32.526855,304.52,423.6,38000,-26.0
2026-09-12 08:45:58,PGT50FT,40.120377,32.584656,,,,-22.8
2026-09-12 08:45:58,TKJ6683,40.069094,32.811043,,,,-24.5
2026-09-12 08:46:28,ETD2,40.284851,32.486755,130.91,516.1,37000,-25.8
2026-09-12 08:46:28,THY6NH,40.220306,32.526855,304.52,423.6,38000,-26.0
2026-09-12 08:46:28,PGT50FT,40.120377,32.584656,,,,-22.8
2026-09-12 08:46:28,TKJ6683,40.069094,32.811043,,,,-24.5
2026-09-12 08:46:58,ETD2,40.284851,32.486755,130.91,516.1,37000,-25.8
2026-09-12 08:46:58,THY6NH,40.220306,32.526855,304.52,423.6,38000,-26.0
2026-09-12 08:46:58,PGT50FT,40.120377,32.584656,,,,-22.8
2026-09-12 08:46:58,TKJ6683,40.069094,32.811043,,,,-24.5
2026-09-12 08:47:28,ETD2,40.284851,32.486755,130.91,516.1,37000,-25.8
2026-09-12 08:47:28,THY6NH,40.220306,32.526855,304.52,423.6,38000,-26.0
2026-09-12 08:47:28,PGT50FT,40.120377,32.584656,,,,-22.8
2026-09-12 08:47:28,TKJ6683,40.069094,32.811043,,,,-24.5
2026-09-12 08:47:58,ETD2,40.284851,32.486755,130.91,516.1,37000,-25.8
2026-09-12 08:47:58,THY6NH,40.220306,32.526855,304.52,423.6,38000,-26.0
2026-09-12 08:47:58,PGT50FT,40.120377,32.584656,,,,-22.8
2026-09-12 08:47:58,TKJ6683,40.069094,32.811043,,,,-24.5
2026-09-12 08:48:28,ETD2,40.284851,32.486755,130.91,516.1,37000,-25.8
2026-09-12 08:48:28,THY6NH,40.220306,32.526855,304.52,423.6,38000,-26.0
2026-09-12 08:48:28,PGT50FT,40.120377,32.584656,,,,-22.8
2026-09-12 08:48:28,TKJ6683,40.069094,32.811043,,,,-24.5
2026-09-12 08:48:58,ETD2,40.284851,32.486755,130.91,516.1,37000,-25.8
2026-09-12 08:48:58,THY6NH,40.220306,32.526855,304.52,423.6,38000,-26.0
2026-09-12 08:48:58,PGT50FT,40.120377,32.584656,,,,-22.8
2026-09-12 08:48:58,TKJ6683,40.069094,32.811043,,,,-24.5
2026-09-12 08:49:28,ETD2,40.284851,32.486755,130.91,516.1,37000,-25.8
2026-09-12 08:49:28,THY6NH,40.220306,32.526855,304.52,423.6,38000,-26.0
2026-09-12 08:49:28,PGT50FT,40.120377,32.584656,,,,-22.8
2026-09-12 08:49:28,TKJ6683,40.069094,32.811043,,,,-24.5
2026-09-12 08:49:58,ETD2,40.284851,32.486755,130.91,516.1,37000,-25.8
2026-09-12 08:49:58,THY6NH,40.220306,32.526855,304.52,423.6,38000,-26.0
2026-09-12 08:49:58,PGT50FT,40.120377,32.584656,,,,-22.8
2026-09-12 08:49:58,TKJ6683,40.069094,32.811043,,,,-24.5
2026-09-12 08:50:29,ETD2,40.284851,32.486755,130.91,516.1,37000,-25.8
2026-09-12 08:50:29,THY6NH,40.220306,32.526855,304.52,423.6,38000,-26.0
2026-09-12 08:50:29,PGT50FT,40.120377,32.584656,,,,-22.8
2026-09-12 08:50:29,TKJ6683,40.069094,32.811043,,,,-24.5
2026-09-12 08:50:59,ETD2,40.284851,32.486755,130.91,516.1,37000,-25.8
2026-09-12 08:50:59,THY6NH,40.220306,32.526855,304.52,423.6,38000,-26.0
2026-09-12 08:50:59,PGT50FT,40.120377,32.584656,,,,-22.8
2026-09-12 08:50:59,TKJ6683,40.069094,32.811043,,,,-24.5
2026-09-12 08:51:29,ETD2,40.284851,32.486755,130.91,516.1,37000,-25.8
2026-09-12 08:51:29,THY6NH,40.220306,32.526855,304.52,423.6,38000,-26.0
2026-09-12 08:51:29,PGT50FT,40.120377,32.584656,,,,-22.8
2026-09-12 08:51:29,TKJ6683,40.069094,32.811043,,,,-24.5
2026-09-12 08:51:59,ETD2,40.284851,32.486755,130.91,516.1,37000,-25.8
2026-09-12 08:51:59,THY6NH,40.220306,32.526855,304.52,423.6,38000,-26.0
2026-09-12 08:51:59,PGT50FT,40.120377,32.584656,,,,-22.8
2026-09-12 08:51:59,TKJ6683,40.069094,32.811043,,,,-24.5
2026-09-12 08:52:29,ETD2,40.284851,32.486755,130.91,516.1,37000,-25.8
2026-09-12 08:52:29,THY6NH,40.220306,32.526855,304.52,423.6,38000,-26.0
2026-09-12 08:52:29,PGT50FT,40.120377,32.584656,,,,-22.8
2026-09-12 08:52:29,TKJ6683,40.069094,32.811043,,,,-24.5
2026-09-12 08:52:59,ETD2,40.284851,32.486755,130.91,516.1,37000,-25.8
2026-09-12 08:52:59,THY6NH,40.220306,32.526855,304.52,423.6,38000,-26.0
2026-09-12 08:52:59,PGT50FT,40.120377,32.584656,,,,-22.8
2026-09-12 08:52:59,TKJ6683,40.069094,32.811043,,,,-24.5
2026-09-12 08:53:29,ETD2,40.284851,32.486755,130.91,516.1,37000,-25.8
2026-09-12 08:53:29,THY6NH,40.220306,32.526855,304.52,423.6,38000,-26.0
2026-09-12 08:53:29,PGT50FT,40.120377,32.584656,,,,-22.8
2026-09-12 08:53:29,TKJ6683,40.069094,32.811043,,,,-24.5
2026-09-12 08:53:59,ETD2,40.284851,32.486755,130.91,516.1,37000,-25.8
2026-09-12 08:53:59,THY6NH,40.220306,32.526855,304.52,423.6,38000,-26.0
2026-09-12 08:53:59,PGT50FT,40.120377,32.584656,,,,-22.8
2026-09-12 08:53:59,TKJ6683,40.069094,32.811043,,,,-24.5
2026-09-12 08:54:29,ETD2,40.284851,32.486755,130.91,516.1,37000,-25.8
2026-09-12 08:54:29,THY6NH,40.220306,32.526855,304.52,423.6,38000,-26.0
2026-09-12 08:54:29,PGT50FT,40.120377,32.584656,,,,-22.8
2026-09-12 08:54:29,TKJ6683,40.069094,32.811043,,,,-24.5
2026-09-12 08:54:59,ETD2,40.284851,32.486755,130.91,516.1,37000,-25.8
2026-09-12 08:54:59,THY6NH,40.220306,32.526855,304.52,423.6,38000,-26.0
2026-09-12 08:54:59,PGT50FT,40.120377,32.584656,,,,-22.8
2026-09-12 08:54:59,TKJ6683,40.069094,32.811043,,,,-24.5
2026-09-12 08:55:29,ETD2,40.284851,32.486755,130.91,516.1,37000,-25.8
2026-09-12 08:55:29,THY6NH,40.220306,32.526855,304.52,423.6,38000,-26.0
2026-09-12 08:55:29,PGT50FT,40.120377,32.584656,,,,-22.8
2026-09-12 08:55:29,TKJ6683,40.069094,32.811043,,,,-24.5
2026-09-12 08:55:59,ETD2,40.284851,32.486755,130.91,516.1,37000,-25.8
2026-09-12 08:55:59,THY6NH,40.220306,32.526855,304.52,423.6,38000,-26.0
2026-09-12 08:55:59,PGT50FT,40.120377,32.584656,,,,-22.8
2026-09-12 08:55:59,TKJ6683,40.069094,32.811043,,,,-24.5
2026-09-12 08:56:29,ETD2,40.284851,32.486755,130.91,516.1,37000,-25.8
2026-09-12 08:56:29,THY6NH,40.220306,32.526855,304.52,423.6,38000,-26.0
2026-09-12 08:56:29,PGT50FT,40.120377,32.584656,,,,-22.8
2026-09-12 08:56:29,TKJ6683,40.069094,32.811043,,,,-24.5
2026-09-12 08:57:00,ETD2,40.284851,32.486755,130.91,516.1,37000,-25.8
2026-09-12 08:57:00,THY6NH,40.220306,32.526855,304.52,423.6,38000,-26.0
2026-09-12 08:57:00,PGT50FT,40.120377,32.584656,,,,-22.8
2026-09-12 08:57:00,TKJ6683,40.069094,32.811043,,,,-24.5
2026-09-12 08:57:30,ETD2,40.284851,32.486755,130.91,516.1,37000,-25.8
2026-09-12 08:57:30,THY6NH,40.220306,32.526855,304.52,423.6,38000,-26.0
2026-09-12 08:57:30,PGT50FT,40.120377,32.584656,,,,-22.8
2026-09-12 08:57:30,TKJ6683,40.069094,32.811043,,,,-24.5
2026-09-12 08:58:00,ETD2,40.284851,32.486755,130.91,516.1,37000,-25.8
2026-09-12 08:58:00,THY6NH,40.220306,32.526855,304.52,423.6,38000,-26.0
2026-09-12 08:58:00,PGT50FT,40.120377,32.584656,,,,-22.8
2026-09-12 08:58:00,TKJ6683,40.069094,32.811043,,,,-24.5
2026-09-12 08:58:30,ETD2,40.284851,32.486755,130.91,516.1,37000,-25.8
2026-09-12 08:58:30,THY6NH,40.220306,32.526855,304.52,423.6,38000,-26.0
2026-09-12 08:58:30,PGT50FT,40.120377,32.584656,,,,-22.8
2026-09-12 08:58:30,TKJ6683,40.069094,32.811043,,,,-24.5
2026-09-12 08:59:00,ETD2,40.284851,32.486755,130.91,516.1,37000,-25.8
2026-09-12 08:59:00,THY6NH,40.220306,32.526855,304.52,423.6,38000,-26.0
2026-09-12 08:59:00,PGT50FT,40.120377,32.584656,,,,-22.8
2026-09-12 08:59:00,TKJ6683,40.069094,32.811043,,,,-24.5
2026-09-12 08:59:30,ETD2,40.284851,32.486755,130.91,516.1,37000,-25.8
2026-09-12 08:59:30,THY6NH,40.220306,32.526855,304.52,423.6,38000,-26.0
2026-09-12 08:59:30,PGT50FT,40.120377,32.584656,,,,-22.8
2026-09-12 08:59:30,TKJ6683,40.069094,32.811043,,,,-24.5
2026-09-12 09:00:00,ETD2,40.284851,32.486755,130.91,516.1,37000,-25.8
2026-09-12 09:00:00,THY6NH,40.220306,32.526855,304.52,423.6,38000,-26.0
2026-09-12 09:00:00,PGT50FT,40.120377,32.584656,,,,-22.8
2026-09-12 09:00:00,TKJ6683,40.069094,32.811043,,,,-24.5
2026-09-12 09:00:30,ETD2,40.284851,32.486755,130.91,516.1,37000,-25.8
2026-09-12 09:00:30,THY6NH,40.220306,32.526855,304.52,423.6,38000,-26.0
2026-09-12 09:00:30,PGT50FT,40.120377,32.584656,,,,-22.8
2026-09-12 09:00:30,TKJ6683,40.069094,32.811043,,,,-24.5
2026-09-12 09:01:00,ETD2,40.284851,32.486755,130.91,516.1,37000,-25.8
2026-09-12 09:01:00,THY6NH,40.220306,32.526855,304.52,423.6,38000,-26.0
2026-09-12 09:01:00,PGT50FT,40.120377,32.584656,,,,-22.8
2026-09-12 09:01:00,TKJ6683,40.069094,32.811043,,,,-24.5
2026-09-12 09:01:30,ETD2,40.284851,32.486755,130.91,516.1,37000,-25.8
2026-09-12 09:01:30,THY6NH,40.220306,32.526855,304.52,423.6,38000,-26.0
2026-09-12 09:01:30,PGT50FT,40.120377,32.584656,,,,-22.8
2026-09-12 09:01:30,TKJ6683,40.069094,32.811043,,,,-24.5
2026-09-12 09:02:00,ETD2,40.284851,32.486755,130.91,516.1,37000,-25.8
2026-09-12 09:02:00,THY6NH,40.220306,32.526855,304.52,423.6,38000,-26.0
2026-09-12 09:02:00,PGT50FT,40.120377,32.584656,,,,-22.8
2026-09-12 09:02:00,TKJ6683,40.069094,32.811043,,,,-24.5
2026-09-12 09:02:30,ETD2,40.284851,32.486755,130.91,516.1,37000,-25.8
2026-09-12 09:02:30,THY6NH,40.220306,32.526855,304.52,423.6,38000,-26.0
2026-09-12 09:02:30,PGT50FT,40.120377,32.584656,,,,-22.8
2026-09-12 09:02:30,TKJ6683,40.069094,32.811043,,,,-24.5
2026-09-12 09:03:01,ETD2,40.284851,32.486755,130.91,516.1,37000,-25.8
2026-09-12 09:03:01,THY6NH,40.220306,32.526855,304.52,423.6,38000,-26.0
2026-09-12 09:03:01,PGT50FT,40.120377,32.584656,,,,-22.8
2026-09-12 09:03:01,TKJ6683,40.069094,32.811043,,,,-24.5
2026-09-12 09:03:31,ETD2,40.284851,32.486755,130.91,516.1,37000,-25.8
2026-09-12 09:03:31,THY6NH,40.220306,32.526855,304.52,423.6,38000,-26.0
2026-09-12 09:03:31,PGT50FT,40.120377,32.584656,,,,-22.8
2026-09-12 09:03:31,TKJ6683,40.069094,32.811043,,,,-24.5
2026-09-12 09:04:01,ETD2,40.284851,32.486755,130.91,516.1,37000,-25.8
2026-09-12 09:04:01,THY6NH,40.220306,32.526855,304.52,423.6,38000,-26.0
2026-09-12 09:04:01,PGT50FT,40.120377,32.584656,,,,-22.8
2026-09-12 09:04:01,TKJ6683,40.069094,32.811043,,,,-24.5
2026-09-12 09:04:31,ETD2,40.284851,32.486755,130.91,516.1,37000,-25.8
2026-09-12 09:04:31,THY6NH,40.220306,32.526855,304.52,423.6,38000,-26.0
2026-09-12 09:04:31,PGT50FT,40.120377,32.584656,,,,-22.8
2026-09-12 09:04:31,TKJ6683,40.069094,32.811043,,,,-24.5
2026-09-12 09:05:01,ETD2,40.284851,32.486755,130.91,516.1,37000,-25.8
2026-09-12 09:05:01,THY6NH,40.220306,32.526855,304.52,423.6,38000,-26.0
2026-09-12 09:05:01,PGT50FT,40.120377,32.584656,,,,-22.8
2026-09-12 09:05:01,TKJ6683,40.069094,32.811043,,,,-24.5
2026-09-12 09:05:31,ETD2,40.284851,32.486755,130.91,516.1,37000,-25.8
2026-09-12 09:05:31,THY6NH,40.220306,32.526855,304.52,423.6,38000,-26.0
2026-09-12 09:05:31,PGT50FT,40.120377,32.584656,,,,-22.8
2026-09-12 09:05:31,TKJ6683,40.069094,32.811043,,,,-24.5
2026-09-12 09:06:01,ETD2,40.284851,32.486755,130.91,516.1,37000,-25.8
2026-09-12 09:06:01,THY6NH,40.220306,32.526855,304.52,423.6,38000,-26.0
2026-09-12 09:06:01,PGT50FT,40.120377,32.584656,,,,-22.8
2026-09-12 09:06:01,TKJ6683,40.069094,32.811043,,,,-24.5
2026-09-12 09:06:31,ETD2,40.284851,32.486755,130.91,516.1,37000,-25.8
2026-09-12 09:06:31,THY6NH,40.220306,32.526855,304.52,423.6,38000,-26.0
2026-09-12 09:06:31,PGT50FT,40.120377,32.584656,,,,-22.8
2026-09-12 09:06:31,TKJ6683,40.069094,32.811043,,,,-24.5
2026-09-12 09:07:01,ETD2,40.284851,32.486755,130.91,516.1,37000,-25.8
2026-09-12 09:07:01,THY6NH,40.220306,32.526855,304.52,423.6,38000,-26.0
2026-09-12 09:07:01,PGT50FT,40.120377,32.584656,,,,-22.8
2026-09-12 09:07:01,TKJ6683,40.069094,32.811043,,,,-24.5
2026-09-12 09:07:31,ETD2,40.284851,32.486755,130.91,516.1,37000,-25.8
2026-09-12 09:07:31,THY6NH,40.220306,32.526855,304.52,423.6,38000,-26.0
2026-09-12 09:07:31,PGT50FT,40.120377,32.584656,,,,-22.8
2026-09-12 09:07:31,TKJ6683,40.069094,32.811043,,,,-24.5
2026-09-12 09:08:01,ETD2,40.284851,32.486755,130.91,516.1,37000,-25.8
2026-09-12 09:08:01,THY6NH,40.220306,32.526855,304.52,423.6,38000,-26.0
2026-09-12 09:08:01,PGT50FT,40.120377,32.584656,,,,-22.8
2026-09-12 09:08:01,TKJ6683,40.069094,32.811043,,,,-24.5
2026-09-12 09:08:32,ETD2,40.284851,32.486755,130.91,516.1,37000,-25.8
2026-09-12 09:08:32,THY6NH,40.220306,32.526855,304.52,423.6,38000,-26.0
2026-09-12 09:08:32,PGT50FT,40.120377,32.584656,,,,-22.8
2026-09-12 09:08:32,TKJ6683,40.069094,32.811043,,,,-24.5
2026-09-12 09:09:02,ETD2,40.284851,32.486755,130.91,516.1,37000,-25.8
2026-09-12 09:09:02,THY6NH,40.220306,32.526855,304.52,423.6,38000,-26.0
2026-09-12 09:09:02,PGT50FT,40.120377,32.584656,,,,-22.8
2026-09-12 09:09:02,TKJ6683,40.069094,32.811043,,,,-24.5
2026-09-12 09:09:32,ETD2,40.284851,32.486755,130.91,516.1,37000,-25.8
2026-09-12 09:09:32,THY6NH,40.220306,32.526855,304.52,423.6,38000,-26.0
2026-09-12 09:09:32,PGT50FT,40.120377,32.584656,,,,-22.8
2026-09-12 09:09:32,TKJ6683,40.069094,32.811043,,,,-24.5
2026-09-12 09:10:02,ETD2,40.284851,32.486755,130.91,516.1,37000,-25.8
2026-09-12 09:10:02,THY6NH,40.220306,32.526855,304.52,423.6,38000,-26.0
2026-09-12 09:10:02,PGT50FT,40.120377,32.584656,,,,-22.8
2026-09-12 09:10:02,TKJ6683,40.069094,32.811043,,,,-24.5
2026-09-12 09:10:32,ETD2,40.284851,32.486755,130.91,516.1,37000,-25.8
2026-09-12 09:10:32,THY6NH,40.220306,32.526855,304.52,423.6,38000,-26.0
2026-09-12 09:10:32,PGT50FT,40.120377,32.584656,,,,-22.8
2026-09-12 09:10:32,TKJ6683,40.069094,32.811043,,,,-24.5
2026-09-12 09:11:02,ETD2,40.284851,32.486755,130.91,516.1,37000,-25.8
2026-09-12 09:11:02,THY6NH,40.220306,32.526855,304.52,423.6,38000,-26.0
2026-09-12 09:11:02,PGT50FT,40.120377,32.584656,,,,-22.8
2026-09-12 09:11:02,TKJ6683,40.069094,32.811043,,,,-24.5
2026-09-12 09:11:32,ETD2,40.284851,32.486755,130.91,516.1,37000,-25.8
2026-09-12 09:11:32,THY6NH,40.220306,32.526855,304.52,423.6,38000,-26.0
2026-09-12 09:11:32,PGT50FT,40.120377,32.584656,,,,-22.8
2026-09-12 09:11:32,TKJ6683,40.069094,32.811043,,,,-24.5
2026-09-12 09:12:02,ETD2,40.284851,32.486755,130.91,516.1,37000,-25.8
2026-09-12 09:12:02,THY6NH,40.220306,32.526855,304.52,423.6,38000,-26.0
2026-09-12 09:12:02,PGT50FT,40.120377,32.584656,,,,-22.8
2026-09-12 09:12:02,TKJ6683,40.069094,32.811043,,,,-24.5
2026-09-12 09:12:32,ETD2,40.284851,32.486755,130.91,516.1,37000,-25.8
2026-09-12 09:12:32,THY6NH,40.220306,32.526855,304.52,423.6,38000,-26.0
2026-09-12 09:12:32,PGT50FT,40.120377,32.584656,,,,-22.8
2026-09-12 09:12:32,TKJ6683,40.069094,32.811043,,,,-24.5
2026-09-12 09:13:02,ETD2,40.284851,32.486755,130.91,516.1,37000,-25.8
2026-09-12 09:13:02,THY6NH,40.220306,32.526855,304.52,423.6,38000,-26.0
2026-09-12 09:13:02,PGT50FT,40.120377,32.584656,,,,-22.8
2026-09-12 09:13:02,TKJ6683,40.069094,32.811043,,,,-24.5
2026-09-12 09:13:32,ETD2,40.284851,32.486755,130.91,516.1,37000,-25.8
2026-09-12 09:13:32,THY6NH,40.220306,32.526855,304.52,423.6,38000,-26.0
2026-09-12 09:13:32,PGT50FT,40.120377,32.584656,,,,-22.8
2026-09-12 09:13:32,TKJ6683,40.069094,32.811043,,,,-24.5
2026-09-12 09:14:02,ETD2,40.284851,32.486755,130.91,516.1,37000,-25.8
2026-09-12 09:14:02,THY6NH,40.220306,32.526855,304.52,423.6,38000,-26.0
2026-09-12 09:14:02,PGT50FT,40.120377,32.584656,,,,-22.8
2026-09-12 09:14:02,TKJ6683,40.069094,32.811043,,,,-24.5
2026-09-12 09:14:33,ETD2,40.284851,32.486755,130.91,516.1,37000,-25.8
2026-09-12 09:14:33,THY6NH,40.220306,32.526855,304.52,423.6,38000,-26.0
2026-09-12 09:14:33,PGT50FT,40.120377,32.584656,,,,-22.8
2026-09-12 09:14:33,TKJ6683,40.069094,32.811043,,,,-24.5
2026-09-12 09:15:03,ETD2,40.284851,32.486755,130.91,516.1,37000,-25.8
2026-09-12 09:15:03,THY6NH,40.220306,32.526855,304.52,423.6,38000,-26.0
2026-09-12 09:15:03,PGT50FT,40.120377,32.584656,,,,-22.8
2026-09-12 09:15:03,TKJ6683,40.069094,32.811043,,,,-24.5
2026-09-12 09:15:33,ETD2,40.284851,32.486755,130.91,516.1,37000,-25.8
2026-09-12 09:15:33,THY6NH,40.220306,32.526855,304.52,423.6,38000,-26.0
2026-09-12 09:15:33,PGT50FT,40.120377,32.584656,,,,-22.8
2026-09-12 09:15:33,TKJ6683,40.069094,32.811043,,,,-24.5
2026-09-12 09:16:03,ETD2,40.284851,32.486755,130.91,516.1,37000,-25.8
2026-09-12 09:16:03,THY6NH,40.220306,32.526855,304.52,423.6,38000,-26.0
2026-09-12 09:16:03,PGT50FT,40.120377,32.584656,,,,-22.8
2026-09-12 09:16:03,TKJ6683,40.069094,32.811043,,,,-24.5
2026-09-12 09:16:33,ETD2,40.284851,32.486755,130.91,516.1,37000,-25.8
2026-09-12 09:16:33,THY6NH,40.220306,32.526855,304.52,423.6,38000,-26.0
2026-09-12 09:16:33,PGT50FT,40.120377,32.584656,,,,-22.8
2026-09-12 09:16:33,TKJ6683,40.069094,32.811043,,,,-24.5
2026-09-12 09:17:03,ETD2,40.284851,32.486755,130.91,516.1,37000,-25.8
2026-09-12 09:17:03,THY6NH,40.220306,32.526855,304.52,423.6,38000,-26.0
2026-09-12 09:17:03,PGT50FT,40.120377,32.584656,,,,-22.8
2026-09-12 09:17:03,TKJ6683,40.069094,32.811043,,,,-24.5
2026-09-12 09:17:33,ETD2,40.284851,32.486755,130.91,516.1,37000,-25.8
2026-09-12 09:17:33,THY6NH,40.220306,32.526855,304.52,423.6,38000,-26.0
2026-09-12 09:17:33,PGT50FT,40.120377,32.584656,,,,-22.8
2026-09-12 09:17:33,TKJ6683,40.069094,32.811043,,,,-24.5
2026-09-12 09:18:03,ETD2,40.284851,32.486755,130.91,516.1,37000,-25.8
2026-09-12 09:18:03,THY6NH,40.220306,32.526855,304.52,423.6,38000,-26.0
2026-09-12 09:18:03,PGT50FT,40.120377,32.584656,,,,-22.8
2026-09-12 09:18:03,TKJ6683,40.069094,32.811043,,,,-24.5
2026-09-12 09:18:33,ETD2,40.284851,32.486755,130.91,516.1,37000,-25.8
2026-09-12 09:18:33,THY6NH,40.220306,32.526855,304.52,423.6,38000,-26.0
2026-09-12 09:18:33,PGT50FT,40.120377,32.584656,,,,-22.8
2026-09-12 09:18:33,TKJ6683,40.069094,32.811043,,,,-24.5
2026-09-12 09:19:03,ETD2,40.284851,32.486755,130.91,516.1,37000,-25.8
2026-09-12 09:19:03,THY6NH,40.220306,32.526855,304.52,423.6,38000,-26.0
2026-09-12 09:19:03,PGT50FT,40.120377,32.584656,,,,-22.8
2026-09-12 09:19:03,TKJ6683,40.069094,32.811043,,,,-24.5
2026-09-12 09:19:33,ETD2,40.284851,32.486755,130.91,516.1,37000,-25.8
2026-09-12 09:19:33,THY6NH,40.220306,32.526855,304.52,423.6,38000,-26.0
2026-09-12 09:19:33,PGT50FT,40.120377,32.584656,,,,-22.8
2026-09-12 09:19:33,TKJ6683,40.069094,32.811043,,,,-24.5
2026-09-12 09:20:03,ETD2,40.284851,32.486755,130.91,516.1,37000,-25.8
2026-09-12 09:20:03,THY6NH,40.220306,32.526855,304.52,423.6,38000,-26.0
2026-09-12 09:20:03,PGT50FT,40.120377,32.584656,,,,-22.8
2026-09-12 09:20:03,TKJ6683,40.069094,32.811043,,,,-24.5
2026-09-12 09:20:34,ETD2,40.284851,32.486755,130.91,516.1,37000,-25.8
2026-09-12 09:20:34,THY6NH,40.220306,32.526855,304.52,423.6,38000,-26.0
2026-09-12 09:20:34,PGT50FT,40.120377,32.584656,,,,-22.8
2026-09-12 09:20:34,TKJ6683,40.069094,32.811043,,,,-24.5
2026-09-12 09:21:04,ETD2,40.284851,32.486755,130.91,516.1,37000,-25.8
2026-09-12 09:21:04,THY6NH,40.220306,32.526855,304.52,423.6,38000,-26.0
2026-09-12 09:21:04,PGT50FT,40.120377,32.584656,,,,-22.8
2026-09-12 09:21:04,TKJ6683,40.069094,32.811043,,,,-24.5
2026-09-12 09:21:34,ETD2,40.284851,32.486755,130.91,516.1,37000,-25.8
2026-09-12 09:21:34,THY6NH,40.220306,32.526855,304.52,423.6,38000,-26.0
2026-09-12 09:21:34,PGT50FT,40.120377,32.584656,,,,-22.8
2026-09-12 09:21:34,TKJ6683,40.069094,32.811043,,,,-24.5
2026-09-12 09:22:04,ETD2,40.284851,32.486755,130.91,516.1,37000,-25.8
2026-09-12 09:22:04,THY6NH,40.220306,32.526855,304.52,423.6,38000,-26.0
2026-09-12 09:22:04,PGT50FT,40.120377,32.584656,,,,-22.8
2026-09-12 09:22:04,TKJ6683,40.069094,32.811043,,,,-24.5
2026-09-12 09:22:34,ETD2,40.284851,32.486755,130.91,516.1,37000,-25.8
2026-09-12 09:22:34,THY6NH,40.220306,32.526855,304.52,423.6,38000,-26.0
2026-09-12 09:22:34,PGT50FT,40.120377,32.584656,,,,-22.8
2026-09-12 09:22:34,TKJ6683,40.069094,32.811043,,,,-24.5
2026-09-12 09:23:04,ETD2,40.284851,32.486755,130.91,516.1,37000,-25.8
2026-09-12 09:23:04,THY6NH,40.220306,32.526855,304.52,423.6,38000,-26.0
2026-09-12 09:23:04,PGT50FT,40.120377,32.584656,,,,-22.8
2026-09-12 09:23:04,TKJ6683,40.069094,32.811043,,,,-24.5
2026-09-12 09:23:34,ETD2,40.284851,32.486755,130.91,516.1,37000,-25.8
2026-09-12 09:23:34,THY6NH,40.220306,32.526855,304.52,423.6,38000,-26.0
2026-09-12 09:23:34,PGT50FT,40.120377,32.584656,,,,-22.8
2026-09-12 09:23:34,TKJ6683,40.069094,32.811043,,,,-24.5
2026-09-12 09:24:04,ETD2,40.284851,32.486755,130.91,516.1,37000,-25.8
2026-09-12 09:24:04,THY6NH,40.220306,32.526855,304.52,423.6,38000,-26.0
2026-09-12 09:24:04,PGT50FT,40.120377,32.584656,,,,-22.8
2026-09-12 09:24:04,TKJ6683,40.069094,32.811043,,,,-24.5
2026-09-12 09:24:34,ETD2,40.284851,32.486755,130.91,516.1,37000,-25.8
2026-09-12 09:24:34,THY6NH,40.220306,32.526855,304.52,423.6,38000,-26.0
2026-09-12 09:24:34,PGT50FT,40.120377,32.584656,,,,-22.8
2026-09-12 09:24:34,TKJ6683,40.069094,32.811043,,,,-24.5
2026-09-12 09:25:04,ETD2,40.284851,32.486755,130.91,516.1,37000,-25.8
2026-09-12 09:25:04,THY6NH,40.220306,32.526855,304.52,423.6,38000,-26.0
2026-09-12 09:25:04,PGT50FT,40.120377,32.584656,,,,-22.8
2026-09-12 09:25:04,TKJ6683,40.069094,32.811043,,,,-24.5
2026-09-12 09:25:34,ETD2,40.284851,32.486755,130.91,516.1,37000,-25.8
2026-09-12 09:25:34,THY6NH,40.220306,32.526855,304.52,423.6,38000,-26.0
2026-09-12 09:25:34,PGT50FT,40.120377,32.584656,,,,-22.8
2026-09-12 09:25:34,TKJ6683,40.069094,32.811043,,,,-24.5
2026-09-12 09:26:04,ETD2,40.284851,32.486755,130.91,516.1,37000,-25.8
2026-09-12 09:26:04,THY6NH,40.220306,32.526855,304.52,423.6,38000,-26.0
2026-09-12 09:26:04,PGT50FT,40.120377,32.584656,,,,-22.8
2026-09-12 09:26:04,TKJ6683,40.069094,32.811043,,,,-24.5
2026-09-12 09:26:34,ETD2,40.284851,32.486755,130.91,516.1,37000,-25.8
2026-09-12 09:26:34,THY6NH,40.220306,32.526855,304.52,423.6,38000,-26.0
2026-09-12 09:26:34,PGT50FT,40.120377,32.584656,,,,-22.8
2026-09-12 09:26:34,TKJ6683,40.069094,32.811043,,,,-24.5
2026-09-12 09:27:05,ETD2,40.284851,32.486755,130.91,516.1,37000,-25.8
2026-09-12 09:27:05,THY6NH,40.220306,32.526855,304.52,423.6,38000,-26.0
2026-09-12 09:27:05,PGT50FT,40.120377,32.584656,,,,-22.8
2026-09-12 09:27:05,TKJ6683,40.069094,32.811043,,,,-24.5
2026-09-12 09:27:35,ETD2,40.284851,32.486755,130.91,516.1,37000,-25.8
2026-09-12 09:27:35,THY6NH,40.220306,32.526855,304.52,423.6,38000,-26.0
2026-09-12 09:27:35,PGT50FT,40.120377,32.584656,,,,-22.8
2026-09-12 09:27:35,TKJ6683,40.069094,32.811043,,,,-24.5
2026-09-12 09:28:05,ETD2,40.284851,32.486755,130.91,516.1,37000,-25.8
2026-09-12 09:28:05,THY6NH,40.220306,32.526855,304.52,423.6,38000,-26.0
2026-09-12 09:28:05,PGT50FT,40.120377,32.584656,,,,-22.8
2026-09-12 09:28:05,TKJ6683,40.069094,32.811043,,,,-24.5
2026-09-12 09:28:35,ETD2,40.284851,32.486755,130.91,516.1,37000,-25.8
2026-09-12 09:28:35,THY6NH,40.220306,32.526855,304.52,423.6,38000,-26.0
2026-09-12 09:28:35,PGT50FT,40.120377,32.584656,,,,-22.8
2026-09-12 09:28:35,TKJ6683,40.069094,32.811043,,,,-24.5
2026-09-12 09:29:05,ETD2,40.284851,32.486755,130.91,516.1,37000,-25.8
2026-09-12 09:29:05,THY6NH,40.220306,32.526855,304.52,423.6,38000,-26.0
2026-09-12 09:29:05,PGT50FT,40.120377,32.584656,,,,-22.8
2026-09-12 09:29:05,TKJ6683,40.069094,32.811043,,,,-24.5
2026-09-12 09:29:35,ETD2,40.284851,32.486755,130.91,516.1,37000,-25.8
2026-09-12 09:29:35,THY6NH,40.220306,32.526855,304.52,423.6,38000,-26.0
2026-09-12 09:29:35,PGT50FT,40.120377,32.584656,,,,-22.8
2026-09-12 09:29:35,TKJ6683,40.069094,32.811043,,,,-24.5
2026-09-12 09:30:05,ETD2,40.284851,32.486755,130.91,516.1,37000,-25.8
2026-09-12 09:30:05,THY6NH,40.220306,32.526855,304.52,423.6,38000,-26.0
2026-09-12 09:30:05,PGT50FT,40.120377,32.584656,,,,-22.8
2026-09-12 09:30:05,TKJ6683,40.069094,32.811043,,,,-24.5
2026-09-12 09:30:35,ETD2,40.284851,32.486755,130.91,516.1,37000,-25.8
2026-09-12 09:30:35,THY6NH,40.220306,32.526855,304.52,423.6,38000,-26.0
2026-09-12 09:30:35,PGT50FT,40.120377,32.584656,,,,-22.8
2026-09-12 09:30:35,TKJ6683,40.069094,32.811043,,,,-24.5
2026-09-12 09:31:05,ETD2,40.284851,32.486755,130.91,516.1,37000,-25.8
2026-09-12 09:31:05,THY6NH,40.220306,32.526855,304.52,423.6,38000,-26.0
2026-09-12 09:31:05,PGT50FT,40.120377,32.584656,,,,-22.8
2026-09-12 09:31:05,TKJ6683,40.069094,32.811043,,,,-24.5
2026-09-12 09:31:35,ETD2,40.284851,32.486755,130.91,516.1,37000,-25.8
2026-09-12 09:31:35,THY6NH,40.220306,32.526855,304.52,423.6,38000,-26.0
2026-09-12 09:31:35,PGT50FT,40.120377,32.584656,,,,-22.8
2026-09-12 09:31:35,TKJ6683,40.069094,32.811043,,,,-24.5
2026-09-12 09:32:05,ETD2,40.284851,32.486755,130.91,516.1,37000,-25.8
2026-09-12 09:32:05,THY6NH,40.220306,32.526855,304.52,423.6,38000,-26.0
2026-09-12 09:32:05,PGT50FT,40.120377,32.584656,,,,-22.8
2026-09-12 09:32:05,TKJ6683,40.069094,32.811043,,,,-24.5
2026-09-12 09:32:36,ETD2,40.284851,32.486755,130.91,516.1,37000,-25.8
2026-09-12 09:32:36,THY6NH,40.220306,32.526855,304.52,423.6,38000,-26.0
2026-09-12 09:32:36,PGT50FT,40.120377,32.584656,,,,-22.8
2026-09-12 09:32:36,TKJ6683,40.069094,32.811043,,,,-24.5
2026-09-12 09:33:06,ETD2,40.284851,32.486755,130.91,516.1,37000,-25.8
2026-09-12 09:33:06,THY6NH,40.220306,32.526855,304.52,423.6,38000,-26.0
2026-09-12 09:33:06,PGT50FT,40.120377,32.584656,,,,-22.8
2026-09-12 09:33:06,TKJ6683,40.069094,32.811043,,,,-24.5
2026-09-12 09:33:36,ETD2,40.284851,32.486755,130.91,516.1,37000,-25.8
2026-09-12 09:33:36,THY6NH,40.220306,32.526855,304.52,423.6,38000,-26.0
2026-09-12 09:33:36,PGT50FT,40.120377,32.584656,,,,-22.8
2026-09-12 09:33:36,TKJ6683,40.069094,32.811043,,,,-24.5
2026-09-12 09:34:06,ETD2,40.284851,32.486755,130.91,516.1,37000,-25.8
2026-09-12 09:34:06,THY6NH,40.220306,32.526855,304.52,423.6,38000,-26.0
2026-09-12 09:34:06,PGT50FT,40.120377,32.584656,,,,-22.8
2026-09-12 09:34:06,TKJ6683,40.069094,32.811043,,,,-24.5
2026-09-12 09:34:36,ETD2,40.284851,32.486755,130.91,516.1,37000,-25.8
2026-09-12 09:34:36,THY6NH,40.220306,32.526855,304.52,423.6,38000,-26.0
2026-09-12 09:34:36,PGT50FT,40.120377,32.584656,,,,-22.8
2026-09-12 09:34:36,TKJ6683,40.069094,32.811043,,,,-24.5
2026-09-12 09:35:06,ETD2,40.284851,32.486755,130.91,516.1,37000,-25.8
2026-09-12 09:35:06,THY6NH,40.220306,32.526855,304.52,423.6,38000,-26.0
2026-09-12 09:35:06,PGT50FT,40.120377,32.584656,,,,-22.8
2026-09-12 09:35:06,TKJ6683,40.069094,32.811043,,,,-24.5
2026-09-12 09:35:36,ETD2,40.284851,32.486755,130.91,516.1,37000,-25.8
2026-09-12 09:35:36,THY6NH,40.220306,32.526855,304.52,423.6,38000,-26.0
2026-09-12 09:35:36,PGT50FT,40.120377,32.584656,,,,-22.8
2026-09-12 09:35:36,TKJ6683,40.069094,32.811043,,,,-24.5
2026-09-12 09:36:06,ETD2,40.284851,32.486755,130.91,516.1,37000,-25.8
2026-09-12 09:36:06,THY6NH,40.220306,32.526855,304.52,423.6,38000,-26.0
2026-09-12 09:36:06,PGT50FT,40.120377,32.584656,,,,-22.8
2026-09-12 09:36:06,TKJ6683,40.069094,32.811043,,,,-24.5
2026-09-12 09:36:36,ETD2,40.284851,32.486755,130.91,516.1,37000,-25.8
2026-09-12 09:36:36,THY6NH,40.220306,32.526855,304.52,423.6,38000,-26.0
2026-09-12 09:36:36,PGT50FT,40.120377,32.584656,,,,-22.8
2026-09-12 09:36:36,TKJ6683,40.069094,32.811043,,,,-24.5
2026-09-12 09:37:06,ETD2,40.284851,32.486755,130.91,516.1,37000,-25.8
2026-09-12 09:37:06,THY6NH,40.220306,32.526855,304.52,423.6,38000,-26.0
2026-09-12 09:37:06,PGT50FT,40.120377,32.584656,,,,-22.8
2026-09-12 09:37:06,TKJ6683,40.069094,32.811043,,,,-24.5
2026-09-12 09:37:36,ETD2,40.284851,32.486755,130.91,516.1,37000,-25.8
2026-09-12 09:37:36,THY6NH,40.220306,32.526855,304.52,423.6,38000,-26.0
2026-09-12 09:37:36,PGT50FT,40.120377,32.584656,,,,-22.8
2026-09-12 09:37:36,TKJ6683,40.069094,32.811043,,,,-24.5
2026-09-12 09:38:06,ETD2,40.284851,32.486755,130.91,516.1,37000,-25.8
2026-09-12 09:38:06,THY6NH,40.220306,32.526855,304.52,423.6,38000,-26.0
2026-09-12 09:38:06,PGT50FT,40.120377,32.584656,,,,-22.8
2026-09-12 09:38:06,TKJ6683,40.069094,32.811043,,,,-24.5
2026-09-12 09:38:37,ETD2,40.284851,32.486755,130.91,516.1,37000,-25.8
2026-09-12 09:38:37,THY6NH,40.220306,32.526855,304.52,423.6,38000,-26.0
2026-09-12 09:38:37,PGT50FT,40.120377,32.584656,,,,-22.8
2026-09-12 09:38:37,TKJ6683,40.069094,32.811043,,,,-24.5
2026-09-12 09:39:07,ETD2,40.284851,32.486755,130.91,516.1,37000,-25.8
2026-09-12 09:39:07,THY6NH,40.220306,32.526855,304.52,423.6,38000,-26.0
2026-09-12 09:39:07,PGT50FT,40.120377,32.584656,,,,-22.8
2026-09-12 09:39:07,TKJ6683,40.069094,32.811043,,,,-24.5
2026-09-12 09:39:37,ETD2,40.284851,32.486755,130.91,516.1,37000,-25.8
2026-09-12 09:39:37,THY6NH,40.220306,32.526855,304.52,423.6,38000,-26.0
2026-09-12 09:39:37,PGT50FT,40.120377,32.584656,,,,-22.8
2026-09-12 09:39:37,TKJ6683,40.069094,32.811043,,,,-24.5
2026-09-12 09:40:07,ETD2,40.284851,32.486755,130.91,516.1,37000,-25.8
2026-09-12 09:40:07,THY6NH,40.220306,32.526855,304.52,423.6,38000,-26.0
2026-09-12 09:40:07,PGT50FT,40.120377,32.584656,,,,-22.8
2026-09-12 09:40:07,TKJ6683,40.069094,32.811043,,,,-24.5
2026-09-12 09:40:37,ETD2,40.284851,32.486755,130.91,516.1,37000,-25.8
2026-09-12 09:40:37,THY6NH,40.220306,32.526855,304.52,423.6,38000,-26.0
2026-09-12 09:40:37,PGT50FT,40.120377,32.584656,,,,-22.8
2026-09-12 09:40:37,TKJ6683,40.069094,32.811043,,,,-24.5
2026-09-12 09:41:07,ETD2,40.284851,32.486755,130.91,516.1,37000,-25.8
2026-09-12 09:41:07,THY6NH,40.220306,32.526855,304.52,423.6,38000,-26.0
2026-09-12 09:41:07,PGT50FT,40.120377,32.584656,,,,-22.8
2026-09-12 09:41:07,TKJ6683,40.069094,32.811043,,,,-24.5
2026-09-12 09:41:37,ETD2,40.284851,32.486755,130.91,516.1,37000,-25.8
2026-09-12 09:41:37,THY6NH,40.220306,32.526855,304.52,423.6,38000,-26.0
2026-09-12 09:41:37,PGT50FT,40.120377,32.584656,,,,-22.8
2026-09-12 09:41:37,TKJ6683,40.069094,32.811043,,,,-24.5
2026-09-12 09:42:07,ETD2,40.284851,32.486755,130.91,516.1,37000,-25.8
2026-09-12 09:42:07,THY6NH,40.220306,32.526855,304.52,423.6,38000,-26.0
2026-09-12 09:42:07,PGT50FT,40.120377,32.584656,,,,-22.8
2026-09-12 09:42:07,TKJ6683,40.069094,32.811043,,,,-24.5
2026-09-12 09:42:37,ETD2,40.284851,32.486755,130.91,516.1,37000,-25.8
2026-09-12 09:42:37,THY6NH,40.220306,32.526855,304.52,423.6,38000,-26.0
2026-09-12 09:42:37,PGT50FT,40.120377,32.584656,,,,-22.8
2026-09-12 09:42:37,TKJ6683,40.069094,32.811043,,,,-24.5
2026-09-12 09:43:07,ETD2,40.284851,32.486755,130.91,516.1,37000,-25.8
2026-09-12 09:43:07,THY6NH,40.220306,32.526855,304.52,423.6,38000,-26.0
2026-09-12 09:43:07,PGT50FT,40.120377,32.584656,,,,-22.8
2026-09-12 09:43:07,TKJ6683,40.069094,32.811043,,,,-24.5
2026-09-12 09:43:37,ETD2,40.284851,32.486755,130.91,516.1,37000,-25.8
2026-09-12 09:43:37,THY6NH,40.220306,32.526855,304.52,423.6,38000,-26.0
2026-09-12 09:43:37,PGT50FT,40.120377,32.584656,,,,-22.8
2026-09-12 09:43:37,TKJ6683,40.069094,32.811043,,,,-24.5
2026-09-12 09:44:08,ETD2,40.284851,32.486755,130.91,516.1,37000,-25.8
2026-09-12 09:44:08,THY6NH,40.220306,32.526855,304.52,423.6,38000,-26.0
2026-09-12 09:44:08,PGT50FT,40.120377,32.584656,,,,-22.8
2026-09-12 09:44:08,TKJ6683,40.069094,32.811043,,,,-24.5
2026-09-12 09:44:38,ETD2,40.284851,32.486755,130.91,516.1,37000,-25.8
2026-09-12 09:44:38,THY6NH,40.220306,32.526855,304.52,423.6,38000,-26.0
2026-09-12 09:44:38,PGT50FT,40.120377,32.584656,,,,-22.8
2026-09-12 09:44:38,TKJ6683,40.069094,32.811043,,,,-24.5
2026-09-12 09:45:08,ETD2,40.284851,32.486755,130.91,516.1,37000,-25.8
2026-09-12 09:45:08,THY6NH,40.220306,32.526855,304.52,423.6,38000,-26.0
2026-09-12 09:45:08,PGT50FT,40.120377,32.584656,,,,-22.8
2026-09-12 09:45:08,TKJ6683,40.069094,32.811043,,,,-24.5
2026-09-12 09:45:38,ETD2,40.284851,32.486755,130.91,516.1,37000,-25.8
2026-09-12 09:45:38,THY6NH,40.220306,32.526855,304.52,423.6,38000,-26.0
2026-09-12 09:45:38,PGT50FT,40.120377,32.584656,,,,-22.8
2026-09-12 09:45:38,TKJ6683,40.069094,32.811043,,,,-24.5
2026-09-12 09:46:08,ETD2,40.284851,32.486755,130.91,516.1,37000,-25.8
2026-09-12 09:46:08,THY6NH,40.220306,32.526855,304.52,423.6,38000,-26.0
2026-09-12 09:46:08,PGT50FT,40.120377,32.584656,,,,-22.8
2026-09-12 09:46:08,TKJ6683,40.069094,32.811043,,,,-24.5
2026-09-12 09:46:38,ETD2,40.284851,32.486755,130.91,516.1,37000,-25.8
2026-09-12 09:46:38,THY6NH,40.220306,32.526855,304.52,423.6,38000,-26.0
2026-09-12 09:46:38,PGT50FT,40.120377,32.584656,,,,-22.8
2026-09-12 09:46:38,TKJ6683,40.069094,32.811043,,,,-24.5
2026-09-12 09:47:08,ETD2,40.284851,32.486755,130.91,516.1,37000,-25.8
2026-09-12 09:47:08,THY6NH,40.220306,32.526855,304.52,423.6,38000,-26.0
2026-09-12 09:47:08,PGT50FT,40.120377,32.584656,,,,-22.8
2026-09-12 09:47:08,TKJ6683,40.069094,32.811043,,,,-24.5
2026-09-12 09:47:38,ETD2,40.284851,32.486755,130.91,516.1,37000,-25.8
2026-09-12 09:47:38,THY6NH,40.220306,32.526855,304.52,423.6,38000,-26.0
2026-09-12 09:47:38,PGT50FT,40.120377,32.584656,,,,-22.8
2026-09-12 09:47:38,TKJ6683,40.069094,32.811043,,,,-24.5
2026-09-12 09:48:08,ETD2,40.284851,32.486755,130.91,516.1,37000,-25.8
2026-09-12 09:48:08,THY6NH,40.220306,32.526855,304.52,423.6,38000,-26.0
2026-09-12 09:48:08,PGT50FT,40.120377,32.584656,,,,-22.8
2026-09-12 09:48:08,TKJ6683,40.069094,32.811043,,,,-24.5
2026-09-12 09:48:38,ETD2,40.284851,32.486755,130.91,516.1,37000,-25.8
2026-09-12 09:48:38,THY6NH,40.220306,32.526855,304.52,423.6,38000,-26.0
2026-09-12 09:48:38,PGT50FT,40.120377,32.584656,,,,-22.8
2026-09-12 09:48:38,TKJ6683,40.069094,32.811043,,,,-24.5
2026-09-12 09:49:08,ETD2,40.284851,32.486755,130.91,516.1,37000,-25.8
2026-09-12 09:49:08,THY6NH,40.220306,32.526855,304.52,423.6,38000,-26.0
2026-09-12 09:49:08,PGT50FT,40.120377,32.584656,,,,-22.8
2026-09-12 09:49:08,TKJ6683,40.069094,32.811043,,,,-24.5
2026-09-12 09:49:38,ETD2,40.284851,32.486755,130.91,516.1,37000,-25.8
2026-09-12 09:49:38,THY6NH,40.220306,32.526855,304.52,423.6,38000,-26.0
2026-09-12 09:49:38,PGT50FT,40.120377,32.584656,,,,-22.8
2026-09-12 09:49:38,TKJ6683,40.069094,32.811043,,,,-24.5
2026-09-12 09:50:09,ETD2,40.284851,32.486755,130.91,516.1,37000,-25.8
2026-09-12 09:50:09,THY6NH,40.220306,32.526855,304.52,423.6,38000,-26.0
2026-09-12 09:50:09,PGT50FT,40.120377,32.584656,,,,-22.8
2026-09-12 09:50:09,TKJ6683,40.069094,32.811043,,,,-24.5
2026-09-12 09:50:39,ETD2,40.284851,32.486755,130.91,516.1,37000,-25.8
2026-09-12 09:50:39,THY6NH,40.220306,32.526855,304.52,423.6,38000,-26.0
2026-09-12 09:50:39,PGT50FT,40.120377,32.584656,,,,-22.8
2026-09-12 09:50:39,TKJ6683,40.069094,32.811043,,,,-24.5
2026-09-12 09:51:09,ETD2,40.284851,32.486755,130.91,516.1,37000,-25.8
2026-09-12 09:51:09,THY6NH,40.220306,32.526855,304.52,423.6,38000,-26.0
2026-09-12 09:51:09,PGT50FT,40.120377,32.584656,,,,-22.8
2026-09-12 09:51:09,TKJ6683,40.069094,32.811043,,,,-24.5
2026-09-12 09:51:39,ETD2,40.284851,32.486755,130.91,516.1,37000,-25.8
2026-09-12 09:51:39,THY6NH,40.220306,32.526855,304.52,423.6,38000,-26.0
2026-09-12 09:51:39,PGT50FT,40.120377,32.584656,,,,-22.8
2026-09-12 09:51:39,TKJ6683,40.069094,32.811043,,,,-24.5
2026-09-12 09:52:09,ETD2,40.284851,32.486755,130.91,516.1,37000,-25.8
2026-09-12 09:52:09,THY6NH,40.220306,32.526855,304.52,423.6,38000,-26.0
2026-09-12 09:52:09,PGT50FT,40.120377,32.584656,,,,-22.8
2026-09-12 09:52:09,TKJ6683,40.069094,32.811043,,,,-24.5
2026-09-12 09:52:39,ETD2,40.284851,32.486755,130.91,516.1,37000,-25.8
2026-09-12 09:52:39,THY6NH,40.220306,32.526855,304.52,423.6,38000,-26.0
2026-09-12 09:52:39,PGT50FT,40.120377,32.584656,,,,-22.8
2026-09-12 09:52:39,TKJ6683,40.069094,32.811043,,,,-24.5
2026-09-12 09:53:09,ETD2,40.284851,32.486755,130.91,516.1,37000,-25.8
2026-09-12 09:53:09,THY6NH,40.220306,32.526855,304.52,423.6,38000,-26.0
2026-09-12 09:53:09,PGT50FT,40.120377,32.584656,,,,-22.8
2026-09-12 09:53:09,TKJ6683,40.069094,32.811043,,,,-24.5
2026-09-12 09:53:39,ETD2,40.284851,32.486755,130.91,516.1,37000,-25.8
2026-09-12 09:53:39,THY6NH,40.220306,32.526855,304.52,423.6,38000,-26.0
2026-09-12 09:53:39,PGT50FT,40.120377,32.584656,,,,-22.8
2026-09-12 09:53:39,TKJ6683,40.069094,32.811043,,,,-24.5
2026-09-12 09:54:09,ETD2,40.284851,32.486755,130.91,516.1,37000,-25.8
2026-09-12 09:54:09,THY6NH,40.220306,32.526855,304.52,423.6,38000,-26.0
2026-09-12 09:54:09,PGT50FT,40.120377,32.584656,,,,-22.8
2026-09-12 09:54:09,TKJ6683,40.069094,32.811043,,,,-24.5
2026-09-12 09:54:39,ETD2,40.284851,32.486755,130.91,516.1,37000,-25.8
2026-09-12 09:54:39,THY6NH,40.220306,32.526855,304.52,423.6,38000,-26.0
2026-09-12 09:54:39,PGT50FT,40.120377,32.584656,,,,-22.8
2026-09-12 09:54:39,TKJ6683,40.069094,32.811043,,,,-24.5
2026-09-12 09:55:09,ETD2,40.284851,32.486755,130.91,516.1,37000,-25.8
2026-09-12 09:55:09,THY6NH,40.220306,32.526855,304.52,423.6,38000,-26.0
2026-09-12 09:55:09,PGT50FT,40.120377,32.584656,,,,-22.8
2026-09-12 09:55:09,TKJ6683,40.069094,32.811043,,,,-24.5
2026-09-12 09:55:40,ETD2,40.284851,32.486755,130.91,516.1,37000,-25.8
2026-09-12 09:55:40,THY6NH,40.220306,32.526855,304.52,423.6,38000,-26.0
2026-09-12 09:55:40,PGT50FT,40.120377,32.584656,,,,-22.8
2026-09-12 09:55:40,TKJ6683,40.069094,32.811043,,,,-24.5
2026-09-12 09:56:10,ETD2,40.284851,32.486755,130.91,516.1,37000,-25.8
2026-09-12 09:56:10,THY6NH,40.220306,32.526855,304.52,423.6,38000,-26.0
2026-09-12 09:56:10,PGT50FT,40.120377,32.584656,,,,-22.8
2026-09-12 09:56:10,TKJ6683,40.069094,32.811043,,,,-24.5
2026-09-12 09:56:40,ETD2,40.284851,32.486755,130.91,516.1,37000,-25.8
2026-09-12 09:56:40,THY6NH,40.220306,32.526855,304.52,423.6,38000,-26.0
2026-09-12 09:56:40,PGT50FT,40.120377,32.584656,,,,-22.8
2026-09-12 09:56:40,TKJ6683,40.069094,32.811043,,,,-24.5
2026-09-12 09:57:10,ETD2,40.284851,32.486755,130.91,516.1,37000,-25.8
2026-09-12 09:57:10,THY6NH,40.220306,32.526855,304.52,423.6,38000,-26.0
2026-09-12 09:57:10,PGT50FT,40.120377,32.584656,,,,-22.8
2026-09-12 09:57:10,TKJ6683,40.069094,32.811043,,,,-24.5
2026-09-12 09:57:40,ETD2,40.284851,32.486755,130.91,516.1,37000,-25.8
2026-09-12 09:57:40,THY6NH,40.220306,32.526855,304.52,423.6,38000,-26.0
2026-09-12 09:57:40,PGT50FT,40.120377,32.584656,,,,-22.8
2026-09-12 09:57:40,TKJ6683,40.069094,32.811043,,,,-24.5
2026-09-12 09:58:10,ETD2,40.284851,32.486755,130.91,516.1,37000,-25.8
2026-09-12 09:58:10,THY6NH,40.220306,32.526855,304.52,423.6,38000,-26.0
2026-09-12 09:58:10,PGT50FT,40.120377,32.584656,,,,-22.8
2026-09-12 09:58:10,TKJ6683,40.069094,32.811043,,,,-24.5
2026-09-12 09:58:40,ETD2,40.284851,32.486755,130.91,516.1,37000,-25.8
2026-09-12 09:58:40,THY6NH,40.220306,32.526855,304.52,423.6,38000,-26.0
2026-09-12 09:58:40,PGT50FT,40.120377,32.584656,,,,-22.8
2026-09-12 09:58:40,TKJ6683,40.069094,32.811043,,,,-24.5
2026-09-12 09:59:10,ETD2,40.284851,32.486755,130.91,516.1,37000,-25.8
2026-09-12 09:59:10,THY6NH,40.220306,32.526855,304.52,423.6,38000,-26.0
2026-09-12 09:59:10,PGT50FT,40.120377,32.584656,,,,-22.8
2026-09-12 09:59:10,TKJ6683,40.069094,32.811043,,,,-24.5
2026-09-12 09:59:40,ETD2,40.284851,32.486755,130.91,516.1,37000,-25.8
2026-09-12 09:59:40,THY6NH,40.220306,32.526855,304.52,423.6,38000,-26.0
2026-09-12 09:59:40,PGT50FT,40.120377,32.584656,,,,-22.8
2026-09-12 09:59:40,TKJ6683,40.069094,32.811043,,,,-24.5
2026-09-12 10:00:10,ETD2,40.284851,32.486755,130.91,516.1,37000,-25.8
2026-09-12 10:00:10,THY6NH,40.220306,32.526855,304.52,423.6,38000,-26.0
2026-09-12 10:00:10,PGT50FT,40.120377,32.584656,,,,-22.8
2026-09-12 10:00:10,TKJ6683,40.069094,32.811043,,,,-24.5
2026-09-12 10:00:40,ETD2,40.284851,32.486755,130.91,516.1,37000,-25.8
2026-09-12 10:00:40,THY6NH,40.220306,32.526855,304.52,423.6,38000,-26.0
2026-09-12 10:00:40,PGT50FT,40.120377,32.584656,,,,-22.8
2026-09-12 10:00:40,TKJ6683,40.069094,32.811043,,,,-24.5
2026-09-12 10:01:10,ETD2,40.284851,32.486755,130.91,516.1,37000,-25.8
2026-09-12 10:01:10,THY6NH,40.220306,32.526855,304.52,423.6,38000,-26.0
2026-09-12 10:01:10,PGT50FT,40.120377,32.584656,,,,-22.8
2026-09-12 10:01:10,TKJ6683,40.069094,32.811043,,,,-24.5
2026-09-12 10:01:40,ETD2,40.284851,32.486755,130.91,516.1,37000,-25.8
2026-09-12 10:01:40,THY6NH,40.220306,32.526855,304.52,423.6,38000,-26.0
2026-09-12 10:01:40,PGT50FT,40.120377,32.584656,,,,-22.8
2026-09-12 10:01:40,TKJ6683,40.069094,32.811043,,,,-24.5
2026-09-12 10:02:11,ETD2,40.284851,32.486755,130.91,516.1,37000,-25.8
2026-09-12 10:02:11,THY6NH,40.220306,32.526855,304.52,423.6,38000,-26.0
2026-09-12 10:02:11,PGT50FT,40.120377,32.584656,,,,-22.8
2026-09-12 10:02:11,TKJ6683,40.069094,32.811043,,,,-24.5
2026-09-12 10:02:41,ETD2,40.284851,32.486755,130.91,516.1,37000,-25.8
2026-09-12 10:02:41,THY6NH,40.220306,32.526855,304.52,423.6,38000,-26.0
2026-09-12 10:02:41,PGT50FT,40.120377,32.584656,,,,-22.8
2026-09-12 10:02:41,TKJ6683,40.069094,32.811043,,,,-24.5
2026-09-12 10:03:11,ETD2,40.284851,32.486755,130.91,516.1,37000,-25.8
2026-09-12 10:03:11,THY6NH,40.220306,32.526855,304.52,423.6,38000,-26.0
2026-09-12 10:03:11,PGT50FT,40.120377,32.584656,,,,-22.8
2026-09-12 10:03:11,TKJ6683,40.069094,32.811043,,,,-24.5
2026-09-12 10:03:41,ETD2,40.284851,32.486755,130.91,516.1,37000,-25.8
2026-09-12 10:03:41,THY6NH,40.220306,32.526855,304.52,423.6,38000,-26.0
2026-09-12 10:03:41,PGT50FT,40.120377,32.584656,,,,-22.8
2026-09-12 10:03:41,TKJ6683,40.069094,32.811043,,,,-24.5
2026-09-12 10:04:11,ETD2,40.284851,32.486755,130.91,516.1,37000,-25.8
2026-09-12 10:04:11,THY6NH,40.220306,32.526855,304.52,423.6,38000,-26.0
2026-09-12 10:04:11,PGT50FT,40.120377,32.584656,,,,-22.8
2026-09-12 10:04:11,TKJ6683,40.069094,32.811043,,,,-24.5
2026-09-12 10:04:41,ETD2,40.284851,32.486755,130.91,516.1,37000,-25.8
2026-09-12 10:04:41,THY6NH,40.220306,32.526855,304.52,423.6,38000,-26.0
2026-09-12 10:04:41,PGT50FT,40.120377,32.584656,,,,-22.8
2026-09-12 10:04:41,TKJ6683,40.069094,32.811043,,,,-24.5
2026-09-12 10:05:11,ETD2,40.284851,32.486755,130.91,516.1,37000,-25.8
2026-09-12 10:05:11,THY6NH,40.220306,32.526855,304.52,423.6,38000,-26.0
2026-09-12 10:05:11,PGT50FT,40.120377,32.584656,,,,-22.8
2026-09-12 10:05:11,TKJ6683,40.069094,32.811043,,,,-24.5
2026-09-12 10:05:41,ETD2,40.284851,32.486755,130.91,516.1,37000,-25.8
2026-09-12 10:05:41,THY6NH,40.220306,32.526855,304.52,423.6,38000,-26.0
2026-09-12 10:05:41,PGT50FT,40.120377,32.584656,,,,-22.8
2026-09-12 10:05:41,TKJ6683,40.069094,32.811043,,,,-24.5
2026-09-12 10:06:11,ETD2,40.284851,32.486755,130.91,516.1,37000,-25.8
2026-09-12 10:06:11,THY6NH,40.220306,32.526855,304.52,423.6,38000,-26.0
2026-09-12 10:06:11,PGT50FT,40.120377,32.584656,,,,-22.8
2026-09-12 10:06:11,TKJ6683,40.069094,32.811043,,,,-24.5
2026-09-12 10:06:41,ETD2,40.284851,32.486755,130.91,516.1,37000,-25.8
2026-09-12 10:06:41,THY6NH,40.220306,32.526855,304.52,423.6,38000,-26.0
2026-09-12 10:06:41,PGT50FT,40.120377,32.584656,,,,-22.8
2026-09-12 10:06:41,TKJ6683,40.069094,32.811043,,,,-24.5
2026-09-12 10:07:11,ETD2,40.284851,32.486755,130.91,516.1,37000,-25.8
2026-09-12 10:07:11,THY6NH,40.220306,32.526855,304.52,423.6,38000,-26.0
2026-09-12 10:07:11,PGT50FT,40.120377,32.584656,,,,-22.8
2026-09-12 10:07:11,TKJ6683,40.069094,32.811043,,,,-24.5
2026-09-12 10:07:42,ETD2,40.284851,32.486755,130.91,516.1,37000,-25.8
2026-09-12 10:07:42,THY6NH,40.220306,32.526855,304.52,423.6,38000,-26.0
2026-09-12 10:07:42,PGT50FT,40.120377,32.584656,,,,-22.8
2026-09-12 10:07:42,TKJ6683,40.069094,32.811043,,,,-24.5
2026-09-12 10:08:12,ETD2,40.284851,32.486755,130.91,516.1,37000,-25.8
2026-09-12 10:08:12,THY6NH,40.220306,32.526855,304.52,423.6,38000,-26.0
2026-09-12 10:08:12,PGT50FT,40.120377,32.584656,,,,-22.8
2026-09-12 10:08:12,TKJ6683,40.069094,32.811043,,,,-24.5
2026-09-12 10:08:42,ETD2,40.284851,32.486755,130.91,516.1,37000,-25.8
2026-09-12 10:08:42,THY6NH,40.220306,32.526855,304.52,423.6,38000,-26.0
2026-09-12 10:08:42,PGT50FT,40.120377,32.584656,,,,-22.8
2026-09-12 10:08:42,TKJ6683,40.069094,32.811043,,,,-24.5
2026-09-12 10:09:12,ETD2,40.284851,32.486755,130.91,516.1,37000,-25.8
2026-09-12 10:09:12,THY6NH,40.220306,32.526855,304.52,423.6,38000,-26.0
2026-09-12 10:09:12,PGT50FT,40.120377,32.584656,,,,-22.8
2026-09-12 10:09:12,TKJ6683,40.069094,32.811043,,,,-24.5
2026-09-12 10:09:42,ETD2,40.284851,32.486755,130.91,516.1,37000,-25.8
2026-09-12 10:09:42,THY6NH,40.220306,32.526855,304.52,423.6,38000,-26.0
2026-09-12 10:09:42,PGT50FT,40.120377,32.584656,,,,-22.8
2026-09-12 10:09:42,TKJ6683,40.069094,32.811043,,,,-24.5
2026-09-12 10:10:12,ETD2,40.284851,32.486755,130.91,516.1,37000,-25.8
2026-09-12 10:10:12,THY6NH,40.220306,32.526855,304.52,423.6,38000,-26.0
2026-09-12 10:10:12,PGT50FT,40.120377,32.584656,,,,-22.8
2026-09-12 10:10:12,TKJ6683,40.069094,32.811043,,,,-24.5
2026-09-12 10:10:42,ETD2,40.284851,32.486755,130.91,516.1,37000,-25.8
2026-09-12 10:10:42,THY6NH,40.220306,32.526855,304.52,423.6,38000,-26.0
2026-09-12 10:10:42,PGT50FT,40.120377,32.584656,,,,-22.8
2026-09-12 10:10:42,TKJ6683,40.069094,32.811043,,,,-24.5
2026-09-12 10:11:12,ETD2,40.284851,32.486755,130.91,516.1,37000,-25.8
2026-09-12 10:11:12,THY6NH,40.220306,32.526855,304.52,423.6,38000,-26.0
2026-09-12 10:11:12,PGT50FT,40.120377,32.584656,,,,-22.8
2026-09-12 10:11:12,TKJ6683,40.069094,32.811043,,,,-24.5
2026-09-12 10:11:42,ETD2,40.284851,32.486755,130.91,516.1,37000,-25.8
2026-09-12 10:11:42,THY6NH,40.220306,32.526855,304.52,423.6,38000,-26.0
2026-09-12 10:11:42,PGT50FT,40.120377,32.584656,,,,-22.8
2026-09-12 10:11:42,TKJ6683,40.069094,32.811043,,,,-24.5
2026-09-12 10:12:13,ETD2,40.284851,32.486755,130.91,516.1,37000,-25.8
2026-09-12 10:12:13,THY6NH,40.220306,32.526855,304.52,423.6,38000,-26.0
2026-09-12 10:12:13,PGT50FT,40.120377,32.584656,,,,-22.8
2026-09-12 10:12:13,TKJ6683,40.069094,32.811043,,,,-24.5
2026-09-12 10:12:43,ETD2,40.284851,32.486755,130.91,516.1,37000,-25.8
2026-09-12 10:12:43,THY6NH,40.220306,32.526855,304.52,423.6,38000,-26.0
2026-09-12 10:12:43,PGT50FT,40.120377,32.584656,,,,-22.8
2026-09-12 10:12:43,TKJ6683,40.069094,32.811043,,,,-24.5
2026-09-12 10:13:13,ETD2,40.284851,32.486755,130.91,516.1,37000,-25.8
2026-09-12 10:13:13,THY6NH,40.220306,32.526855,304.52,423.6,38000,-26.0
2026-09-12 10:13:13,PGT50FT,40.120377,32.584656,,,,-22.8
2026-09-12 10:13:13,TKJ6683,40.069094,32.811043,,,,-24.5
2026-09-12 10:13:43,ETD2,40.284851,32.486755,130.91,516.1,37000,-25.8
2026-09-12 10:13:43,THY6NH,40.220306,32.526855,304.52,423.6,38000,-26.0
2026-09-12 10:13:43,PGT50FT,40.120377,32.584656,,,,-22.8
2026-09-12 10:13:43,TKJ6683,40.069094,32.811043,,,,-24.5
2026-09-12 10:14:13,ETD2,40.284851,32.486755,130.91,516.1,37000,-25.8
2026-09-12 10:14:13,THY6NH,40.220306,32.526855,304.52,423.6,38000,-26.0
2026-09-12 10:14:13,PGT50FT,40.120377,32.584656,,,,-22.8
2026-09-12 10:14:13,TKJ6683,40.069094,32.811043,,,,-24.5
2026-09-12 10:14:43,ETD2,40.284851,32.486755,130.91,516.1,37000,-25.8
2026-09-12 10:14:43,THY6NH,40.220306,32.526855,304.52,423.6,38000,-26.0
2026-09-12 10:14:43,PGT50FT,40.120377,32.584656,,,,-22.8
2026-09-12 10:14:43,TKJ6683,40.069094,32.811043,,,,-24.5
2026-09-12 10:15:13,ETD2,40.284851,32.486755,130.91,516.1,37000,-25.8
2026-09-12 10:15:13,THY6NH,40.220306,32.526855,304.52,423.6,38000,-26.0
2026-09-12 10:15:13,PGT50FT,40.120377,32.584656,,,,-22.8
2026-09-12 10:15:13,TKJ6683,40.069094,32.811043,,,,-24.5
2026-09-12 10:15:43,ETD2,40.284851,32.486755,130.91,516.1,37000,-25.8
2026-09-12 10:15:43,THY6NH,40.220306,32.526855,304.52,423.6,38000,-26.0
2026-09-12 10:15:43,PGT50FT,40.120377,32.584656,,,,-22.8
2026-09-12 10:15:43,TKJ6683,40.069094,32.811043,,,,-24.5
2026-09-12 10:16:13,ETD2,40.284851,32.486755,130.91,516.1,37000,-25.8
2026-09-12 10:16:13,THY6NH,40.220306,32.526855,304.52,423.6,38000,-26.0
2026-09-12 10:16:13,PGT50FT,40.120377,32.584656,,,,-22.8
2026-09-12 10:16:13,TKJ6683,40.069094,32.811043,,,,-24.5
2026-09-12 10:16:43,ETD2,40.284851,32.486755,130.91,516.1,37000,-25.8
2026-09-12 10:16:43,THY6NH,40.220306,32.526855,304.52,423.6,38000,-26.0
2026-09-12 10:16:43,PGT50FT,40.120377,32.584656,,,,-22.8
2026-09-12 10:16:43,TKJ6683,40.069094,32.811043,,,,-24.5
2026-09-12 10:17:13,ETD2,40.284851,32.486755,130.91,516.1,37000,-25.8
2026-09-12 10:17:13,THY6NH,40.220306,32.526855,304.52,423.6,38000,-26.0
2026-09-12 10:17:13,PGT50FT,40.120377,32.584656,,,,-22.8
2026-09-12 10:17:13,TKJ6683,40.069094,32.811043,,,,-24.5
2026-09-12 10:17:44,ETD2,40.284851,32.486755,130.91,516.1,37000,-25.8
2026-09-12 10:17:44,THY6NH,40.220306,32.526855,304.52,423.6,38000,-26.0
2026-09-12 10:17:44,PGT50FT,40.120377,32.584656,,,,-22.8
2026-09-12 10:17:44,TKJ6683,40.069094,32.811043,,,,-24.5
2026-09-12 10:18:14,ETD2,40.284851,32.486755,130.91,516.1,37000,-25.8
2026-09-12 10:18:14,THY6NH,40.220306,32.526855,304.52,423.6,38000,-26.0
2026-09-12 10:18:14,PGT50FT,40.120377,32.584656,,,,-22.8
2026-09-12 10:18:14,TKJ6683,40.069094,32.811043,,,,-24.5
2026-09-12 10:18:44,ETD2,40.284851,32.486755,130.91,516.1,37000,-25.8
2026-09-12 10:18:44,THY6NH,40.220306,32.526855,304.52,423.6,38000,-26.0
2026-09-12 10:18:44,PGT50FT,40.120377,32.584656,,,,-22.8
2026-09-12 10:18:44,TKJ6683,40.069094,32.811043,,,,-24.5
2026-09-12 10:19:14,ETD2,40.284851,32.486755,130.91,516.1,37000,-25.8
2026-09-12 10:19:14,THY6NH,40.220306,32.526855,304.52,423.6,38000,-26.0
2026-09-12 10:19:14,PGT50FT,40.120377,32.584656,,,,-22.8
2026-09-12 10:19:14,TKJ6683,40.069094,32.811043,,,,-24.5
2026-09-12 10:19:44,ETD2,40.284851,32.486755,130.91,516.1,37000,-25.8
2026-09-12 10:19:44,THY6NH,40.220306,32.526855,304.52,423.6,38000,-26.0
2026-09-12 10:19:44,PGT50FT,40.120377,32.584656,,,,-22.8
2026-09-12 10:19:44,TKJ6683,40.069094,32.811043,,,,-24.5
2026-09-12 10:20:14,ETD2,40.284851,32.486755,130.91,516.1,37000,-25.8
2026-09-12 10:20:14,THY6NH,40.220306,32.526855,304.52,423.6,38000,-26.0
2026-09-12 10:20:14,PGT50FT,40.120377,32.584656,,,,-22.8
2026-09-12 10:20:14,TKJ6683,40.069094,32.811043,,,,-24.5
2026-09-12 10:20:44,ETD2,40.284851,32.486755,130.91,516.1,37000,-25.8
2026-09-12 10:20:44,THY6NH,40.220306,32.526855,304.52,423.6,38000,-26.0
2026-09-12 10:20:44,PGT50FT,40.120377,32.584656,,,,-22.8
2026-09-12 10:20:44,TKJ6683,40.069094,32.811043,,,,-24.5
2026-09-12 10:21:14,ETD2,40.284851,32.486755,130.91,516.1,37000,-25.8
2026-09-12 10:21:14,THY6NH,40.220306,32.526855,304.52,423.6,38000,-26.0
2026-09-12 10:21:14,PGT50FT,40.120377,32.584656,,,,-22.8
2026-09-12 10:21:14,TKJ6683,40.069094,32.811043,,,,-24.5
2026-09-12 10:21:44,ETD2,40.284851,32.486755,130.91,516.1,37000,-25.8
2026-09-12 10:21:44,THY6NH,40.220306,32.526855,304.52,423.6,38000,-26.0
2026-09-12 10:21:44,PGT50FT,40.120377,32.584656,,,,-22.8
2026-09-12 10:21:44,TKJ6683,40.069094,32.811043,,,,-24.5
2026-09-12 10:22:14,ETD2,40.284851,32.486755,130.91,516.1,37000,-25.8
2026-09-12 10:22:14,THY6NH,40.220306,32.526855,304.52,423.6,38000,-26.0
2026-09-12 10:22:14,PGT50FT,40.120377,32.584656,,,,-22.8
2026-09-12 10:22:14,TKJ6683,40.069094,32.811043,,,,-24.5
2026-09-12 10:22:44,ETD2,40.284851,32.486755,130.91,516.1,37000,-25.8
2026-09-12 10:22:44,THY6NH,40.220306,32.526855,304.52,423.6,38000,-26.0
2026-09-12 10:22:44,PGT50FT,40.120377,32.584656,,,,-22.8
2026-09-12 10:22:44,TKJ6683,40.069094,32.811043,,,,-24.5
2026-09-12 10:23:15,ETD2,40.284851,32.486755,130.91,516.1,37000,-25.8
2026-09-12 10:23:15,THY6NH,40.220306,32.526855,304.52,423.6,38000,-26.0
2026-09-12 10:23:15,PGT50FT,40.120377,32.584656,,,,-22.8
2026-09-12 10:23:15,TKJ6683,40.069094,32.811043,,,,-24.5
2026-09-12 10:23:45,ETD2,40.284851,32.486755,130.91,516.1,37000,-25.8
2026-09-12 10:23:45,THY6NH,40.220306,32.526855,304.52,423.6,38000,-26.0
2026-09-12 10:23:45,PGT50FT,40.120377,32.584656,,,,-22.8
2026-09-12 10:23:45,TKJ6683,40.069094,32.811043,,,,-24.5
2026-09-12 10:24:15,ETD2,40.284851,32.486755,130.91,516.1,37000,-25.8
2026-09-12 10:24:15,THY6NH,40.220306,32.526855,304.52,423.6,38000,-26.0
2026-09-12 10:24:15,PGT50FT,40.120377,32.584656,,,,-22.8
2026-09-12 10:24:15,TKJ6683,40.069094,32.811043,,,,-24.5
2026-09-12 10:24:45,ETD2,40.284851,32.486755,130.91,516.1,37000,-25.8
2026-09-12 10:24:45,THY6NH,40.220306,32.526855,304.52,423.6,38000,-26.0
2026-09-12 10:24:45,PGT50FT,40.120377,32.584656,,,,-22.8
2026-09-12 10:24:45,TKJ6683,40.069094,32.811043,,,,-24.5
2026-09-12 10:25:15,ETD2,40.284851,32.486755,130.91,516.1,37000,-25.8
2026-09-12 10:25:15,THY6NH,40.220306,32.526855,304.52,423.6,38000,-26.0
2026-09-12 10:25:15,PGT50FT,40.120377,32.584656,,,,-22.8
2026-09-12 10:25:15,TKJ6683,40.069094,32.811043,,,,-24.5
2026-09-12 10:25:45,ETD2,40.284851,32.486755,130.91,516.1,37000,-25.8
2026-09-12 10:25:45,THY6NH,40.220306,32.526855,304.52,423.6,38000,-26.0
2026-09-12 10:25:45,PGT50FT,40.120377,32.584656,,,,-22.8
2026-09-12 10:25:45,TKJ6683,40.069094,32.811043,,,,-24.5
2026-09-12 10:26:15,ETD2,40.284851,32.486755,130.91,516.1,37000,-25.8
2026-09-12 10:26:15,THY6NH,40.220306,32.526855,304.52,423.6,38000,-26.0
2026-09-12 10:26:15,PGT50FT,40.120377,32.584656,,,,-22.8
2026-09-12 10:26:15,TKJ6683,40.069094,32.811043,,,,-24.5
2026-09-12 10:26:45,ETD2,40.284851,32.486755,130.91,516.1,37000,-25.8
2026-09-12 10:26:45,THY6NH,40.220306,32.526855,304.52,423.6,38000,-26.0
2026-09-12 10:26:45,PGT50FT,40.120377,32.584656,,,,-22.8
2026-09-12 10:26:45,TKJ6683,40.069094,32.811043,,,,-24.5
2026-09-12 10:27:15,ETD2,40.284851,32.486755,130.91,516.1,37000,-25.8
2026-09-12 10:27:15,THY6NH,40.220306,32.526855,304.52,423.6,38000,-26.0
2026-09-12 10:27:15,PGT50FT,40.120377,32.584656,,,,-22.8
2026-09-12 10:27:15,TKJ6683,40.069094,32.811043,,,,-24.5
2026-09-12 10:27:45,ETD2,40.284851,32.486755,130.91,516.1,37000,-25.8
2026-09-12 10:27:45,THY6NH,40.220306,32.526855,304.52,423.6,38000,-26.0
2026-09-12 10:27:45,PGT50FT,40.120377,32.584656,,,,-22.8
2026-09-12 10:27:45,TKJ6683,40.069094,32.811043,,,,-24.5
2026-09-12 10:28:15,ETD2,40.284851,32.486755,130.91,516.1,37000,-25.8
2026-09-12 10:28:15,THY6NH,40.220306,32.526855,304.52,423.6,38000,-26.0
2026-09-12 10:28:15,PGT50FT,40.120377,32.584656,,,,-22.8
2026-09-12 10:28:15,TKJ6683,40.069094,32.811043,,,,-24.5
2026-09-12 10:28:46,ETD2,40.284851,32.486755,130.91,516.1,37000,-25.8
2026-09-12 10:28:46,THY6NH,40.220306,32.526855,304.52,423.6,38000,-26.0
2026-09-12 10:28:46,PGT50FT,40.120377,32.584656,,,,-22.8
2026-09-12 10:28:46,TKJ6683,40.069094,32.811043,,,,-24.5
2026-09-12 10:29:16,ETD2,40.284851,32.486755,130.91,516.1,37000,-25.8
2026-09-12 10:29:16,THY6NH,40.220306,32.526855,304.52,423.6,38000,-26.0
2026-09-12 10:29:16,PGT50FT,40.120377,32.584656,,,,-22.8
2026-09-12 10:29:16,TKJ6683,40.069094,32.811043,,,,-24.5
2026-09-12 10:29:46,ETD2,40.284851,32.486755,130.91,516.1,37000,-25.8
2026-09-12 10:29:46,THY6NH,40.220306,32.526855,304.52,423.6,38000,-26.0
2026-09-12 10:29:46,PGT50FT,40.120377,32.584656,,,,-22.8
2026-09-12 10:29:46,TKJ6683,40.069094,32.811043,,,,-24.5
2026-09-12 10:30:16,ETD2,40.284851,32.486755,130.91,516.1,37000,-25.8
2026-09-12 10:30:16,THY6NH,40.220306,32.526855,304.52,423.6,38000,-26.0
2026-09-12 10:30:16,PGT50FT,40.120377,32.584656,,,,-22.8
2026-09-12 10:30:16,TKJ6683,40.069094,32.811043,,,,-24.5
2026-09-12 10:30:46,ETD2,40.284851,32.486755,130.91,516.1,37000,-25.8
2026-09-12 10:30:46,THY6NH,40.220306,32.526855,304.52,423.6,38000,-26.0
2026-09-12 10:30:46,PGT50FT,40.120377,32.584656,,,,-22.8
2026-09-12 10:30:46,TKJ6683,40.069094,32.811043,,,,-24.5
2026-09-12 10:31:16,ETD2,40.284851,32.486755,130.91,516.1,37000,-25.8
2026-09-12 10:31:16,THY6NH,40.220306,32.526855,304.52,423.6,38000,-26.0
2026-09-12 10:31:16,PGT50FT,40.120377,32.584656,,,,-22.8
2026-09-12 10:31:16,TKJ6683,40.069094,32.811043,,,,-24.5
2026-09-12 10:31:46,ETD2,40.284851,32.486755,130.91,516.1,37000,-25.8
2026-09-12 10:31:46,THY6NH,40.220306,32.526855,304.52,423.6,38000,-26.0
2026-09-12 10:31:46,PGT50FT,40.120377,32.584656,,,,-22.8
2026-09-12 10:31:46,TKJ6683,40.069094,32.811043,,,,-24.5
2026-09-12 10:32:16,ETD2,40.284851,32.486755,130.91,516.1,37000,-25.8
2026-09-12 10:32:16,THY6NH,40.220306,32.526855,304.52,423.6,38000,-26.0
2026-09-12 10:32:16,PGT50FT,40.120377,32.584656,,,,-22.8
2026-09-12 10:32:16,TKJ6683,40.069094,32.811043,,,,-24.5
2026-09-12 10:32:46,ETD2,40.284851,32.486755,130.91,516.1,37000,-25.8
2026-09-12 10:32:46,THY6NH,40.220306,32.526855,304.52,423.6,38000,-26.0
2026-09-12 10:32:46,PGT50FT,40.120377,32.584656,,,,-22.8
2026-09-12 10:32:46,TKJ6683,40.069094,32.811043,,,,-24.5
2026-09-12 10:33:16,ETD2,40.284851,32.486755,130.91,516.1,37000,-25.8
2026-09-12 10:33:16,THY6NH,40.220306,32.526855,304.52,423.6,38000,-26.0
2026-09-12 10:33:16,PGT50FT,40.120377,32.584656,,,,-22.8
2026-09-12 10:33:16,TKJ6683,40.069094,32.811043,,,,-24.5
2026-09-12 10:33:46,ETD2,40.284851,32.486755,130.91,516.1,37000,-25.8
2026-09-12 10:33:46,THY6NH,40.220306,32.526855,304.52,423.6,38000,-26.0
2026-09-12 10:33:46,PGT50FT,40.120377,32.584656,,,,-22.8
2026-09-12 10:33:46,TKJ6683,40.069094,32.811043,,,,-24.5
2026-09-12 10:34:17,ETD2,40.284851,32.486755,130.91,516.1,37000,-25.8
2026-09-12 10:34:17,THY6NH,40.220306,32.526855,304.52,423.6,38000,-26.0
2026-09-12 10:34:17,PGT50FT,40.120377,32.584656,,,,-22.8
2026-09-12 10:34:17,TKJ6683,40.069094,32.811043,,,,-24.5
2026-09-12 10:34:47,ETD2,40.284851,32.486755,130.91,516.1,37000,-25.8
2026-09-12 10:34:47,THY6NH,40.220306,32.526855,304.52,423.6,38000,-26.0
2026-09-12 10:34:47,PGT50FT,40.120377,32.584656,,,,-22.8
2026-09-12 10:34:47,TKJ6683,40.069094,32.811043,,,,-24.5
2026-09-12 10:35:17,ETD2,40.284851,32.486755,130.91,516.1,37000,-25.8
2026-09-12 10:35:17,THY6NH,40.220306,32.526855,304.52,423.6,38000,-26.0
2026-09-12 10:35:17,PGT50FT,40.120377,32.584656,,,,-22.8
2026-09-12 10:35:17,TKJ6683,40.069094,32.811043,,,,-24.5
2026-09-12 10:35:47,ETD2,40.284851,32.486755,130.91,516.1,37000,-25.8
2026-09-12 10:35:47,THY6NH,40.220306,32.526855,304.52,423.6,38000,-26.0
2026-09-12 10:35:47,PGT50FT,40.120377,32.584656,,,,-22.8
2026-09-12 10:35:47,TKJ6683,40.069094,32.811043,,,,-24.5
2026-09-12 10:36:17,ETD2,40.284851,32.486755,130.91,516.1,37000,-25.8
2026-09-12 10:36:17,THY6NH,40.220306,32.526855,304.52,423.6,38000,-26.0
2026-09-12 10:36:17,PGT50FT,40.120377,32.584656,,,,-22.8
2026-09-12 10:36:17,TKJ6683,40.069094,32.811043,,,,-24.5
2026-09-12 10:36:47,ETD2,40.284851,32.486755,130.91,516.1,37000,-25.8
2026-09-12 10:36:47,THY6NH,40.220306,32.526855,304.52,423.6,38000,-26.0
2026-09-12 10:36:47,PGT50FT,40.120377,32.584656,,,,-22.8
2026-09-12 10:36:47,TKJ6683,40.069094,32.811043,,,,-24.5
2026-09-12 10:37:17,ETD2,40.284851,32.486755,130.91,516.1,37000,-25.8
2026-09-12 10:37:17,THY6NH,40.220306,32.526855,304.52,423.6,38000,-26.0
2026-09-12 10:37:17,PGT50FT,40.120377,32.584656,,,,-22.8
2026-09-12 10:37:17,TKJ6683,40.069094,32.811043,,,,-24.5
2026-09-12 10:37:47,ETD2,40.284851,32.486755,130.91,516.1,37000,-25.8
2026-09-12 10:37:47,THY6NH,40.220306,32.526855,304.52,423.6,38000,-26.0
2026-09-12 10:37:47,PGT50FT,40.120377,32.584656,,,,-22.8
2026-09-12 10:37:47,TKJ6683,40.069094,32.811043,,,,-24.5
2026-09-12 10:38:17,ETD2,40.284851,32.486755,130.91,516.1,37000,-25.8
2026-09-12 10:38:17,THY6NH,40.220306,32.526855,304.52,423.6,38000,-26.0
2026-09-12 10:38:17,PGT50FT,40.120377,32.584656,,,,-22.8
2026-09-12 10:38:17,TKJ6683,40.069094,32.811043,,,,-24.5
2026-09-12 10:38:47,ETD2,40.284851,32.486755,130.91,516.1,37000,-25.8
2026-09-12 10:38:47,THY6NH,40.220306,32.526855,304.52,423.6,38000,-26.0
2026-09-12 10:38:47,PGT50FT,40.120377,32.584656,,,,-22.8
2026-09-12 10:38:47,TKJ6683,40.069094,32.811043,,,,-24.5
2026-09-12 10:39:17,ETD2,40.284851,32.486755,130.91,516.1,37000,-25.8
2026-09-12 10:39:17,THY6NH,40.220306,32.526855,304.52,423.6,38000,-26.0
2026-09-12 10:39:17,PGT50FT,40.120377,32.584656,,,,-22.8
2026-09-12 10:39:17,TKJ6683,40.069094,32.811043,,,,-24.5
2026-09-12 10:39:48,ETD2,40.284851,32.486755,130.91,516.1,37000,-25.8
2026-09-12 10:39:48,THY6NH,40.220306,32.526855,304.52,423.6,38000,-26.0
2026-09-12 10:39:48,PGT50FT,40.120377,32.584656,,,,-22.8
2026-09-12 10:39:48,TKJ6683,40.069094,32.811043,,,,-24.5
2026-09-12 10:40:18,ETD2,40.284851,32.486755,130.91,516.1,37000,-25.8
2026-09-12 10:40:18,THY6NH,40.220306,32.526855,304.52,423.6,38000,-26.0
2026-09-12 10:40:18,PGT50FT,40.120377,32.584656,,,,-22.8
2026-09-12 10:40:18,TKJ6683,40.069094,32.811043,,,,-24.5
2026-09-12 10:40:48,ETD2,40.284851,32.486755,130.91,516.1,37000,-25.8
2026-09-12 10:40:48,THY6NH,40.220306,32.526855,304.52,423.6,38000,-26.0
2026-09-12 10:40:48,PGT50FT,40.120377,32.584656,,,,-22.8
2026-09-12 10:40:48,TKJ6683,40.069094,32.811043,,,,-24.5
2026-09-12 10:41:18,ETD2,40.284851,32.486755,130.91,516.1,37000,-25.8
2026-09-12 10:41:18,THY6NH,40.220306,32.526855,304.52,423.6,38000,-26.0
2026-09-12 10:41:18,PGT50FT,40.120377,32.584656,,,,-22.8
2026-09-12 10:41:18,TKJ6683,40.069094,32.811043,,,,-24.5
2026-09-12 10:41:48,ETD2,40.284851,32.486755,130.91,516.1,37000,-25.8
2026-09-12 10:41:48,THY6NH,40.220306,32.526855,304.52,423.6,38000,-26.0
2026-09-12 10:41:48,PGT50FT,40.120377,32.584656,,,,-22.8
2026-09-12 10:41:48,TKJ6683,40.069094,32.811043,,,,-24.5
2026-09-12 10:42:18,ETD2,40.284851,32.486755,130.91,516.1,37000,-25.8
2026-09-12 10:42:18,THY6NH,40.220306,32.526855,304.52,423.6,38000,-26.0
2026-09-12 10:42:18,PGT50FT,40.120377,32.584656,,,,-22.8
2026-09-12 10:42:18,TKJ6683,40.069094,32.811043,,,,-24.5
2026-09-12 10:42:48,ETD2,40.284851,32.486755,130.91,516.1,37000,-25.8
2026-09-12 10:42:48,THY6NH,40.220306,32.526855,304.52,423.6,38000,-26.0
2026-09-12 10:42:48,PGT50FT,40.120377,32.584656,,,,-22.8
2026-09-12 10:42:48,TKJ6683,40.069094,32.811043,,,,-24.5
2026-09-12 10:43:18,ETD2,40.284851,32.486755,130.91,516.1,37000,-25.8
2026-09-12 10:43:18,THY6NH,40.220306,32.526855,304.52,423.6,38000,-26.0
2026-09-12 10:43:18,PGT50FT,40.120377,32.584656,,,,-22.8
2026-09-12 10:43:18,TKJ6683,40.069094,32.811043,,,,-24.5
2026-09-12 10:43:48,ETD2,40.284851,32.486755,130.91,516.1,37000,-25.8
2026-09-12 10:43:48,THY6NH,40.220306,32.526855,304.52,423.6,38000,-26.0
2026-09-12 10:43:48,PGT50FT,40.120377,32.584656,,,,-22.8
2026-09-12 10:43:48,TKJ6683,40.069094,32.811043,,,,-24.5
2026-09-12 10:44:18,ETD2,40.284851,32.486755,130.91,516.1,37000,-25.8
2026-09-12 10:44:18,THY6NH,40.220306,32.526855,304.52,423.6,38000,-26.0
2026-09-12 10:44:18,PGT50FT,40.120377,32.584656,,,,-22.8
2026-09-12 10:44:18,TKJ6683,40.069094,32.811043,,,,-24.5
2026-09-12 10:44:48,ETD2,40.284851,32.486755,130.91,516.1,37000,-25.8
2026-09-12 10:44:48,THY6NH,40.220306,32.526855,304.52,423.6,38000,-26.0
2026-09-12 10:44:48,PGT50FT,40.120377,32.584656,,,,-22.8
2026-09-12 10:44:48,TKJ6683,40.069094,32.811043,,,,-24.5
2026-09-12 10:45:19,ETD2,40.284851,32.486755,130.91,516.1,37000,-25.8
2026-09-12 10:45:19,THY6NH,40.220306,32.526855,304.52,423.6,38000,-26.0
2026-09-12 10:45:19,PGT50FT,40.120377,32.584656,,,,-22.8
2026-09-12 10:45:19,TKJ6683,40.069094,32.811043,,,,-24.5
2026-09-12 10:45:49,ETD2,40.284851,32.486755,130.91,516.1,37000,-25.8
2026-09-12 10:45:49,THY6NH,40.220306,32.526855,304.52,423.6,38000,-26.0
2026-09-12 10:45:49,PGT50FT,40.120377,32.584656,,,,-22.8
2026-09-12 10:45:49,TKJ6683,40.069094,32.811043,,,,-24.5
2026-09-12 10:46:19,ETD2,40.284851,32.486755,130.91,516.1,37000,-25.8
2026-09-12 10:46:19,THY6NH,40.220306,32.526855,304.52,423.6,38000,-26.0
2026-09-12 10:46:19,PGT50FT,40.120377,32.584656,,,,-22.8
2026-09-12 10:46:19,TKJ6683,40.069094,32.811043,,,,-24.5
2026-09-12 10:46:49,ETD2,40.284851,32.486755,130.91,516.1,37000,-25.8
2026-09-12 10:46:49,THY6NH,40.220306,32.526855,304.52,423.6,38000,-26.0
2026-09-12 10:46:49,PGT50FT,40.120377,32.584656,,,,-22.8
2026-09-12 10:46:49,TKJ6683,40.069094,32.811043,,,,-24.5
2026-09-12 10:47:19,ETD2,40.284851,32.486755,130.91,516.1,37000,-25.8
2026-09-12 10:47:19,THY6NH,40.220306,32.526855,304.52,423.6,38000,-26.0
2026-09-12 10:47:19,PGT50FT,40.120377,32.584656,,,,-22.8
2026-09-12 10:47:19,TKJ6683,40.069094,32.811043,,,,-24.5
2026-09-12 10:47:49,ETD2,40.284851,32.486755,130.91,516.1,37000,-25.8
2026-09-12 10:47:49,THY6NH,40.220306,32.526855,304.52,423.6,38000,-26.0
2026-09-12 10:47:49,PGT50FT,40.120377,32.584656,,,,-22.8
2026-09-12 10:47:49,TKJ6683,40.069094,32.811043,,,,-24.5
2026-09-12 10:48:19,ETD2,40.284851,32.486755,130.91,516.1,37000,-25.8
2026-09-12 10:48:19,THY6NH,40.220306,32.526855,304.52,423.6,38000,-26.0
2026-09-12 10:48:19,PGT50FT,40.120377,32.584656,,,,-22.8
2026-09-12 10:48:19,TKJ6683,40.069094,32.811043,,,,-24.5
2026-09-12 10:48:49,ETD2,40.284851,32.486755,130.91,516.1,37000,-25.8
2026-09-12 10:48:49,THY6NH,40.220306,32.526855,304.52,423.6,38000,-26.0
2026-09-12 10:48:49,PGT50FT,40.120377,32.584656,,,,-22.8
2026-09-12 10:48:49,TKJ6683,40.069094,32.811043,,,,-24.5
2026-09-12 10:49:19,ETD2,40.284851,32.486755,130.91,516.1,37000,-25.8
2026-09-12 10:49:19,THY6NH,40.220306,32.526855,304.52,423.6,38000,-26.0
2026-09-12 10:49:19,PGT50FT,40.120377,32.584656,,,,-22.8
2026-09-12 10:49:19,TKJ6683,40.069094,32.811043,,,,-24.5
2026-09-12 10:49:49,ETD2,40.284851,32.486755,130.91,516.1,37000,-25.8
2026-09-12 10:49:49,THY6NH,40.220306,32.526855,304.52,423.6,38000,-26.0
2026-09-12 10:49:49,PGT50FT,40.120377,32.584656,,,,-22.8
2026-09-12 10:49:49,TKJ6683,40.069094,32.811043,,,,-24.5
2026-09-12 10:50:20,ETD2,40.284851,32.486755,130.91,516.1,37000,-25.8
2026-09-12 10:50:20,THY6NH,40.220306,32.526855,304.52,423.6,38000,-26.0
2026-09-12 10:50:20,PGT50FT,40.120377,32.584656,,,,-22.8
2026-09-12 10:50:20,TKJ6683,40.069094,32.811043,,,,-24.5
2026-09-12 10:50:50,ETD2,40.284851,32.486755,130.91,516.1,37000,-25.8
2026-09-12 10:50:50,THY6NH,40.220306,32.526855,304.52,423.6,38000,-26.0
2026-09-12 10:50:50,PGT50FT,40.120377,32.584656,,,,-22.8
2026-09-12 10:50:50,TKJ6683,40.069094,32.811043,,,,-24.5
2026-09-12 10:51:20,ETD2,40.284851,32.486755,130.91,516.1,37000,-25.8
2026-09-12 10:51:20,THY6NH,40.220306,32.526855,304.52,423.6,38000,-26.0
2026-09-12 10:51:20,PGT50FT,40.120377,32.584656,,,,-22.8
2026-09-12 10:51:20,TKJ6683,40.069094,32.811043,,,,-24.5
2026-09-12 10:51:50,ETD2,40.284851,32.486755,130.91,516.1,37000,-25.8
2026-09-12 10:51:50,THY6NH,40.220306,32.526855,304.52,423.6,38000,-26.0
2026-09-12 10:51:50,PGT50FT,40.120377,32.584656,,,,-22.8
2026-09-12 10:51:50,TKJ6683,40.069094,32.811043,,,,-24.5
2026-09-12 10:52:20,ETD2,40.284851,32.486755,130.91,516.1,37000,-25.8
2026-09-12 10:52:20,THY6NH,40.220306,32.526855,304.52,423.6,38000,-26.0
2026-09-12 10:52:20,PGT50FT,40.120377,32.584656,,,,-22.8
2026-09-12 10:52:20,TKJ6683,40.069094,32.811043,,,,-24.5
2026-09-12 10:52:50,ETD2,40.284851,32.486755,130.91,516.1,37000,-25.8
2026-09-12 10:52:50,THY6NH,40.220306,32.526855,304.52,423.6,38000,-26.0
2026-09-12 10:52:50,PGT50FT,40.120377,32.584656,,,,-22.8
2026-09-12 10:52:50,TKJ6683,40.069094,32.811043,,,,-24.5
2026-09-12 10:53:20,ETD2,40.284851,32.486755,130.91,516.1,37000,-25.8
2026-09-12 10:53:20,THY6NH,40.220306,32.526855,304.52,423.6,38000,-26.0
2026-09-12 10:53:20,PGT50FT,40.120377,32.584656,,,,-22.8
2026-09-12 10:53:20,TKJ6683,40.069094,32.811043,,,,-24.5
2026-09-12 10:53:50,ETD2,40.284851,32.486755,130.91,516.1,37000,-25.8
2026-09-12 10:53:50,THY6NH,40.220306,32.526855,304.52,423.6,38000,-26.0
2026-09-12 10:53:50,PGT50FT,40.120377,32.584656,,,,-22.8
2026-09-12 10:53:50,TKJ6683,40.069094,32.811043,,,,-24.5
2026-09-12 10:54:20,ETD2,40.284851,32.486755,130.91,516.1,37000,-25.8
2026-09-12 10:54:20,THY6NH,40.220306,32.526855,304.52,423.6,38000,-26.0
2026-09-12 10:54:20,PGT50FT,40.120377,32.584656,,,,-22.8
2026-09-12 10:54:20,TKJ6683,40.069094,32.811043,,,,-24.5
2026-09-12 10:54:50,ETD2,40.284851,32.486755,130.91,516.1,37000,-25.8
2026-09-12 10:54:50,THY6NH,40.220306,32.526855,304.52,423.6,38000,-26.0
2026-09-12 10:54:50,PGT50FT,40.120377,32.584656,,,,-22.8
2026-09-12 10:54:50,TKJ6683,40.069094,32.811043,,,,-24.5
2026-09-12 10:55:20,ETD2,40.284851,32.486755,130.91,516.1,37000,-25.8
2026-09-12 10:55:20,THY6NH,40.220306,32.526855,304.52,423.6,38000,-26.0
2026-09-12 10:55:20,PGT50FT,40.120377,32.584656,,,,-22.8
2026-09-12 10:55:20,TKJ6683,40.069094,32.811043,,,,-24.5
2026-09-12 10:55:50,ETD2,40.284851,32.486755,130.91,516.1,37000,-25.8
2026-09-12 10:55:50,THY6NH,40.220306,32.526855,304.52,423.6,38000,-26.0
2026-09-12 10:55:50,PGT50FT,40.120377,32.584656,,,,-22.8
2026-09-12 10:55:50,TKJ6683,40.069094,32.811043,,,,-24.5
2026-09-12 10:56:21,ETD2,40.284851,32.486755,130.91,516.1,37000,-25.8
2026-09-12 10:56:21,THY6NH,40.220306,32.526855,304.52,423.6,38000,-26.0
2026-09-12 10:56:21,PGT50FT,40.120377,32.584656,,,,-22.8
2026-09-12 10:56:21,TKJ6683,40.069094,32.811043,,,,-24.5
2026-09-12 10:56:51,ETD2,40.284851,32.486755,130.91,516.1,37000,-25.8
2026-09-12 10:56:51,THY6NH,40.220306,32.526855,304.52,423.6,38000,-26.0
2026-09-12 10:56:51,PGT50FT,40.120377,32.584656,,,,-22.8
2026-09-12 10:56:51,TKJ6683,40.069094,32.811043,,,,-24.5
2026-09-12 10:57:21,ETD2,40.284851,32.486755,130.91,516.1,37000,-25.8
2026-09-12 10:57:21,THY6NH,40.220306,32.526855,304.52,423.6,38000,-26.0
2026-09-12 10:57:21,PGT50FT,40.120377,32.584656,,,,-22.8
2026-09-12 10:57:21,TKJ6683,40.069094,32.811043,,,,-24.5
2026-09-12 10:57:51,ETD2,40.284851,32.486755,130.91,516.1,37000,-25.8
2026-09-12 10:57:51,THY6NH,40.220306,32.526855,304.52,423.6,38000,-26.0
2026-09-12 10:57:51,PGT50FT,40.120377,32.584656,,,,-22.8
2026-09-12 10:57:51,TKJ6683,40.069094,32.811043,,,,-24.5
2026-09-12 10:58:21,ETD2,40.284851,32.486755,130.91,516.1,37000,-25.8
2026-09-12 10:58:21,THY6NH,40.220306,32.526855,304.52,423.6,38000,-26.0
2026-09-12 10:58:21,PGT50FT,40.120377,32.584656,,,,-22.8
2026-09-12 10:58:21,TKJ6683,40.069094,32.811043,,,,-24.5
2026-09-12 10:58:51,ETD2,40.284851,32.486755,130.91,516.1,37000,-25.8
2026-09-12 10:58:51,THY6NH,40.220306,32.526855,304.52,423.6,38000,-26.0
2026-09-12 10:58:51,PGT50FT,40.120377,32.584656,,,,-22.8
2026-09-12 10:58:51,TKJ6683,40.069094,32.811043,,,,-24.5
2026-09-12 10:59:21,ETD2,40.284851,32.486755,130.91,516.1,37000,-25.8
2026-09-12 10:59:21,THY6NH,40.220306,32.526855,304.52,423.6,38000,-26.0
2026-09-12 10:59:21,PGT50FT,40.120377,32.584656,,,,-22.8
2026-09-12 10:59:21,TKJ6683,40.069094,32.811043,,,,-24.5
2026-09-12 10:59:51,ETD2,40.284851,32.486755,130.91,516.1,37000,-25.8
2026-09-12 10:59:51,THY6NH,40.220306,32.526855,304.52,423.6,38000,-26.0
2026-09-12 10:59:51,PGT50FT,40.120377,32.584656,,,,-22.8
2026-09-12 10:59:51,TKJ6683,40.069094,32.811043,,,,-24.5
2026-09-12 11:00:21,ETD2,40.284851,32.486755,130.91,516.1,37000,-25.8
2026-09-12 11:00:21,THY6NH,40.220306,32.526855,304.52,423.6,38000,-26.0
2026-09-12 11:00:21,PGT50FT,40.120377,32.584656,,,,-22.8
2026-09-12 11:00:21,TKJ6683,40.069094,32.811043,,,,-24.5
2026-09-12 11:00:51,ETD2,40.284851,32.486755,130.91,516.1,37000,-25.8
2026-09-12 11:00:51,THY6NH,40.220306,32.526855,304.52,423.6,38000,-26.0
2026-09-12 11:00:51,PGT50FT,40.120377,32.584656,,,,-22.8
2026-09-12 11:00:51,TKJ6683,40.069094,32.811043,,,,-24.5
2026-09-12 11:01:21,ETD2,40.284851,32.486755,130.91,516.1,37000,-25.8
2026-09-12 11:01:21,THY6NH,40.220306,32.526855,304.52,423.6,38000,-26.0
2026-09-12 11:01:21,PGT50FT,40.120377,32.584656,,,,-22.8
2026-09-12 11:01:21,TKJ6683,40.069094,32.811043,,,,-24.5
2026-09-12 11:01:51,ETD2,40.284851,32.486755,130.91,516.1,37000,-25.8
2026-09-12 11:01:51,THY6NH,40.220306,32.526855,304.52,423.6,38000,-26.0
2026-09-12 11:01:51,PGT50FT,40.120377,32.584656,,,,-22.8
2026-09-12 11:01:51,TKJ6683,40.069094,32.811043,,,,-24.5
2026-09-12 11:02:22,ETD2,40.284851,32.486755,130.91,516.1,37000,-25.8
2026-09-12 11:02:22,THY6NH,40.220306,32.526855,304.52,423.6,38000,-26.0
2026-09-12 11:02:22,PGT50FT,40.120377,32.584656,,,,-22.8
2026-09-12 11:02:22,TKJ6683,40.069094,32.811043,,,,-24.5
2026-09-12 11:02:52,ETD2,40.284851,32.486755,130.91,516.1,37000,-25.8
2026-09-12 11:02:52,THY6NH,40.220306,32.526855,304.52,423.6,38000,-26.0
2026-09-12 11:02:52,PGT50FT,40.120377,32.584656,,,,-22.8
2026-09-12 11:02:52,TKJ6683,40.069094,32.811043,,,,-24.5
2026-09-12 11:03:22,ETD2,40.284851,32.486755,130.91,516.1,37000,-25.8
2026-09-12 11:03:22,THY6NH,40.220306,32.526855,304.52,423.6,38000,-26.0
2026-09-12 11:03:22,PGT50FT,40.120377,32.584656,,,,-22.8
2026-09-12 11:03:22,TKJ6683,40.069094,32.811043,,,,-24.5
2026-09-12 11:03:52,ETD2,40.284851,32.486755,130.91,516.1,37000,-25.8
2026-09-12 11:03:52,THY6NH,40.220306,32.526855,304.52,423.6,38000,-26.0
2026-09-12 11:03:52,PGT50FT,40.120377,32.584656,,,,-22.8
2026-09-12 11:03:52,TKJ6683,40.069094,32.811043,,,,-24.5
2026-09-12 11:04:22,ETD2,40.284851,32.486755,130.91,516.1,37000,-25.8
2026-09-12 11:04:22,THY6NH,40.220306,32.526855,304.52,423.6,38000,-26.0
2026-09-12 11:04:22,PGT50FT,40.120377,32.584656,,,,-22.8
2026-09-12 11:04:22,TKJ6683,40.069094,32.811043,,,,-24.5
2026-09-12 11:04:52,ETD2,40.284851,32.486755,130.91,516.1,37000,-25.8
2026-09-12 11:04:52,THY6NH,40.220306,32.526855,304.52,423.6,38000,-26.0
2026-09-12 11:04:52,PGT50FT,40.120377,32.584656,,,,-22.8
2026-09-12 11:04:52,TKJ6683,40.069094,32.811043,,,,-24.5
2026-09-12 11:05:22,ETD2,40.284851,32.486755,130.91,516.1,37000,-25.8
2026-09-12 11:05:22,THY6NH,40.220306,32.526855,304.52,423.6,38000,-26.0
2026-09-12 11:05:22,PGT50FT,40.120377,32.584656,,,,-22.8
2026-09-12 11:05:22,TKJ6683,40.069094,32.811043,,,,-24.5
2026-09-12 11:05:52,ETD2,40.284851,32.486755,130.91,516.1,37000,-25.8
2026-09-12 11:05:52,THY6NH,40.220306,32.526855,304.52,423.6,38000,-26.0
2026-09-12 11:05:52,PGT50FT,40.120377,32.584656,,,,-22.8
2026-09-12 11:05:52,TKJ6683,40.069094,32.811043,,,,-24.5
2026-09-12 11:06:22,ETD2,40.284851,32.486755,130.91,516.1,37000,-25.8
2026-09-12 11:06:22,THY6NH,40.220306,32.526855,304.52,423.6,38000,-26.0
2026-09-12 11:06:22,PGT50FT,40.120377,32.584656,,,,-22.8
2026-09-12 11:06:22,TKJ6683,40.069094,32.811043,,,,-24.5
2026-09-12 11:06:52,ETD2,40.284851,32.486755,130.91,516.1,37000,-25.8
2026-09-12 11:06:52,THY6NH,40.220306,32.526855,304.52,423.6,38000,-26.0
2026-09-12 11:06:52,PGT50FT,40.120377,32.584656,,,,-22.8
2026-09-12 11:06:52,TKJ6683,40.069094,32.811043,,,,-24.5
2026-09-12 11:07:22,ETD2,40.284851,32.486755,130.91,516.1,37000,-25.8
2026-09-12 11:07:22,THY6NH,40.220306,32.526855,304.52,423.6,38000,-26.0
2026-09-12 11:07:22,PGT50FT,40.120377,32.584656,,,,-22.8
2026-09-12 11:07:22,TKJ6683,40.069094,32.811043,,,,-24.5
2026-09-12 11:07:53,ETD2,40.284851,32.486755,130.91,516.1,37000,-25.8
2026-09-12 11:07:53,THY6NH,40.220306,32.526855,304.52,423.6,38000,-26.0
2026-09-12 11:07:53,PGT50FT,40.120377,32.584656,,,,-22.8
2026-09-12 11:07:53,TKJ6683,40.069094,32.811043,,,,-24.5
2026-09-12 11:08:23,ETD2,40.284851,32.486755,130.91,516.1,37000,-25.8
2026-09-12 11:08:23,THY6NH,40.220306,32.526855,304.52,423.6,38000,-26.0
2026-09-12 11:08:23,PGT50FT,40.120377,32.584656,,,,-22.8
2026-09-12 11:08:23,TKJ6683,40.069094,32.811043,,,,-24.5
2026-09-12 11:08:53,ETD2,40.284851,32.486755,130.91,516.1,37000,-25.8
2026-09-12 11:08:53,THY6NH,40.220306,32.526855,304.52,423.6,38000,-26.0
2026-09-12 11:08:53,PGT50FT,40.120377,32.584656,,,,-22.8
2026-09-12 11:08:53,TKJ6683,40.069094,32.811043,,,,-24.5
2026-09-12 11:09:23,ETD2,40.284851,32.486755,130.91,516.1,37000,-25.8
2026-09-12 11:09:23,THY6NH,40.220306,32.526855,304.52,423.6,38000,-26.0
2026-09-12 11:09:23,PGT50FT,40.120377,32.584656,,,,-22.8
2026-09-12 11:09:23,TKJ6683,40.069094,32.811043,,,,-24.5
2026-09-12 11:09:53,ETD2,40.284851,32.486755,130.91,516.1,37000,-25.8
2026-09-12 11:09:53,THY6NH,40.220306,32.526855,304.52,423.6,38000,-26.0
2026-09-12 11:09:53,PGT50FT,40.120377,32.584656,,,,-22.8
2026-09-12 11:09:53,TKJ6683,40.069094,32.811043,,,,-24.5
2026-09-12 11:10:23,ETD2,40.284851,32.486755,130.91,516.1,37000,-25.8
2026-09-12 11:10:23,THY6NH,40.220306,32.526855,304.52,423.6,38000,-26.0
2026-09-12 11:10:23,PGT50FT,40.120377,32.584656,,,,-22.8
2026-09-12 11:10:23,TKJ6683,40.069094,32.811043,,,,-24.5
2026-09-12 11:10:53,ETD2,40.284851,32.486755,130.91,516.1,37000,-25.8
2026-09-12 11:10:53,THY6NH,40.220306,32.526855,304.52,423.6,38000,-26.0
2026-09-12 11:10:53,PGT50FT,40.120377,32.584656,,,,-22.8
2026-09-12 11:10:53,TKJ6683,40.069094,32.811043,,,,-24.5
2026-09-12 11:11:23,ETD2,40.284851,32.486755,130.91,516.1,37000,-25.8
2026-09-12 11:11:23,THY6NH,40.220306,32.526855,304.52,423.6,38000,-26.0
2026-09-12 11:11:23,PGT50FT,40.120377,32.584656,,,,-22.8
2026-09-12 11:11:23,TKJ6683,40.069094,32.811043,,,,-24.5
2026-09-12 11:11:53,ETD2,40.284851,32.486755,130.91,516.1,37000,-25.8
2026-09-12 11:11:53,THY6NH,40.220306,32.526855,304.52,423.6,38000,-26.0
2026-09-12 11:11:53,PGT50FT,40.120377,32.584656,,,,-22.8
2026-09-12 11:11:53,TKJ6683,40.069094,32.811043,,,,-24.5
2026-09-12 11:12:23,ETD2,40.284851,32.486755,130.91,516.1,37000,-25.8
2026-09-12 11:12:23,THY6NH,40.220306,32.526855,304.52,423.6,38000,-26.0
2026-09-12 11:12:23,PGT50FT,40.120377,32.584656,,,,-22.8
2026-09-12 11:12:23,TKJ6683,40.069094,32.811043,,,,-24.5
2026-09-12 11:12:53,ETD2,40.284851,32.486755,130.91,516.1,37000,-25.8
2026-09-12 11:12:53,THY6NH,40.220306,32.526855,304.52,423.6,38000,-26.0
2026-09-12 11:12:53,PGT50FT,40.120377,32.584656,,,,-22.8
2026-09-12 11:12:53,TKJ6683,40.069094,32.811043,,,,-24.5
2026-09-12 11:13:23,ETD2,40.284851,32.486755,130.91,516.1,37000,-25.8
2026-09-12 11:13:23,THY6NH,40.220306,32.526855,304.52,423.6,38000,-26.0
2026-09-12 11:13:23,PGT50FT,40.120377,32.584656,,,,-22.8
2026-09-12 11:13:23,TKJ6683,40.069094,32.811043,,,,-24.5
2026-09-12 11:13:54,ETD2,40.284851,32.486755,130.91,516.1,37000,-25.8
2026-09-12 11:13:54,THY6NH,40.220306,32.526855,304.52,423.6,38000,-26.0
2026-09-12 11:13:54,PGT50FT,40.120377,32.584656,,,,-22.8
2026-09-12 11:13:54,TKJ6683,40.069094,32.811043,,,,-24.5
2026-09-12 11:14:24,ETD2,40.284851,32.486755,130.91,516.1,37000,-25.8
2026-09-12 11:14:24,THY6NH,40.220306,32.526855,304.52,423.6,38000,-26.0
2026-09-12 11:14:24,PGT50FT,40.120377,32.584656,,,,-22.8
2026-09-12 11:14:24,TKJ6683,40.069094,32.811043,,,,-24.5
2026-09-12 11:14:54,ETD2,40.284851,32.486755,130.91,516.1,37000,-25.8
2026-09-12 11:14:54,THY6NH,40.220306,32.526855,304.52,423.6,38000,-26.0
2026-09-12 11:14:54,PGT50FT,40.120377,32.584656,,,,-22.8
2026-09-12 11:14:54,TKJ6683,40.069094,32.811043,,,,-24.5
2026-09-12 11:15:24,ETD2,40.284851,32.486755,130.91,516.1,37000,-25.8
2026-09-12 11:15:24,THY6NH,40.220306,32.526855,304.52,423.6,38000,-26.0
2026-09-12 11:15:24,PGT50FT,40.120377,32.584656,,,,-22.8
2026-09-12 11:15:24,TKJ6683,40.069094,32.811043,,,,-24.5
2026-09-12 11:15:54,ETD2,40.284851,32.486755,130.91,516.1,37000,-25.8
2026-09-12 11:15:54,THY6NH,40.220306,32.526855,304.52,423.6,38000,-26.0
2026-09-12 11:15:54,PGT50FT,40.120377,32.584656,,,,-22.8
2026-09-12 11:15:54,TKJ6683,40.069094,32.811043,,,,-24.5
2026-09-12 11:16:24,ETD2,40.284851,32.486755,130.91,516.1,37000,-25.8
2026-09-12 11:16:24,THY6NH,40.220306,32.526855,304.52,423.6,38000,-26.0
2026-09-12 11:16:24,PGT50FT,40.120377,32.584656,,,,-22.8
2026-09-12 11:16:24,TKJ6683,40.069094,32.811043,,,,-24.5
2026-09-12 11:16:54,ETD2,40.284851,32.486755,130.91,516.1,37000,-25.8
2026-09-12 11:16:54,THY6NH,40.220306,32.526855,304.52,423.6,38000,-26.0
2026-09-12 11:16:54,PGT50FT,40.120377,32.584656,,,,-22.8
2026-09-12 11:16:54,TKJ6683,40.069094,32.811043,,,,-24.5
2026-09-12 11:17:24,ETD2,40.284851,32.486755,130.91,516.1,37000,-25.8
2026-09-12 11:17:24,THY6NH,40.220306,32.526855,304.52,423.6,38000,-26.0
2026-09-12 11:17:24,PGT50FT,40.120377,32.584656,,,,-22.8
2026-09-12 11:17:24,TKJ6683,40.069094,32.811043,,,,-24.5
2026-09-12 11:17:54,ETD2,40.284851,32.486755,130.91,516.1,37000,-25.8
2026-09-12 11:17:54,THY6NH,40.220306,32.526855,304.52,423.6,38000,-26.0
2026-09-12 11:17:54,PGT50FT,40.120377,32.584656,,,,-22.8
2026-09-12 11:17:54,TKJ6683,40.069094,32.811043,,,,-24.5
2026-09-12 11:18:25,ETD2,40.284851,32.486755,130.91,516.1,37000,-25.8
2026-09-12 11:18:25,THY6NH,40.220306,32.526855,304.52,423.6,38000,-26.0
2026-09-12 11:18:25,PGT50FT,40.120377,32.584656,,,,-22.8
2026-09-12 11:18:25,TKJ6683,40.069094,32.811043,,,,-24.5
2026-09-12 11:18:55,ETD2,40.284851,32.486755,130.91,516.1,37000,-25.8
2026-09-12 11:18:55,THY6NH,40.220306,32.526855,304.52,423.6,38000,-26.0
2026-09-12 11:18:55,PGT50FT,40.120377,32.584656,,,,-22.8
2026-09-12 11:18:55,TKJ6683,40.069094,32.811043,,,,-24.5
2026-09-12 11:19:25,ETD2,40.284851,32.486755,130.91,516.1,37000,-25.8
2026-09-12 11:19:25,THY6NH,40.220306,32.526855,304.52,423.6,38000,-26.0
2026-09-12 11:19:25,PGT50FT,40.120377,32.584656,,,,-22.8
2026-09-12 11:19:25,TKJ6683,40.069094,32.811043,,,,-24.5
2026-09-12 11:19:55,ETD2,40.284851,32.486755,130.91,516.1,37000,-25.8
2026-09-12 11:19:55,THY6NH,40.220306,32.526855,304.52,423.6,38000,-26.0
2026-09-12 11:19:55,PGT50FT,40.120377,32.584656,,,,-22.8
2026-09-12 11:19:55,TKJ6683,40.069094,32.811043,,,,-24.5
2026-09-12 11:20:25,ETD2,40.284851,32.486755,130.91,516.1,37000,-25.8
2026-09-12 11:20:25,THY6NH,40.220306,32.526855,304.52,423.6,38000,-26.0
2026-09-12 11:20:25,PGT50FT,40.120377,32.584656,,,,-22.8
2026-09-12 11:20:25,TKJ6683,40.069094,32.811043,,,,-24.5
2026-09-12 11:20:55,ETD2,40.284851,32.486755,130.91,516.1,37000,-25.8
2026-09-12 11:20:55,THY6NH,40.220306,32.526855,304.52,423.6,38000,-26.0
2026-09-12 11:20:55,PGT50FT,40.120377,32.584656,,,,-22.8
2026-09-12 11:20:55,TKJ6683,40.069094,32.811043,,,,-24.5
2026-09-12 11:21:25,ETD2,40.284851,32.486755,130.91,516.1,37000,-25.8
2026-09-12 11:21:25,THY6NH,40.220306,32.526855,304.52,423.6,38000,-26.0
2026-09-12 11:21:25,PGT50FT,40.120377,32.584656,,,,-22.8
2026-09-12 11:21:25,TKJ6683,40.069094,32.811043,,,,-24.5
2026-09-12 11:21:55,ETD2,40.284851,32.486755,130.91,516.1,37000,-25.8
2026-09-12 11:21:55,THY6NH,40.220306,32.526855,304.52,423.6,38000,-26.0
2026-09-12 11:21:55,PGT50FT,40.120377,32.584656,,,,-22.8
2026-09-12 11:21:55,TKJ6683,40.069094,32.811043,,,,-24.5
2026-09-12 11:22:25,ETD2,40.284851,32.486755,130.91,516.1,37000,-25.8
2026-09-12 11:22:25,THY6NH,40.220306,32.526855,304.52,423.6,38000,-26.0
2026-09-12 11:22:25,PGT50FT,40.120377,32.584656,,,,-22.8
2026-09-12 11:22:25,TKJ6683,40.069094,32.811043,,,,-24.5
2026-09-12 11:22:55,ETD2,40.284851,32.486755,130.91,516.1,37000,-25.8
2026-09-12 11:22:55,THY6NH,40.220306,32.526855,304.52,423.6,38000,-26.0
2026-09-12 11:22:55,PGT50FT,40.120377,32.584656,,,,-22.8
2026-09-12 11:22:55,TKJ6683,40.069094,32.811043,,,,-24.5
2026-09-12 11:23:25,ETD2,40.284851,32.486755,130.91,516.1,37000,-25.8
2026-09-12 11:23:25,THY6NH,40.220306,32.526855,304.52,423.6,38000,-26.0
2026-09-12 11:23:25,PGT50FT,40.120377,32.584656,,,,-22.8
2026-09-12 11:23:25,TKJ6683,40.069094,32.811043,,,,-24.5
2026-09-12 11:23:56,ETD2,40.284851,32.486755,130.91,516.1,37000,-25.8
2026-09-12 11:23:56,THY6NH,40.220306,32.526855,304.52,423.6,38000,-26.0
2026-09-12 11:23:56,PGT50FT,40.120377,32.584656,,,,-22.8
2026-09-12 11:23:56,TKJ6683,40.069094,32.811043,,,,-24.5
2026-09-12 11:24:26,ETD2,40.284851,32.486755,130.91,516.1,37000,-25.8
2026-09-12 11:24:26,THY6NH,40.220306,32.526855,304.52,423.6,38000,-26.0
2026-09-12 11:24:26,PGT50FT,40.120377,32.584656,,,,-22.8
2026-09-12 11:24:26,TKJ6683,40.069094,32.811043,,,,-24.5
2026-09-12 11:24:56,ETD2,40.284851,32.486755,130.91,516.1,37000,-25.8
2026-09-12 11:24:56,THY6NH,40.220306,32.526855,304.52,423.6,38000,-26.0
2026-09-12 11:24:56,PGT50FT,40.120377,32.584656,,,,-22.8
2026-09-12 11:24:56,TKJ6683,40.069094,32.811043,,,,-24.5
2026-09-12 11:25:26,ETD2,40.284851,32.486755,130.91,516.1,37000,-25.8
2026-09-12 11:25:26,THY6NH,40.220306,32.526855,304.52,423.6,38000,-26.0
2026-09-12 11:25:26,PGT50FT,40.120377,32.584656,,,,-22.8
2026-09-12 11:25:26,TKJ6683,40.069094,32.811043,,,,-24.5
2026-09-12 11:25:56,ETD2,40.284851,32.486755,130.91,516.1,37000,-25.8
2026-09-12 11:25:56,THY6NH,40.220306,32.526855,304.52,423.6,38000,-26.0
2026-09-12 11:25:56,PGT50FT,40.120377,32.584656,,,,-22.8
2026-09-12 11:25:56,TKJ6683,40.069094,32.811043,,,,-24.5
2026-09-12 11:26:26,ETD2,40.284851,32.486755,130.91,516.1,37000,-25.8
2026-09-12 11:26:26,THY6NH,40.220306,32.526855,304.52,423.6,38000,-26.0
2026-09-12 11:26:26,PGT50FT,40.120377,32.584656,,,,-22.8
2026-09-12 11:26:26,TKJ6683,40.069094,32.811043,,,,-24.5
2026-09-12 11:26:52,ETD2,40.284851,32.486755,130.91,516.1,37000,-25.8
2026-09-12 11:26:52,THY6NH,40.220306,32.526855,304.52,423.6,38000,-26.0
2026-09-12 11:26:52,PGT50FT,40.120377,32.584656,,,,-22.8
2026-09-12 11:26:52,TKJ6683,40.069094,32.811043,,,,-24.5
2026-09-12 11:26:56,ETD2,40.284851,32.486755,130.91,516.1,37000,-25.8
2026-09-12 11:26:56,THY6NH,40.220306,32.526855,304.52,423.6,38000,-26.0
2026-09-12 11:26:56,PGT50FT,40.120377,32.584656,,,,-22.8
2026-09-12 11:26:56,TKJ6683,40.069094,32.811043,,,,-24.5
2026-09-12 11:27:22,ETD2,40.284851,32.486755,130.91,516.1,37000,-25.8
2026-09-12 11:27:22,THY6NH,40.220306,32.526855,304.52,423.6,38000,-26.0
2026-09-12 11:27:22,PGT50FT,40.120377,32.584656,,,,-22.8
2026-09-12 11:27:22,TKJ6683,40.069094,32.811043,,,,-24.5
2026-09-12 11:27:26,ETD2,40.284851,32.486755,130.91,516.1,37000,-25.8
2026-09-12 11:27:26,THY6NH,40.220306,32.526855,304.52,423.6,38000,-26.0
2026-09-12 11:27:26,PGT50FT,40.120377,32.584656,,,,-22.8
2026-09-12 11:27:26,TKJ6683,40.069094,32.811043,,,,-24.5
2026-09-12 11:27:52,ETD2,40.284851,32.486755,130.91,516.1,37000,-25.8
2026-09-12 11:27:52,THY6NH,40.220306,32.526855,304.52,423.6,38000,-26.0
2026-09-12 11:27:52,PGT50FT,40.120377,32.584656,,,,-22.8
2026-09-12 11:27:52,TKJ6683,40.069094,32.811043,,,,-24.5
2026-09-12 11:27:56,ETD2,40.284851,32.486755,130.91,516.1,37000,-25.8
2026-09-12 11:27:56,THY6NH,40.220306,32.526855,304.52,423.6,38000,-26.0
2026-09-12 11:27:56,PGT50FT,40.120377,32.584656,,,,-22.8
2026-09-12 11:27:56,TKJ6683,40.069094,32.811043,,,,-24.5
2026-09-12 11:28:22,ETD2,40.284851,32.486755,130.91,516.1,37000,-25.8
2026-09-12 11:28:22,THY6NH,40.220306,32.526855,304.52,423.6,38000,-26.0
2026-09-12 11:28:22,PGT50FT,40.120377,32.584656,,,,-22.8
2026-09-12 11:28:22,TKJ6683,40.069094,32.811043,,,,-24.5
2026-09-12 11:28:26,ETD2,40.284851,32.486755,130.91,516.1,37000,-25.8
2026-09-12 11:28:26,THY6NH,40.220306,32.526855,304.52,423.6,38000,-26.0
2026-09-12 11:28:26,PGT50FT,40.120377,32.584656,,,,-22.8
2026-09-12 11:28:26,TKJ6683,40.069094,32.811043,,,,-24.5
2026-09-12 11:28:52,ETD2,40.284851,32.486755,130.91,516.1,37000,-25.8
2026-09-12 11:28:52,THY6NH,40.220306,32.526855,304.52,423.6,38000,-26.0
2026-09-12 11:28:52,PGT50FT,40.120377,32.584656,,,,-22.8
2026-09-12 11:28:52,TKJ6683,40.069094,32.811043,,,,-24.5
2026-09-12 11:28:56,ETD2,40.284851,32.486755,130.91,516.1,37000,-25.8
2026-09-12 11:28:56,THY6NH,40.220306,32.526855,304.52,423.6,38000,-26.0
2026-09-12 11:28:56,PGT50FT,40.120377,32.584656,,,,-22.8
2026-09-12 11:28:56,TKJ6683,40.069094,32.811043,,,,-24.5
2026-09-12 11:29:22,ETD2,40.284851,32.486755,130.91,516.1,37000,-25.8
2026-09-12 11:29:22,THY6NH,40.220306,32.526855,304.52,423.6,38000,-26.0
2026-09-12 11:29:22,PGT50FT,40.120377,32.584656,,,,-22.8
2026-09-12 11:29:22,TKJ6683,40.069094,32.811043,,,,-24.5
2026-09-12 11:29:26,ETD2,40.284851,32.486755,130.91,516.1,37000,-25.8
2026-09-12 11:29:26,THY6NH,40.220306,32.526855,304.52,423.6,38000,-26.0
2026-09-12 11:29:26,PGT50FT,40.120377,32.584656,,,,-22.8
2026-09-12 11:29:26,TKJ6683,40.069094,32.811043,,,,-24.5
2026-09-12 11:29:52,ETD2,40.284851,32.486755,130.91,516.1,37000,-25.8
2026-09-12 11:29:52,THY6NH,40.220306,32.526855,304.52,423.6,38000,-26.0
2026-09-12 11:29:52,PGT50FT,40.120377,32.584656,,,,-22.8
2026-09-12 11:29:52,TKJ6683,40.069094,32.811043,,,,-24.5
2026-09-12 11:29:56,ETD2,40.284851,32.486755,130.91,516.1,37000,-25.8
2026-09-12 11:29:56,THY6NH,40.220306,32.526855,304.52,423.6,38000,-26.0
2026-09-12 11:29:56,PGT50FT,40.120377,32.584656,,,,-22.8
2026-09-12 11:29:56,TKJ6683,40.069094,32.811043,,,,-24.5
2026-09-12 11:30:22,ETD2,40.284851,32.486755,130.91,516.1,37000,-25.8
2026-09-12 11:30:22,THY6NH,40.220306,32.526855,304.52,423.6,38000,-26.0
2026-09-12 11:30:22,PGT50FT,40.120377,32.584656,,,,-22.8
2026-09-12 11:30:22,TKJ6683,40.069094,32.811043,,,,-24.5
2026-09-12 11:30:26,ETD2,40.284851,32.486755,130.91,516.1,37000,-25.8
2026-09-12 11:30:26,THY6NH,40.220306,32.526855,304.52,423.6,38000,-26.0
2026-09-12 11:30:26,PGT50FT,40.120377,32.584656,,,,-22.8
2026-09-12 11:30:26,TKJ6683,40.069094,32.811043,,,,-24.5
2026-09-12 11:30:53,ETD2,40.284851,32.486755,130.91,516.1,37000,-25.8
2026-09-12 11:30:53,THY6NH,40.220306,32.526855,304.52,423.6,38000,-26.0
2026-09-12 11:30:53,PGT50FT,40.120377,32.584656,,,,-22.8
2026-09-12 11:30:53,TKJ6683,40.069094,32.811043,,,,-24.5
2026-09-12 11:30:56,ETD2,40.284851,32.486755,130.91,516.1,37000,-25.8
2026-09-12 11:30:56,THY6NH,40.220306,32.526855,304.52,423.6,38000,-26.0
2026-09-12 11:30:56,PGT50FT,40.120377,32.584656,,,,-22.8
2026-09-12 11:30:56,TKJ6683,40.069094,32.811043,,,,-24.5
2026-09-12 11:31:23,ETD2,40.284851,32.486755,130.91,516.1,37000,-25.8
2026-09-12 11:31:23,THY6NH,40.220306,32.526855,304.52,423.6,38000,-26.0
2026-09-12 11:31:23,PGT50FT,40.120377,32.584656,,,,-22.8
2026-09-12 11:31:23,TKJ6683,40.069094,32.811043,,,,-24.5
2026-09-12 11:31:27,ETD2,40.284851,32.486755,130.91,516.1,37000,-25.8
2026-09-12 11:31:27,THY6NH,40.220306,32.526855,304.52,423.6,38000,-26.0
2026-09-12 11:31:27,PGT50FT,40.120377,32.584656,,,,-22.8
2026-09-12 11:31:27,TKJ6683,40.069094,32.811043,,,,-24.5
2026-09-12 11:31:53,ETD2,40.284851,32.486755,130.91,516.1,37000,-25.8
2026-09-12 11:31:53,THY6NH,40.220306,32.526855,304.52,423.6,38000,-26.0
2026-09-12 11:31:53,PGT50FT,40.120377,32.584656,,,,-22.8
2026-09-12 11:31:53,TKJ6683,40.069094,32.811043,,,,-24.5
2026-09-12 11:31:57,ETD2,40.284851,32.486755,130.91,516.1,37000,-25.8
2026-09-12 11:31:57,THY6NH,40.220306,32.526855,304.52,423.6,38000,-26.0
2026-09-12 11:31:57,PGT50FT,40.120377,32.584656,,,,-22.8
2026-09-12 11:31:57,TKJ6683,40.069094,32.811043,,,,-24.5
2026-09-12 11:32:23,ETD2,40.284851,32.486755,130.91,516.1,37000,-25.8
2026-09-12 11:32:23,THY6NH,40.220306,32.526855,304.52,423.6,38000,-26.0
2026-09-12 11:32:23,PGT50FT,40.120377,32.584656,,,,-22.8
2026-09-12 11:32:23,TKJ6683,40.069094,32.811043,,,,-24.5
2026-09-12 11:32:27,ETD2,40.284851,32.486755,130.91,516.1,37000,-25.8
2026-09-12 11:32:27,THY6NH,40.220306,32.526855,304.52,423.6,38000,-26.0
2026-09-12 11:32:27,PGT50FT,40.120377,32.584656,,,,-22.8
2026-09-12 11:32:27,TKJ6683,40.069094,32.811043,,,,-24.5
2026-09-12 11:32:53,ETD2,40.284851,32.486755,130.91,516.1,37000,-25.8
2026-09-12 11:32:53,THY6NH,40.220306,32.526855,304.52,423.6,38000,-26.0
2026-09-12 11:32:53,PGT50FT,40.120377,32.584656,,,,-22.8
2026-09-12 11:32:53,TKJ6683,40.069094,32.811043,,,,-24.5
2026-09-12 11:32:57,ETD2,40.284851,32.486755,130.91,516.1,37000,-25.8
2026-09-12 11:32:57,THY6NH,40.220306,32.526855,304.52,423.6,38000,-26.0
2026-09-12 11:32:57,PGT50FT,40.120377,32.584656,,,,-22.8
2026-09-12 11:32:57,TKJ6683,40.069094,32.811043,,,,-24.5
2026-09-12 11:33:23,ETD2,40.284851,32.486755,130.91,516.1,37000,-25.8
2026-09-12 11:33:23,THY6NH,40.220306,32.526855,304.52,423.6,38000,-26.0
2026-09-12 11:33:23,PGT50FT,40.120377,32.584656,,,,-22.8
2026-09-12 11:33:23,TKJ6683,40.069094,32.811043,,,,-24.5
2026-09-12 11:33:27,ETD2,40.284851,32.486755,130.91,516.1,37000,-25.8
2026-09-12 11:33:27,THY6NH,40.220306,32.526855,304.52,423.6,38000,-26.0
2026-09-12 11:33:27,PGT50FT,40.120377,32.584656,,,,-22.8
2026-09-12 11:33:27,TKJ6683,40.069094,32.811043,,,,-24.5
2026-09-12 11:33:53,ETD2,40.284851,32.486755,130.91,516.1,37000,-25.8
2026-09-12 11:33:53,THY6NH,40.220306,32.526855,304.52,423.6,38000,-26.0
2026-09-12 11:33:53,PGT50FT,40.120377,32.584656,,,,-22.8
2026-09-12 11:33:53,TKJ6683,40.069094,32.811043,,,,-24.5
2026-09-12 11:33:57,ETD2,40.284851,32.486755,130.91,516.1,37000,-25.8
2026-09-12 11:33:57,THY6NH,40.220306,32.526855,304.52,423.6,38000,-26.0
2026-09-12 11:33:57,PGT50FT,40.120377,32.584656,,,,-22.8
2026-09-12 11:33:57,TKJ6683,40.069094,32.811043,,,,-24.5
2026-09-12 11:34:23,ETD2,40.284851,32.486755,130.91,516.1,37000,-25.8
2026-09-12 11:34:23,THY6NH,40.220306,32.526855,304.52,423.6,38000,-26.0
2026-09-12 11:34:23,PGT50FT,40.120377,32.584656,,,,-22.8
2026-09-12 11:34:23,TKJ6683,40.069094,32.811043,,,,-24.5
2026-09-12 11:34:27,ETD2,40.284851,32.486755,130.91,516.1,37000,-25.8
2026-09-12 11:34:27,THY6NH,40.220306,32.526855,304.52,423.6,38000,-26.0
2026-09-12 11:34:27,PGT50FT,40.120377,32.584656,,,,-22.8
2026-09-12 11:34:27,TKJ6683,40.069094,32.811043,,,,-24.5
2026-09-12 11:34:53,ETD2,40.284851,32.486755,130.91,516.1,37000,-25.8
2026-09-12 11:34:53,THY6NH,40.220306,32.526855,304.52,423.6,38000,-26.0
2026-09-12 11:34:53,PGT50FT,40.120377,32.584656,,,,-22.8
2026-09-12 11:34:53,TKJ6683,40.069094,32.811043,,,,-24.5
2026-09-12 11:34:57,ETD2,40.284851,32.486755,130.91,516.1,37000,-25.8
2026-09-12 11:34:57,THY6NH,40.220306,32.526855,304.52,423.6,38000,-26.0
2026-09-12 11:34:57,PGT50FT,40.120377,32.584656,,,,-22.8
2026-09-12 11:34:57,TKJ6683,40.069094,32.811043,,,,-24.5
2026-09-12 11:35:23,ETD2,40.284851,32.486755,130.91,516.1,37000,-25.8
2026-09-12 11:35:23,THY6NH,40.220306,32.526855,304.52,423.6,38000,-26.0
2026-09-12 11:35:23,PGT50FT,40.120377,32.584656,,,,-22.8
2026-09-12 11:35:23,TKJ6683,40.069094,32.811043,,,,-24.5
2026-09-12 11:35:27,ETD2,40.284851,32.486755,130.91,516.1,37000,-25.8
2026-09-12 11:35:27,THY6NH,40.220306,32.526855,304.52,423.6,38000,-26.0
2026-09-12 11:35:27,PGT50FT,40.120377,32.584656,,,,-22.8
2026-09-12 11:35:27,TKJ6683,40.069094,32.811043,,,,-24.5
2026-09-12 11:35:53,ETD2,40.284851,32.486755,130.91,516.1,37000,-25.8
2026-09-12 11:35:53,THY6NH,40.220306,32.526855,304.52,423.6,38000,-26.0
2026-09-12 11:35:53,PGT50FT,40.120377,32.584656,,,,-22.8
2026-09-12 11:35:53,TKJ6683,40.069094,32.811043,,,,-24.5
2026-09-12 11:35:57,ETD2,40.284851,32.486755,130.91,516.1,37000,-25.8
2026-09-12 11:35:57,THY6NH,40.220306,32.526855,304.52,423.6,38000,-26.0
2026-09-12 11:35:57,PGT50FT,40.120377,32.584656,,,,-22.8
2026-09-12 11:35:57,TKJ6683,40.069094,32.811043,,,,-24.5
2026-09-12 11:36:23,ETD2,40.284851,32.486755,130.91,516.1,37000,-25.8
2026-09-12 11:36:23,THY6NH,40.220306,32.526855,304.52,423.6,38000,-26.0
2026-09-12 11:36:23,PGT50FT,40.120377,32.584656,,,,-22.8
2026-09-12 11:36:23,TKJ6683,40.069094,32.811043,,,,-24.5
2026-09-12 11:36:27,ETD2,40.284851,32.486755,130.91,516.1,37000,-25.8
2026-09-12 11:36:27,THY6NH,40.220306,32.526855,304.52,423.6,38000,-26.0
2026-09-12 11:36:27,PGT50FT,40.120377,32.584656,,,,-22.8
2026-09-12 11:36:27,TKJ6683,40.069094,32.811043,,,,-24.5
2026-09-12 11:36:53,ETD2,40.284851,32.486755,130.91,516.1,37000,-25.8
2026-09-12 11:36:53,THY6NH,40.220306,32.526855,304.52,423.6,38000,-26.0
2026-09-12 11:36:53,PGT50FT,40.120377,32.584656,,,,-22.8
2026-09-12 11:36:53,TKJ6683,40.069094,32.811043,,,,-24.5
2026-09-12 11:36:57,ETD2,40.284851,32.486755,130.91,516.1,37000,-25.8
2026-09-12 11:36:57,THY6NH,40.220306,32.526855,304.52,423.6,38000,-26.0
2026-09-12 11:36:57,PGT50FT,40.120377,32.584656,,,,-22.8
2026-09-12 11:36:57,TKJ6683,40.069094,32.811043,,,,-24.5
2026-09-12 11:37:24,ETD2,40.284851,32.486755,130.91,516.1,37000,-25.8
2026-09-12 11:37:24,THY6NH,40.220306,32.526855,304.52,423.6,38000,-26.0
2026-09-12 11:37:24,PGT50FT,40.120377,32.584656,,,,-22.8
2026-09-12 11:37:24,TKJ6683,40.069094,32.811043,,,,-24.5
2026-09-12 11:37:27,ETD2,40.284851,32.486755,130.91,516.1,37000,-25.8
2026-09-12 11:37:27,THY6NH,40.220306,32.526855,304.52,423.6,38000,-26.0
2026-09-12 11:37:27,PGT50FT,40.120377,32.584656,,,,-22.8
2026-09-12 11:37:27,TKJ6683,40.069094,32.811043,,,,-24.5
2026-09-12 11:37:54,ETD2,40.284851,32.486755,130.91,516.1,37000,-25.8
2026-09-12 11:37:54,THY6NH,40.220306,32.526855,304.52,423.6,38000,-26.0
2026-09-12 11:37:54,PGT50FT,40.120377,32.584656,,,,-22.8
2026-09-12 11:37:54,TKJ6683,40.069094,32.811043,,,,-24.5
2026-09-12 11:37:57,ETD2,40.284851,32.486755,130.91,516.1,37000,-25.8
2026-09-12 11:37:57,THY6NH,40.220306,32.526855,304.52,423.6,38000,-26.0
2026-09-12 11:37:57,PGT50FT,40.120377,32.584656,,,,-22.8
2026-09-12 11:37:57,TKJ6683,40.069094,32.811043,,,,-24.5
2026-09-12 11:38:24,ETD2,40.284851,32.486755,130.91,516.1,37000,-25.8
2026-09-12 11:38:24,THY6NH,40.220306,32.526855,304.52,423.6,38000,-26.0
2026-09-12 11:38:24,PGT50FT,40.120377,32.584656,,,,-22.8
2026-09-12 11:38:24,TKJ6683,40.069094,32.811043,,,,-24.5
2026-09-12 11:38:27,ETD2,40.284851,32.486755,130.91,516.1,37000,-25.8
2026-09-12 11:38:27,THY6NH,40.220306,32.526855,304.52,423.6,38000,-26.0
2026-09-12 11:38:27,PGT50FT,40.120377,32.584656,,,,-22.8
2026-09-12 11:38:27,TKJ6683,40.069094,32.811043,,,,-24.5
2026-09-12 11:38:54,ETD2,40.284851,32.486755,130.91,516.1,37000,-25.8
2026-09-12 11:38:54,THY6NH,40.220306,32.526855,304.52,423.6,38000,-26.0
2026-09-12 11:38:54,PGT50FT,40.120377,32.584656,,,,-22.8
2026-09-12 11:38:54,TKJ6683,40.069094,32.811043,,,,-24.5
2026-09-12 11:38:57,ETD2,40.284851,32.486755,130.91,516.1,37000,-25.8
2026-09-12 11:38:57,THY6NH,40.220306,32.526855,304.52,423.6,38000,-26.0
2026-09-12 11:38:57,PGT50FT,40.120377,32.584656,,,,-22.8
2026-09-12 11:38:57,TKJ6683,40.069094,32.811043,,,,-24.5
2026-09-12 11:39:24,ETD2,40.284851,32.486755,130.91,516.1,37000,-25.8
2026-09-12 11:39:24,THY6NH,40.220306,32.526855,304.52,423.6,38000,-26.0
2026-09-12 11:39:24,PGT50FT,40.120377,32.584656,,,,-22.8
2026-09-12 11:39:24,TKJ6683,40.069094,32.811043,,,,-24.5
2026-09-12 11:39:28,ETD2,40.284851,32.486755,130.91,516.1,37000,-25.8
2026-09-12 11:39:28,THY6NH,40.220306,32.526855,304.52,423.6,38000,-26.0
2026-09-12 11:39:28,PGT50FT,40.120377,32.584656,,,,-22.8
2026-09-12 11:39:28,TKJ6683,40.069094,32.811043,,,,-24.5
2026-09-12 11:39:54,ETD2,40.284851,32.486755,130.91,516.1,37000,-25.8
2026-09-12 11:39:54,THY6NH,40.220306,32.526855,304.52,423.6,38000,-26.0
2026-09-12 11:39:54,PGT50FT,40.120377,32.584656,,,,-22.8
2026-09-12 11:39:54,TKJ6683,40.069094,32.811043,,,,-24.5
2026-09-12 11:39:58,ETD2,40.284851,32.486755,130.91,516.1,37000,-25.8
2026-09-12 11:39:58,THY6NH,40.220306,32.526855,304.52,423.6,38000,-26.0
2026-09-12 11:39:58,PGT50FT,40.120377,32.584656,,,,-22.8
2026-09-12 11:39:58,TKJ6683,40.069094,32.811043,,,,-24.5
2026-09-12 11:40:24,ETD2,40.284851,32.486755,130.91,516.1,37000,-25.8
2026-09-12 11:40:24,THY6NH,40.220306,32.526855,304.52,423.6,38000,-26.0
2026-09-12 11:40:24,PGT50FT,40.120377,32.584656,,,,-22.8
2026-09-12 11:40:24,TKJ6683,40.069094,32.811043,,,,-24.5
2026-09-12 11:40:28,ETD2,40.284851,32.486755,130.91,516.1,37000,-25.8
2026-09-12 11:40:28,THY6NH,40.220306,32.526855,304.52,423.6,38000,-26.0
2026-09-12 11:40:28,PGT50FT,40.120377,32.584656,,,,-22.8
2026-09-12 11:40:28,TKJ6683,40.069094,32.811043,,,,-24.5
2026-09-12 11:40:54,ETD2,40.284851,32.486755,130.91,516.1,37000,-25.8
2026-09-12 11:40:54,THY6NH,40.220306,32.526855,304.52,423.6,38000,-26.0
2026-09-12 11:40:54,PGT50FT,40.120377,32.584656,,,,-22.8
2026-09-12 11:40:54,TKJ6683,40.069094,32.811043,,,,-24.5
2026-09-12 11:40:58,ETD2,40.284851,32.486755,130.91,516.1,37000,-25.8
2026-09-12 11:40:58,THY6NH,40.220306,32.526855,304.52,423.6,38000,-26.0
2026-09-12 11:40:58,PGT50FT,40.120377,32.584656,,,,-22.8
2026-09-12 11:40:58,TKJ6683,40.069094,32.811043,,,,-24.5
2026-09-12 11:41:24,ETD2,40.284851,32.486755,130.91,516.1,37000,-25.8
2026-09-12 11:41:24,THY6NH,40.220306,32.526855,304.52,423.6,38000,-26.0
2026-09-12 11:41:24,PGT50FT,40.120377,32.584656,,,,-22.8
2026-09-12 11:41:24,TKJ6683,40.069094,32.811043,,,,-24.5
2026-09-12 11:41:28,ETD2,40.284851,32.486755,130.91,516.1,37000,-25.8
2026-09-12 11:41:28,THY6NH,40.220306,32.526855,304.52,423.6,38000,-26.0
2026-09-12 11:41:28,PGT50FT,40.120377,32.584656,,,,-22.8
2026-09-12 11:41:28,TKJ6683,40.069094,32.811043,,,,-24.5
2026-09-12 11:41:54,ETD2,40.284851,32.486755,130.91,516.1,37000,-25.8
2026-09-12 11:41:54,THY6NH,40.220306,32.526855,304.52,423.6,38000,-26.0
2026-09-12 11:41:54,PGT50FT,40.120377,32.584656,,,,-22.8
2026-09-12 11:41:54,TKJ6683,40.069094,32.811043,,,,-24.5
2026-09-12 11:41:58,ETD2,40.284851,32.486755,130.91,516.1,37000,-25.8
2026-09-12 11:41:58,THY6NH,40.220306,32.526855,304.52,423.6,38000,-26.0
2026-09-12 11:41:58,PGT50FT,40.120377,32.584656,,,,-22.8
2026-09-12 11:41:58,TKJ6683,40.069094,32.811043,,,,-24.5
2026-09-12 11:42:24,ETD2,40.284851,32.486755,130.91,516.1,37000,-25.8
2026-09-12 11:42:24,THY6NH,40.220306,32.526855,304.52,423.6,38000,-26.0
2026-09-12 11:42:24,PGT50FT,40.120377,32.584656,,,,-22.8
2026-09-12 11:42:24,TKJ6683,40.069094,32.811043,,,,-24.5
2026-09-12 11:42:28,ETD2,40.284851,32.486755,130.91,516.1,37000,-25.8
2026-09-12 11:42:28,THY6NH,40.220306,32.526855,304.52,423.6,38000,-26.0
2026-09-12 11:42:28,PGT50FT,40.120377,32.584656,,,,-22.8
2026-09-12 11:42:28,TKJ6683,40.069094,32.811043,,,,-24.5
2026-09-12 11:42:54,ETD2,40.284851,32.486755,130.91,516.1,37000,-25.8
2026-09-12 11:42:54,THY6NH,40.220306,32.526855,304.52,423.6,38000,-26.0
2026-09-12 11:42:54,PGT50FT,40.120377,32.584656,,,,-22.8
2026-09-12 11:42:54,TKJ6683,40.069094,32.811043,,,,-24.5
2026-09-12 11:42:58,ETD2,40.284851,32.486755,130.91,516.1,37000,-25.8
2026-09-12 11:42:58,THY6NH,40.220306,32.526855,304.52,423.6,38000,-26.0
2026-09-12 11:42:58,PGT50FT,40.120377,32.584656,,,,-22.8
2026-09-12 11:42:58,TKJ6683,40.069094,32.811043,,,,-24.5
2026-09-12 11:43:24,ETD2,40.284851,32.486755,130.91,516.1,37000,-25.8
2026-09-12 11:43:24,THY6NH,40.220306,32.526855,304.52,423.6,38000,-26.0
2026-09-12 11:43:24,PGT50FT,40.120377,32.584656,,,,-22.8
2026-09-12 11:43:24,TKJ6683,40.069094,32.811043,,,,-24.5
2026-09-12 11:43:28,ETD2,40.284851,32.486755,130.91,516.1,37000,-25.8
2026-09-12 11:43:28,THY6NH,40.220306,32.526855,304.52,423.6,38000,-26.0
2026-09-12 11:43:28,PGT50FT,40.120377,32.584656,,,,-22.8
2026-09-12 11:43:28,TKJ6683,40.069094,32.811043,,,,-24.5
2026-09-12 11:43:55,ETD2,40.284851,32.486755,130.91,516.1,37000,-25.8
2026-09-12 11:43:55,THY6NH,40.220306,32.526855,304.52,423.6,38000,-26.0
2026-09-12 11:43:55,PGT50FT,40.120377,32.584656,,,,-22.8
2026-09-12 11:43:55,TKJ6683,40.069094,32.811043,,,,-24.5
2026-09-12 11:43:58,ETD2,40.284851,32.486755,130.91,516.1,37000,-25.8
2026-09-12 11:43:58,THY6NH,40.220306,32.526855,304.52,423.6,38000,-26.0
2026-09-12 11:43:58,PGT50FT,40.120377,32.584656,,,,-22.8
2026-09-12 11:43:58,TKJ6683,40.069094,32.811043,,,,-24.5
2026-09-12 11:44:25,ETD2,40.284851,32.486755,130.91,516.1,37000,-25.8
2026-09-12 11:44:25,THY6NH,40.220306,32.526855,304.52,423.6,38000,-26.0
2026-09-12 11:44:25,PGT50FT,40.120377,32.584656,,,,-22.8
2026-09-12 11:44:25,TKJ6683,40.069094,32.811043,,,,-24.5
2026-09-12 11:44:28,ETD2,40.284851,32.486755,130.91,516.1,37000,-25.8
2026-09-12 11:44:28,THY6NH,40.220306,32.526855,304.52,423.6,38000,-26.0
2026-09-12 11:44:28,PGT50FT,40.120377,32.584656,,,,-22.8
2026-09-12 11:44:28,TKJ6683,40.069094,32.811043,,,,-24.5
2026-09-12 11:44:55,ETD2,40.284851,32.486755,130.91,516.1,37000,-25.8
2026-09-12 11:44:55,THY6NH,40.220306,32.526855,304.52,423.6,38000,-26.0
2026-09-12 11:44:55,PGT50FT,40.120377,32.584656,,,,-22.8
2026-09-12 11:44:55,TKJ6683,40.069094,32.811043,,,,-24.5
2026-09-12 11:44:58,ETD2,40.284851,32.486755,130.91,516.1,37000,-25.8
2026-09-12 11:44:58,THY6NH,40.220306,32.526855,304.52,423.6,38000,-26.0
2026-09-12 11:44:58,PGT50FT,40.120377,32.584656,,,,-22.8
2026-09-12 11:44:58,TKJ6683,40.069094,32.811043,,,,-24.5
2026-09-12 11:45:25,ETD2,40.284851,32.486755,130.91,516.1,37000,-25.8
2026-09-12 11:45:25,THY6NH,40.220306,32.526855,304.52,423.6,38000,-26.0
2026-09-12 11:45:25,PGT50FT,40.120377,32.584656,,,,-22.8
2026-09-12 11:45:25,TKJ6683,40.069094,32.811043,,,,-24.5
2026-09-12 11:45:28,ETD2,40.284851,32.486755,130.91,516.1,37000,-25.8
2026-09-12 11:45:28,THY6NH,40.220306,32.526855,304.52,423.6,38000,-26.0
2026-09-12 11:45:28,PGT50FT,40.120377,32.584656,,,,-22.8
2026-09-12 11:45:28,TKJ6683,40.069094,32.811043,,,,-24.5
2026-09-12 11:45:55,ETD2,40.284851,32.486755,130.91,516.1,37000,-25.8
2026-09-12 11:45:55,THY6NH,40.220306,32.526855,304.52,423.6,38000,-26.0
2026-09-12 11:45:55,PGT50FT,40.120377,32.584656,,,,-22.8
2026-09-12 11:45:55,TKJ6683,40.069094,32.811043,,,,-24.5
2026-09-12 11:45:58,ETD2,40.284851,32.486755,130.91,516.1,37000,-25.8
2026-09-12 11:45:58,THY6NH,40.220306,32.526855,304.52,423.6,38000,-26.0
2026-09-12 11:45:58,PGT50FT,40.120377,32.584656,,,,-22.8
2026-09-12 11:45:58,TKJ6683,40.069094,32.811043,,,,-24.5
2026-09-12 11:46:25,ETD2,40.284851,32.486755,130.91,516.1,37000,-25.8
2026-09-12 11:46:25,THY6NH,40.220306,32.526855,304.52,423.6,38000,-26.0
2026-09-12 11:46:25,PGT50FT,40.120377,32.584656,,,,-22.8
2026-09-12 11:46:25,TKJ6683,40.069094,32.811043,,,,-24.5
2026-09-12 11:46:29,ETD2,40.284851,32.486755,130.91,516.1,37000,-25.8
2026-09-12 11:46:29,THY6NH,40.220306,32.526855,304.52,423.6,38000,-26.0
2026-09-12 11:46:29,PGT50FT,40.120377,32.584656,,,,-22.8
2026-09-12 11:46:29,TKJ6683,40.069094,32.811043,,,,-24.5
2026-09-12 11:46:56,ETD2,40.284851,32.486755,130.91,516.1,37000,-25.8
2026-09-12 11:46:56,THY6NH,40.220306,32.526855,304.52,423.6,38000,-26.0
2026-09-12 11:46:56,PGT50FT,40.120377,32.584656,,,,-22.8
2026-09-12 11:46:56,TKJ6683,40.069094,32.811043,,,,-24.5
2026-09-12 11:46:59,ETD2,40.284851,32.486755,130.91,516.1,37000,-25.8
2026-09-12 11:46:59,THY6NH,40.220306,32.526855,304.52,423.6,38000,-26.0
2026-09-12 11:46:59,PGT50FT,40.120377,32.584656,,,,-22.8
2026-09-12 11:46:59,TKJ6683,40.069094,32.811043,,,,-24.5
2026-09-12 11:47:26,ETD2,40.284851,32.486755,130.91,516.1,37000,-25.8
2026-09-12 11:47:26,THY6NH,40.220306,32.526855,304.52,423.6,38000,-26.0
2026-09-12 11:47:26,PGT50FT,40.120377,32.584656,,,,-22.8
2026-09-12 11:47:26,TKJ6683,40.069094,32.811043,,,,-24.5
2026-09-12 11:47:29,ETD2,40.284851,32.486755,130.91,516.1,37000,-25.8
2026-09-12 11:47:29,THY6NH,40.220306,32.526855,304.52,423.6,38000,-26.0
2026-09-12 11:47:29,PGT50FT,40.120377,32.584656,,,,-22.8
2026-09-12 11:47:29,TKJ6683,40.069094,32.811043,,,,-24.5
2026-09-12 11:47:56,ETD2,40.284851,32.486755,130.91,516.1,37000,-25.8
2026-09-12 11:47:56,THY6NH,40.220306,32.526855,304.52,423.6,38000,-26.0
2026-09-12 11:47:56,PGT50FT,40.120377,32.584656,,,,-22.8
2026-09-12 11:47:56,TKJ6683,40.069094,32.811043,,,,-24.5
2026-09-12 11:47:59,ETD2,40.284851,32.486755,130.91,516.1,37000,-25.8
2026-09-12 11:47:59,THY6NH,40.220306,32.526855,304.52,423.6,38000,-26.0
2026-09-12 11:47:59,PGT50FT,40.120377,32.584656,,,,-22.8
2026-09-12 11:47:59,TKJ6683,40.069094,32.811043,,,,-24.5
2026-09-12 11:48:26,ETD2,40.284851,32.486755,130.91,516.1,37000,-25.8
2026-09-12 11:48:26,THY6NH,40.220306,32.526855,304.52,423.6,38000,-26.0
2026-09-12 11:48:26,PGT50FT,40.120377,32.584656,,,,-22.8
2026-09-12 11:48:26,TKJ6683,40.069094,32.811043,,,,-24.5
2026-09-12 11:48:29,ETD2,40.284851,32.486755,130.91,516.1,37000,-25.8
2026-09-12 11:48:29,THY6NH,40.220306,32.526855,304.52,423.6,38000,-26.0
2026-09-12 11:48:29,PGT50FT,40.120377,32.584656,,,,-22.8
2026-09-12 11:48:29,TKJ6683,40.069094,32.811043,,,,-24.5
2026-09-12 11:48:56,ETD2,40.284851,32.486755,130.91,516.1,37000,-25.8
2026-09-12 11:48:56,THY6NH,40.220306,32.526855,304.52,423.6,38000,-26.0
2026-09-12 11:48:56,PGT50FT,40.120377,32.584656,,,,-22.8
2026-09-12 11:48:56,TKJ6683,40.069094,32.811043,,,,-24.5
2026-09-12 11:48:59,ETD2,40.284851,32.486755,130.91,516.1,37000,-25.8
2026-09-12 11:48:59,THY6NH,40.220306,32.526855,304.52,423.6,38000,-26.0
2026-09-12 11:48:59,PGT50FT,40.120377,32.584656,,,,-22.8
2026-09-12 11:48:59,TKJ6683,40.069094,32.811043,,,,-24.5
2026-09-12 11:49:26,ETD2,40.284851,32.486755,130.91,516.1,37000,-25.8
2026-09-12 11:49:26,THY6NH,40.220306,32.526855,304.52,423.6,38000,-26.0
2026-09-12 11:49:26,PGT50FT,40.120377,32.584656,,,,-22.8
2026-09-12 11:49:26,TKJ6683,40.069094,32.811043,,,,-24.5
2026-09-12 11:49:29,ETD2,40.284851,32.486755,130.91,516.1,37000,-25.8
2026-09-12 11:49:29,THY6NH,40.220306,32.526855,304.52,423.6,38000,-26.0
2026-09-12 11:49:29,PGT50FT,40.120377,32.584656,,,,-22.8
2026-09-12 11:49:29,TKJ6683,40.069094,32.811043,,,,-24.5
2026-09-12 11:49:56,ETD2,40.284851,32.486755,130.91,516.1,37000,-25.8
2026-09-12 11:49:56,THY6NH,40.220306,32.526855,304.52,423.6,38000,-26.0
2026-09-12 11:49:56,PGT50FT,40.120377,32.584656,,,,-22.8
2026-09-12 11:49:56,TKJ6683,40.069094,32.811043,,,,-24.5
2026-09-12 11:49:59,ETD2,40.284851,32.486755,130.91,516.1,37000,-25.8
2026-09-12 11:49:59,THY6NH,40.220306,32.526855,304.52,423.6,38000,-26.0
2026-09-12 11:49:59,PGT50FT,40.120377,32.584656,,,,-22.8
2026-09-12 11:49:59,TKJ6683,40.069094,32.811043,,,,-24.5
2026-09-12 11:50:26,ETD2,40.284851,32.486755,130.91,516.1,37000,-25.8
2026-09-12 11:50:26,THY6NH,40.220306,32.526855,304.52,423.6,38000,-26.0
2026-09-12 11:50:26,PGT50FT,40.120377,32.584656,,,,-22.8
2026-09-12 11:50:26,TKJ6683,40.069094,32.811043,,,,-24.5
2026-09-12 11:50:29,ETD2,40.284851,32.486755,130.91,516.1,37000,-25.8
2026-09-12 11:50:29,THY6NH,40.220306,32.526855,304.52,423.6,38000,-26.0
2026-09-12 11:50:29,PGT50FT,40.120377,32.584656,,,,-22.8
2026-09-12 11:50:29,TKJ6683,40.069094,32.811043,,,,-24.5
2026-09-12 11:50:56,ETD2,40.284851,32.486755,130.91,516.1,37000,-25.8
2026-09-12 11:50:56,THY6NH,40.220306,32.526855,304.52,423.6,38000,-26.0
2026-09-12 11:50:56,PGT50FT,40.120377,32.584656,,,,-22.8
2026-09-12 11:50:56,TKJ6683,40.069094,32.811043,,,,-24.5
2026-09-12 11:50:59,ETD2,40.284851,32.486755,130.91,516.1,37000,-25.8
2026-09-12 11:50:59,THY6NH,40.220306,32.526855,304.52,423.6,38000,-26.0
2026-09-12 11:50:59,PGT50FT,40.120377,32.584656,,,,-22.8
2026-09-12 11:50:59,TKJ6683,40.069094,32.811043,,,,-24.5
2026-09-12 11:51:26,ETD2,40.284851,32.486755,130.91,516.1,37000,-25.8
2026-09-12 11:51:26,THY6NH,40.220306,32.526855,304.52,423.6,38000,-26.0
2026-09-12 11:51:26,PGT50FT,40.120377,32.584656,,,,-22.8
2026-09-12 11:51:26,TKJ6683,40.069094,32.811043,,,,-24.5
2026-09-12 11:51:29,ETD2,40.284851,32.486755,130.91,516.1,37000,-25.8
2026-09-12 11:51:29,THY6NH,40.220306,32.526855,304.52,423.6,38000,-26.0
2026-09-12 11:51:29,PGT50FT,40.120377,32.584656,,,,-22.8
2026-09-12 11:51:29,TKJ6683,40.069094,32.811043,,,,-24.5
2026-09-12 11:51:56,ETD2,40.284851,32.486755,130.91,516.1,37000,-25.8
2026-09-12 11:51:56,THY6NH,40.220306,32.526855,304.52,423.6,38000,-26.0
2026-09-12 11:51:56,PGT50FT,40.120377,32.584656,,,,-22.8
2026-09-12 11:51:56,TKJ6683,40.069094,32.811043,,,,-24.5
2026-09-12 11:51:59,ETD2,40.284851,32.486755,130.91,516.1,37000,-25.8
2026-09-12 11:51:59,THY6NH,40.220306,32.526855,304.52,423.6,38000,-26.0
2026-09-12 11:51:59,PGT50FT,40.120377,32.584656,,,,-22.8
2026-09-12 11:51:59,TKJ6683,40.069094,32.811043,,,,-24.5
2026-09-12 11:52:26,ETD2,40.284851,32.486755,130.91,516.1,37000,-25.8
2026-09-12 11:52:26,THY6NH,40.220306,32.526855,304.52,423.6,38000,-26.0
2026-09-12 11:52:26,PGT50FT,40.120377,32.584656,,,,-22.8
2026-09-12 11:52:26,TKJ6683,40.069094,32.811043,,,,-24.5
2026-09-12 11:52:29,ETD2,40.284851,32.486755,130.91,516.1,37000,-25.8
2026-09-12 11:52:29,THY6NH,40.220306,32.526855,304.52,423.6,38000,-26.0
2026-09-12 11:52:29,PGT50FT,40.120377,32.584656,,,,-22.8
2026-09-12 11:52:29,TKJ6683,40.069094,32.811043,,,,-24.5
2026-09-12 11:52:56,ETD2,40.284851,32.486755,130.91,516.1,37000,-25.8
2026-09-12 11:52:56,THY6NH,40.220306,32.526855,304.52,423.6,38000,-26.0
2026-09-12 11:52:56,PGT50FT,40.120377,32.584656,,,,-22.8
2026-09-12 11:52:56,TKJ6683,40.069094,32.811043,,,,-24.5
2026-09-12 11:52:59,ETD2,40.284851,32.486755,130.91,516.1,37000,-25.8
2026-09-12 11:52:59,THY6NH,40.220306,32.526855,304.52,423.6,38000,-26.0
2026-09-12 11:52:59,PGT50FT,40.120377,32.584656,,,,-22.8
2026-09-12 11:52:59,TKJ6683,40.069094,32.811043,,,,-24.5
2026-09-12 11:53:26,ETD2,40.284851,32.486755,130.91,516.1,37000,-25.8
2026-09-12 11:53:26,THY6NH,40.220306,32.526855,304.52,423.6,38000,-26.0
2026-09-12 11:53:26,PGT50FT,40.120377,32.584656,,,,-22.8
2026-09-12 11:53:26,TKJ6683,40.069094,32.811043,,,,-24.5
2026-09-12 11:53:29,ETD2,40.284851,32.486755,130.91,516.1,37000,-25.8
2026-09-12 11:53:29,THY6NH,40.220306,32.526855,304.52,423.6,38000,-26.0
2026-09-12 11:53:29,PGT50FT,40.120377,32.584656,,,,-22.8
2026-09-12 11:53:29,TKJ6683,40.069094,32.811043,,,,-24.5
2026-09-12 11:53:57,ETD2,40.284851,32.486755,130.91,516.1,37000,-25.8
2026-09-12 11:53:57,THY6NH,40.220306,32.526855,304.52,423.6,38000,-26.0
2026-09-12 11:53:57,PGT50FT,40.120377,32.584656,,,,-22.8
2026-09-12 11:53:57,TKJ6683,40.069094,32.811043,,,,-24.5
2026-09-12 11:54:00,ETD2,40.284851,32.486755,130.91,516.1,37000,-25.8
2026-09-12 11:54:00,THY6NH,40.220306,32.526855,304.52,423.6,38000,-26.0
2026-09-12 11:54:00,PGT50FT,40.120377,32.584656,,,,-22.8
2026-09-12 11:54:00,TKJ6683,40.069094,32.811043,,,,-24.5
2026-09-12 11:54:27,ETD2,40.284851,32.486755,130.91,516.1,37000,-25.8
2026-09-12 11:54:27,THY6NH,40.220306,32.526855,304.52,423.6,38000,-26.0
2026-09-12 11:54:27,PGT50FT,40.120377,32.584656,,,,-22.8
2026-09-12 11:54:27,TKJ6683,40.069094,32.811043,,,,-24.5
2026-09-12 11:54:30,ETD2,40.284851,32.486755,130.91,516.1,37000,-25.8
2026-09-12 11:54:30,THY6NH,40.220306,32.526855,304.52,423.6,38000,-26.0
2026-09-12 11:54:30,PGT50FT,40.120377,32.584656,,,,-22.8
2026-09-12 11:54:30,TKJ6683,40.069094,32.811043,,,,-24.5
2026-09-12 11:54:57,ETD2,40.284851,32.486755,130.91,516.1,37000,-25.8
2026-09-12 11:54:57,THY6NH,40.220306,32.526855,304.52,423.6,38000,-26.0
2026-09-12 11:54:57,PGT50FT,40.120377,32.584656,,,,-22.8
2026-09-12 11:54:57,TKJ6683,40.069094,32.811043,,,,-24.5
2026-09-12 11:55:00,ETD2,40.284851,32.486755,130.91,516.1,37000,-25.8
2026-09-12 11:55:00,THY6NH,40.220306,32.526855,304.52,423.6,38000,-26.0
2026-09-12 11:55:00,PGT50FT,40.120377,32.584656,,,,-22.8
2026-09-12 11:55:00,TKJ6683,40.069094,32.811043,,,,-24.5
2026-09-12 11:55:27,ETD2,40.284851,32.486755,130.91,516.1,37000,-25.8
2026-09-12 11:55:27,THY6NH,40.220306,32.526855,304.52,423.6,38000,-26.0
2026-09-12 11:55:27,PGT50FT,40.120377,32.584656,,,,-22.8
2026-09-12 11:55:27,TKJ6683,40.069094,32.811043,,,,-24.5
2026-09-12 11:55:30,ETD2,40.284851,32.486755,130.91,516.1,37000,-25.8
2026-09-12 11:55:30,THY6NH,40.220306,32.526855,304.52,423.6,38000,-26.0
2026-09-12 11:55:30,PGT50FT,40.120377,32.584656,,,,-22.8
2026-09-12 11:55:30,TKJ6683,40.069094,32.811043,,,,-24.5
2026-09-12 11:55:57,ETD2,40.284851,32.486755,130.91,516.1,37000,-25.8
2026-09-12 11:55:57,THY6NH,40.220306,32.526855,304.52,423.6,38000,-26.0
2026-09-12 11:55:57,PGT50FT,40.120377,32.584656,,,,-22.8
2026-09-12 11:55:57,TKJ6683,40.069094,32.811043,,,,-24.5
2026-09-12 11:56:00,ETD2,40.284851,32.486755,130.91,516.1,37000,-25.8
2026-09-12 11:56:00,THY6NH,40.220306,32.526855,304.52,423.6,38000,-26.0
2026-09-12 11:56:00,PGT50FT,40.120377,32.584656,,,,-22.8
2026-09-12 11:56:00,TKJ6683,40.069094,32.811043,,,,-24.5
2026-09-12 11:56:27,ETD2,40.284851,32.486755,130.91,516.1,37000,-25.8
2026-09-12 11:56:27,THY6NH,40.220306,32.526855,304.52,423.6,38000,-26.0
2026-09-12 11:56:27,PGT50FT,40.120377,32.584656,,,,-22.8
2026-09-12 11:56:27,TKJ6683,40.069094,32.811043,,,,-24.5
2026-09-12 11:56:30,ETD2,40.284851,32.486755,130.91,516.1,37000,-25.8
2026-09-12 11:56:30,THY6NH,40.220306,32.526855,304.52,423.6,38000,-26.0
2026-09-12 11:56:30,PGT50FT,40.120377,32.584656,,,,-22.8
2026-09-12 11:56:30,TKJ6683,40.069094,32.811043,,,,-24.5
2026-09-12 11:56:57,ETD2,40.284851,32.486755,130.91,516.1,37000,-25.8
2026-09-12 11:56:57,THY6NH,40.220306,32.526855,304.52,423.6,38000,-26.0
2026-09-12 11:56:57,PGT50FT,40.120377,32.584656,,,,-22.8
2026-09-12 11:56:57,TKJ6683,40.069094,32.811043,,,,-24.5
2026-09-12 11:57:00,ETD2,40.284851,32.486755,130.91,516.1,37000,-25.8
2026-09-12 11:57:00,THY6NH,40.220306,32.526855,304.52,423.6,38000,-26.0
2026-09-12 11:57:00,PGT50FT,40.120377,32.584656,,,,-22.8
2026-09-12 11:57:00,TKJ6683,40.069094,32.811043,,,,-24.5
2026-09-12 11:57:27,ETD2,40.284851,32.486755,130.91,516.1,37000,-25.8
2026-09-12 11:57:27,THY6NH,40.220306,32.526855,304.52,423.6,38000,-26.0
2026-09-12 11:57:27,PGT50FT,40.120377,32.584656,,,,-22.8
2026-09-12 11:57:27,TKJ6683,40.069094,32.811043,,,,-24.5
2026-09-12 11:57:30,ETD2,40.284851,32.486755,130.91,516.1,37000,-25.8
2026-09-12 11:57:30,THY6NH,40.220306,32.526855,304.52,423.6,38000,-26.0
2026-09-12 11:57:30,PGT50FT,40.120377,32.584656,,,,-22.8
2026-09-12 11:57:30,TKJ6683,40.069094,32.811043,,,,-24.5
2026-09-12 11:57:57,ETD2,40.284851,32.486755,130.91,516.1,37000,-25.8
2026-09-12 11:57:57,THY6NH,40.220306,32.526855,304.52,423.6,38000,-26.0
2026-09-12 11:57:57,PGT50FT,40.120377,32.584656,,,,-22.8
2026-09-12 11:57:57,TKJ6683,40.069094,32.811043,,,,-24.5
2026-09-12 11:58:00,ETD2,40.284851,32.486755,130.91,516.1,37000,-25.8
2026-09-12 11:58:00,THY6NH,40.220306,32.526855,304.52,423.6,38000,-26.0
2026-09-12 11:58:00,PGT50FT,40.120377,32.584656,,,,-22.8
2026-09-12 11:58:00,TKJ6683,40.069094,32.811043,,,,-24.5
2026-09-12 11:58:27,ETD2,40.284851,32.486755,130.91,516.1,37000,-25.8
2026-09-12 11:58:27,THY6NH,40.220306,32.526855,304.52,423.6,38000,-26.0
2026-09-12 11:58:27,PGT50FT,40.120377,32.584656,,,,-22.8
2026-09-12 11:58:27,TKJ6683,40.069094,32.811043,,,,-24.5
2026-09-12 11:58:30,ETD2,40.284851,32.486755,130.91,516.1,37000,-25.8
2026-09-12 11:58:30,THY6NH,40.220306,32.526855,304.52,423.6,38000,-26.0
2026-09-12 11:58:30,PGT50FT,40.120377,32.584656,,,,-22.8
2026-09-12 11:58:30,TKJ6683,40.069094,32.811043,,,,-24.5
2026-09-12 11:58:57,ETD2,40.284851,32.486755,130.91,516.1,37000,-25.8
2026-09-12 11:58:57,THY6NH,40.220306,32.526855,304.52,423.6,38000,-26.0
2026-09-12 11:58:57,PGT50FT,40.120377,32.584656,,,,-22.8
2026-09-12 11:58:57,TKJ6683,40.069094,32.811043,,,,-24.5
2026-09-12 11:59:00,ETD2,40.284851,32.486755,130.91,516.1,37000,-25.8
2026-09-12 11:59:00,THY6NH,40.220306,32.526855,304.52,423.6,38000,-26.0
2026-09-12 11:59:00,PGT50FT,40.120377,32.584656,,,,-22.8
2026-09-12 11:59:00,TKJ6683,40.069094,32.811043,,,,-24.5
2026-09-12 11:59:27,ETD2,40.284851,32.486755,130.91,516.1,37000,-25.8
2026-09-12 11:59:27,THY6NH,40.220306,32.526855,304.52,423.6,38000,-26.0
2026-09-12 11:59:27,PGT50FT,40.120377,32.584656,,,,-22.8
2026-09-12 11:59:27,TKJ6683,40.069094,32.811043,,,,-24.5
2026-09-12 11:59:30,ETD2,40.284851,32.486755,130.91,516.1,37000,-25.8
2026-09-12 11:59:30,THY6NH,40.220306,32.526855,304.52,423.6,38000,-26.0
2026-09-12 11:59:30,PGT50FT,40.120377,32.584656,,,,-22.8
2026-09-12 11:59:30,TKJ6683,40.069094,32.811043,,,,-24.5
2026-09-12 12:00:00,ETD2,40.284851,32.486755,130.91,516.1,37000,-25.8
2026-09-12 12:00:00,THY6NH,40.220306,32.526855,304.52,423.6,38000,-26.0
2026-09-12 12:00:00,PGT50FT,40.120377,32.584656,,,,-22.8
2026-09-12 12:00:00,TKJ6683,40.069094,32.811043,,,,-24.5
2026-09-12 17:49:06,ETD2,40.284851,32.486755,130.91,516.1,37000,-25.8
2026-09-12 17:49:06,THY6NH,40.220306,32.526855,304.52,423.6,38000,-26.0
2026-09-12 17:49:06,PGT50FT,40.120377,32.584656,,,,-22.8
2026-09-12 17:49:06,TKJ6683,40.069094,32.811043,,,,-24.5
2026-09-12 17:49:36,ETD2,40.284851,32.486755,130.91,516.1,37000,-25.8
2026-09-12 17:49:36,THY6NH,40.220306,32.526855,304.52,423.6,38000,-26.0
2026-09-12 17:49:36,PGT50FT,40.120377,32.584656,,,,-22.8
2026-09-12 17:49:36,TKJ6683,40.069094,32.811043,,,,-24.5
2026-09-12 17:50:06,ETD2,40.284851,32.486755,130.91,516.1,37000,-25.8
2026-09-12 17:50:06,THY6NH,40.220306,32.526855,304.52,423.6,38000,-26.0
2026-09-12 17:50:06,PGT50FT,40.120377,32.584656,,,,-22.8
2026-09-12 17:50:06,TKJ6683,40.069094,32.811043,,,,-24.5
2026-09-12 17:50:36,ETD2,40.284851,32.486755,130.91,516.1,37000,-25.8
2026-09-12 17:50:36,THY6NH,40.220306,32.526855,304.52,423.6,38000,-26.0
2026-09-12 17:50:36,PGT50FT,40.120377,32.584656,,,,-22.8
2026-09-12 17:50:36,TKJ6683,40.069094,32.811043,,,,-24.5
2026-09-12 17:51:06,ETD2,40.284851,32.486755,130.91,516.1,37000,-25.8
2026-09-12 17:51:06,THY6NH,40.220306,32.526855,304.52,423.6,38000,-26.0
2026-09-12 17:51:06,PGT50FT,40.120377,32.584656,,,,-22.8
2026-09-12 17:51:06,TKJ6683,40.069094,32.811043,,,,-24.5
2026-09-12 17:51:36,ETD2,40.284851,32.486755,130.91,516.1,37000,-25.8
2026-09-12 17:51:36,THY6NH,40.220306,32.526855,304.52,423.6,38000,-26.0
2026-09-12 17:51:36,PGT50FT,40.120377,32.584656,,,,-22.8
2026-09-12 17:51:36,TKJ6683,40.069094,32.811043,,,,-24.5
2026-09-12 17:52:07,ETD2,40.284851,32.486755,130.91,516.1,37000,-25.8
2026-09-12 17:52:07,THY6NH,40.220306,32.526855,304.52,423.6,38000,-26.0
2026-09-12 17:52:07,PGT50FT,40.120377,32.584656,,,,-22.8
2026-09-12 17:52:07,TKJ6683,40.069094,32.811043,,,,-24.5
2026-09-12 17:52:37,ETD2,40.284851,32.486755,130.91,516.1,37000,-25.8
2026-09-12 17:52:37,THY6NH,40.220306,32.526855,304.52,423.6,38000,-26.0
2026-09-12 17:52:37,PGT50FT,40.120377,32.584656,,,,-22.8
2026-09-12 17:52:37,TKJ6683,40.069094,32.811043,,,,-24.5
2026-09-12 17:53:07,ETD2,40.284851,32.486755,130.91,516.1,37000,-25.8
2026-09-12 17:53:07,THY6NH,40.220306,32.526855,304.52,423.6,38000,-26.0
2026-09-12 17:53:07,PGT50FT,40.120377,32.584656,,,,-22.8
2026-09-12 17:53:07,TKJ6683,40.069094,32.811043,,,,-24.5
2026-09-12 17:53:37,ETD2,40.284851,32.486755,130.91,516.1,37000,-25.8
2026-09-12 17:53:37,THY6NH,40.220306,32.526855,304.52,423.6,38000,-26.0
2026-09-12 17:53:37,PGT50FT,40.120377,32.584656,,,,-22.8
2026-09-12 17:53:37,TKJ6683,40.069094,32.811043,,,,-24.5
2026-09-12 17:54:07,ETD2,40.284851,32.486755,130.91,516.1,37000,-25.8
2026-09-12 17:54:07,THY6NH,40.220306,32.526855,304.52,423.6,38000,-26.0
2026-09-12 17:54:07,PGT50FT,40.120377,32.584656,,,,-22.8
2026-09-12 17:54:07,TKJ6683,40.069094,32.811043,,,,-24.5
2026-09-12 17:54:37,ETD2,40.284851,32.486755,130.91,516.1,37000,-25.8
2026-09-12 17:54:37,THY6NH,40.220306,32.526855,304.52,423.6,38000,-26.0
2026-09-12 17:54:37,PGT50FT,40.120377,32.584656,,,,-22.8
2026-09-12 17:54:37,TKJ6683,40.069094,32.811043,,,,-24.5
2026-09-12 17:55:07,ETD2,40.284851,32.486755,130.91,516.1,37000,-25.8
2026-09-12 17:55:07,THY6NH,40.220306,32.526855,304.52,423.6,38000,-26.0
2026-09-12 17:55:07,PGT50FT,40.120377,32.584656,,,,-22.8
2026-09-12 17:55:07,TKJ6683,40.069094,32.811043,,,,-24.5
2026-09-12 17:55:37,ETD2,40.284851,32.486755,130.91,516.1,37000,-25.8
2026-09-12 17:55:37,THY6NH,40.220306,32.526855,304.52,423.6,38000,-26.0
2026-09-12 17:55:37,PGT50FT,40.120377,32.584656,,,,-22.8
2026-09-12 17:55:37,TKJ6683,40.069094,32.811043,,,,-24.5
2026-09-12 17:56:07,ETD2,40.284851,32.486755,130.91,516.1,37000,-25.8
2026-09-12 17:56:07,THY6NH,40.220306,32.526855,304.52,423.6,38000,-26.0
2026-09-12 17:56:07,PGT50FT,40.120377,32.584656,,,,-22.8
2026-09-12 17:56:07,TKJ6683,40.069094,32.811043,,,,-24.5
2026-09-12 17:56:37,ETD2,40.284851,32.486755,130.91,516.1,37000,-25.8
2026-09-12 17:56:37,THY6NH,40.220306,32.526855,304.52,423.6,38000,-26.0
2026-09-12 17:56:37,PGT50FT,40.120377,32.584656,,,,-22.8
2026-09-12 17:56:37,TKJ6683,40.069094,32.811043,,,,-24.5
2026-09-12 17:57:08,ETD2,40.284851,32.486755,130.91,516.1,37000,-25.8
2026-09-12 17:57:08,THY6NH,40.220306,32.526855,304.52,423.6,38000,-26.0
2026-09-12 17:57:08,PGT50FT,40.120377,32.584656,,,,-22.8
2026-09-12 17:57:08,TKJ6683,40.069094,32.811043,,,,-24.5
2026-09-12 17:57:38,ETD2,40.284851,32.486755,130.91,516.1,37000,-25.8
2026-09-12 17:57:38,THY6NH,40.220306,32.526855,304.52,423.6,38000,-26.0
2026-09-12 17:57:38,PGT50FT,40.120377,32.584656,,,,-22.8
2026-09-12 17:57:38,TKJ6683,40.069094,32.811043,,,,-24.5
2026-09-12 17:58:08,ETD2,40.284851,32.486755,130.91,516.1,37000,-25.8
2026-09-12 17:58:08,THY6NH,40.220306,32.526855,304.52,423.6,38000,-26.0
2026-09-12 17:58:08,PGT50FT,40.120377,32.584656,,,,-22.8
2026-09-12 17:58:08,TKJ6683,40.069094,32.811043,,,,-24.5
2026-09-12 17:58:38,ETD2,40.284851,32.486755,130.91,516.1,37000,-25.8
2026-09-12 17:58:38,THY6NH,40.220306,32.526855,304.52,423.6,38000,-26.0
2026-09-12 17:58:38,PGT50FT,40.120377,32.584656,,,,-22.8
2026-09-12 17:58:38,TKJ6683,40.069094,32.811043,,,,-24.5
2026-09-12 17:59:08,ETD2,40.284851,32.486755,130.91,516.1,37000,-25.8
2026-09-12 17:59:08,THY6NH,40.220306,32.526855,304.52,423.6,38000,-26.0
2026-09-12 17:59:08,PGT50FT,40.120377,32.584656,,,,-22.8
2026-09-12 17:59:08,TKJ6683,40.069094,32.811043,,,,-24.5
2026-09-12 17:59:38,ETD2,40.284851,32.486755,130.91,516.1,37000,-25.8
2026-09-12 17:59:38,THY6NH,40.220306,32.526855,304.52,423.6,38000,-26.0
2026-09-12 17:59:38,PGT50FT,40.120377,32.584656,,,,-22.8
2026-09-12 17:59:38,TKJ6683,40.069094,32.811043,,,,-24.5
2026-09-12 18:00:09,ETD2,40.284851,32.486755,130.91,516.1,37000,-25.8
2026-09-12 18:00:09,THY6NH,40.220306,32.526855,304.52,423.6,38000,-26.0
2026-09-12 18:00:09,PGT50FT,40.120377,32.584656,,,,-22.8
2026-09-12 18:00:09,TKJ6683,40.069094,32.811043,,,,-24.5
2026-09-12 18:00:39,ETD2,40.284851,32.486755,130.91,516.1,37000,-25.8
2026-09-12 18:00:39,THY6NH,40.220306,32.526855,304.52,423.6,38000,-26.0
2026-09-12 18:00:39,PGT50FT,40.120377,32.584656,,,,-22.8
2026-09-12 18:00:39,TKJ6683,40.069094,32.811043,,,,-24.5
2026-09-12 18:01:09,ETD2,40.284851,32.486755,130.91,516.1,37000,-25.8
2026-09-12 18:01:09,THY6NH,40.220306,32.526855,304.52,423.6,38000,-26.0
2026-09-12 18:01:09,PGT50FT,40.120377,32.584656,,,,-22.8
2026-09-12 18:01:09,TKJ6683,40.069094,32.811043,,,,-24.5
2026-09-12 18:01:39,ETD2,40.284851,32.486755,130.91,516.1,37000,-25.8
2026-09-12 18:01:39,THY6NH,40.220306,32.526855,304.52,423.6,38000,-26.0
2026-09-12 18:01:39,PGT50FT,40.120377,32.584656,,,,-22.8
2026-09-12 18:01:39,TKJ6683,40.069094,32.811043,,,,-24.5
2026-09-12 18:02:09,ETD2,40.284851,32.486755,130.91,516.1,37000,-25.8
2026-09-12 18:02:09,THY6NH,40.220306,32.526855,304.52,423.6,38000,-26.0
2026-09-12 18:02:09,PGT50FT,40.120377,32.584656,,,,-22.8
2026-09-12 18:02:09,TKJ6683,40.069094,32.811043,,,,-24.5
2026-09-12 18:02:39,ETD2,40.284851,32.486755,130.91,516.1,37000,-25.8
2026-09-12 18:02:39,THY6NH,40.220306,32.526855,304.52,423.6,38000,-26.0
2026-09-12 18:02:39,PGT50FT,40.120377,32.584656,,,,-22.8
2026-09-12 18:02:39,TKJ6683,40.069094,32.811043,,,,-24.5
2026-09-12 18:03:09,ETD2,40.284851,32.486755,130.91,516.1,37000,-25.8
2026-09-12 18:03:09,THY6NH,40.220306,32.526855,304.52,423.6,38000,-26.0
2026-09-12 18:03:09,PGT50FT,40.120377,32.584656,,,,-22.8
2026-09-12 18:03:09,TKJ6683,40.069094,32.811043,,,,-24.5
2026-09-12 18:03:39,ETD2,40.284851,32.486755,130.91,516.1,37000,-25.8
2026-09-12 18:03:39,THY6NH,40.220306,32.526855,304.52,423.6,38000,-26.0
2026-09-12 18:03:39,PGT50FT,40.120377,32.584656,,,,-22.8
2026-09-12 18:03:39,TKJ6683,40.069094,32.811043,,,,-24.5
2026-09-12 18:04:09,ETD2,40.284851,32.486755,130.91,516.1,37000,-25.8
2026-09-12 18:04:09,THY6NH,40.220306,32.526855,304.52,423.6,38000,-26.0
2026-09-12 18:04:09,PGT50FT,40.120377,32.584656,,,,-22.8
2026-09-12 18:04:09,TKJ6683,40.069094,32.811043,,,,-24.5
2026-09-12 18:04:39,ETD2,40.284851,32.486755,130.91,516.1,37000,-25.8
2026-09-12 18:04:39,THY6NH,40.220306,32.526855,304.52,423.6,38000,-26.0
2026-09-12 18:04:39,PGT50FT,40.120377,32.584656,,,,-22.8
2026-09-12 18:04:39,TKJ6683,40.069094,32.811043,,,,-24.5
2026-09-12 18:05:09,ETD2,40.284851,32.486755,130.91,516.1,37000,-25.8
2026-09-12 18:05:09,THY6NH,40.220306,32.526855,304.52,423.6,38000,-26.0
2026-09-12 18:05:09,PGT50FT,40.120377,32.584656,,,,-22.8
2026-09-12 18:05:09,TKJ6683,40.069094,32.811043,,,,-24.5
2026-09-12 18:05:40,ETD2,40.284851,32.486755,130.91,516.1,37000,-25.8
2026-09-12 18:05:40,THY6NH,40.220306,32.526855,304.52,423.6,38000,-26.0
2026-09-12 18:05:40,PGT50FT,40.120377,32.584656,,,,-22.8
2026-09-12 18:05:40,TKJ6683,40.069094,32.811043,,,,-24.5
2026-09-12 18:06:10,ETD2,40.284851,32.486755,130.91,516.1,37000,-25.8
2026-09-12 18:06:10,THY6NH,40.220306,32.526855,304.52,423.6,38000,-26.0
2026-09-12 18:06:10,PGT50FT,40.120377,32.584656,,,,-22.8
2026-09-12 18:06:10,TKJ6683,40.069094,32.811043,,,,-24.5
